# This file uses centimeters as units for non-parametric coordinates.

mtllib aa.mtl
g default
v 16.108522 -28.637756 -25.210510
v 16.933884 -28.637756 -26.581743
v 16.108522 -16.227774 -25.210510
v 16.933884 -16.227774 -26.581743
v 14.737284 -16.227774 -26.035873
v 15.562645 -16.227774 -27.407106
v 14.737284 -28.637756 -26.035873
v 15.562645 -28.637756 -27.407106
vt 0.099819 0.940877
vt 0.102132 0.940877
vt 0.102132 0.961814
vt 0.099819 0.961814
vt 0.734926 0.989715
vt 0.737239 0.988322
vt 0.738632 0.990635
vt 0.736318 0.992028
vt 0.093786 0.961844
vt 0.091472 0.961844
vt 0.091472 0.940907
vt 0.093786 0.940907
vt 0.725187 0.990638
vt 0.726579 0.988324
vt 0.728893 0.989717
vt 0.727500 0.992030
vt 0.103525 0.940877
vt 0.103525 0.961814
vt 0.101211 0.940877
vt 0.101211 0.961814
vn 0.856769 0.000000 0.515700
vn 0.856769 0.000000 0.515700
vn 0.856769 0.000000 0.515700
vn 0.856769 0.000000 0.515700
vn 0.000000 1.000000 0.000000
vn 0.000000 1.000000 0.000000
vn 0.000000 1.000000 0.000000
vn 0.000000 1.000000 0.000000
vn -0.856769 0.000000 -0.515700
vn -0.856769 0.000000 -0.515700
vn -0.856769 0.000000 -0.515700
vn -0.856769 0.000000 -0.515700
vn 0.000000 -1.000000 0.000000
vn 0.000000 -1.000000 0.000000
vn 0.000000 -1.000000 0.000000
vn 0.000000 -1.000000 0.000000
vn 0.515699 0.000000 -0.856770
vn 0.515699 0.000000 -0.856770
vn 0.515699 0.000000 -0.856770
vn 0.515699 0.000000 -0.856770
vn -0.515699 0.000000 0.856770
vn -0.515699 0.000000 0.856770
vn -0.515699 0.000000 0.856770
vn -0.515699 0.000000 0.856770
s off
g polySurface94 pCube35
usemtl initialShadingGroup
f 1/1/1 2/2/2 4/3/3 3/4/4
f 3/5/5 4/6/6 6/7/7 5/8/8
f 5/9/9 6/10/10 8/11/11 7/12/12
f 7/13/13 8/14/14 2/15/15 1/16/16
f 2/2/17 8/17/18 6/18/19 4/3/20
f 7/19/21 1/1/22 3/4/23 5/20/24
g default
v 29.906754 -28.637756 0.800237
v 31.507221 -28.637756 0.800237
v 29.906754 -16.227774 0.800237
v 31.507221 -16.227774 0.800237
v 29.906754 -16.227774 -0.800237
v 31.507221 -16.227774 -0.800237
v 29.906754 -28.637756 -0.800237
v 31.507221 -28.637756 -0.800237
vt 0.082739 0.940907
vt 0.085439 0.940907
vt 0.085439 0.961844
vt 0.082739 0.961844
vt 0.521895 0.995563
vt 0.521895 0.992863
vt 0.524595 0.992863
vt 0.524595 0.995563
vt 0.074005 0.940907
vt 0.076706 0.940907
vt 0.076706 0.961844
vt 0.074005 0.961844
vt 0.513161 0.992863
vt 0.515862 0.992863
vt 0.515862 0.995563
vt 0.513161 0.995563
vt 0.065272 0.940907
vt 0.067972 0.940907
vt 0.067972 0.961844
vt 0.065272 0.961844
vt 0.056539 0.940959
vt 0.059239 0.940959
vt 0.059239 0.961896
vt 0.056539 0.961896
vn 0.000000 0.000000 1.000000
vn 0.000000 0.000000 1.000000
vn 0.000000 0.000000 1.000000
vn 0.000000 0.000000 1.000000
vn 0.000000 1.000000 0.000000
vn 0.000000 1.000000 0.000000
vn 0.000000 1.000000 0.000000
vn 0.000000 1.000000 0.000000
vn 0.000000 0.000000 -1.000000
vn 0.000000 0.000000 -1.000000
vn 0.000000 0.000000 -1.000000
vn 0.000000 0.000000 -1.000000
vn 0.000000 -1.000000 0.000000
vn 0.000000 -1.000000 0.000000
vn 0.000000 -1.000000 0.000000
vn 0.000000 -1.000000 0.000000
vn 1.000000 0.000000 0.000000
vn 1.000000 0.000000 0.000000
vn 1.000000 0.000000 0.000000
vn 1.000000 0.000000 0.000000
vn -1.000000 0.000000 0.000000
vn -1.000000 0.000000 0.000000
vn -1.000000 0.000000 0.000000
vn -1.000000 0.000000 0.000000
s off
g pCube35 polySurface95
usemtl initialShadingGroup
f 9/21/25 10/22/26 12/23/27 11/24/28
f 11/25/29 12/26/30 14/27/31 13/28/32
f 13/29/33 14/30/34 16/31/35 15/32/36
f 15/33/37 16/34/38 10/35/39 9/36/40
f 10/37/41 16/38/42 14/39/43 12/40/44
f 15/41/45 9/42/46 11/43/47 13/44/48
g default
v -15.831882 -28.637756 25.385149
v -16.642200 -28.637756 26.765324
v -15.831882 -16.227774 25.385149
v -16.642200 -16.227774 26.765324
v -14.451702 -16.227774 26.195471
v -15.262018 -16.227774 27.575645
v -14.451702 -28.637756 26.195471
v -15.262018 -28.637756 27.575645
vt 0.046810 0.940959
vt 0.049138 0.940959
vt 0.049138 0.961896
vt 0.046810 0.961896
vt 0.719153 0.990663
vt 0.716825 0.992030
vt 0.715458 0.989701
vt 0.717786 0.988334
vt 0.040777 0.961896
vt 0.038448 0.961896
vt 0.038448 0.940959
vt 0.040777 0.940959
vt 0.707096 0.988964
vt 0.709425 0.990331
vt 0.708058 0.992660
vt 0.705729 0.991293
vt 0.050506 0.940959
vt 0.050506 0.961896
vt 0.048177 0.940959
vt 0.048177 0.961896
vn -0.862357 0.000000 -0.506301
vn -0.862357 0.000000 -0.506301
vn -0.862357 0.000000 -0.506301
vn -0.862357 0.000000 -0.506301
vn 0.000000 1.000000 0.000000
vn 0.000000 1.000000 0.000000
vn 0.000000 1.000000 0.000000
vn 0.000000 1.000000 0.000000
vn 0.862358 0.000000 0.506299
vn 0.862358 0.000000 0.506299
vn 0.862358 0.000000 0.506299
vn 0.862358 0.000000 0.506299
vn 0.000000 -1.000000 0.000000
vn 0.000000 -1.000000 0.000000
vn 0.000000 -1.000000 0.000000
vn 0.000000 -1.000000 0.000000
vn -0.506301 0.000000 0.862357
vn -0.506301 0.000000 0.862357
vn -0.506301 0.000000 0.862357
vn -0.506301 0.000000 0.862357
vn 0.506300 0.000000 -0.862357
vn 0.506300 0.000000 -0.862357
vn 0.506300 0.000000 -0.862357
vn 0.506300 0.000000 -0.862357
s off
g pCube35 polySurface96
usemtl initialShadingGroup
f 17/45/49 18/46/50 20/47/51 19/48/52
f 19/49/53 20/50/54 22/51/55 21/52/56
f 21/53/57 22/54/58 24/55/59 23/56/60
f 23/57/61 24/58/62 18/59/63 17/60/64
f 18/46/65 24/61/66 22/62/67 20/47/68
f 23/63/69 17/45/70 19/48/71 21/64/72
g default
v -29.896215 -28.637756 -1.127219
v -31.496586 -28.637756 -1.144720
v -29.896215 -16.227774 -1.127219
v -31.496586 -16.227774 -1.144720
v -29.913717 -16.227774 0.473160
v -31.514088 -16.227774 0.455659
v -29.913717 -28.637756 0.473160
v -31.514088 -28.637756 0.455659
vt 0.032415 0.961896
vt 0.029715 0.961896
vt 0.029715 0.940959
vt 0.032415 0.940959
vt 0.542120 0.995563
vt 0.539420 0.995593
vt 0.539391 0.992893
vt 0.542091 0.992863
vt 0.023682 0.961896
vt 0.020982 0.961896
vt 0.020982 0.940959
vt 0.023682 0.940959
vt 0.533328 0.995592
vt 0.530628 0.995563
vt 0.530658 0.992863
vt 0.533358 0.992893
vt 0.012249 0.940959
vt 0.014949 0.940959
vt 0.014949 0.961896
vt 0.012249 0.961896
vt 0.003516 0.940959
vt 0.006216 0.940959
vt 0.006216 0.961896
vt 0.003516 0.961896
vn 0.010935 0.000000 -0.999940
vn 0.010935 0.000000 -0.999940
vn 0.010935 0.000000 -0.999940
vn 0.010935 0.000000 -0.999940
vn 0.000000 1.000000 0.000000
vn 0.000000 1.000000 0.000000
vn 0.000000 1.000000 0.000000
vn 0.000000 1.000000 0.000000
vn -0.010935 0.000000 0.999940
vn -0.010935 0.000000 0.999940
vn -0.010935 0.000000 0.999940
vn -0.010935 0.000000 0.999940
vn 0.000000 -1.000000 -0.000000
vn 0.000000 -1.000000 -0.000000
vn 0.000000 -1.000000 -0.000000
vn 0.000000 -1.000000 -0.000000
vn -0.999940 0.000000 -0.010935
vn -0.999940 0.000000 -0.010935
vn -0.999940 0.000000 -0.010935
vn -0.999940 0.000000 -0.010935
vn 0.999940 0.000000 0.010935
vn 0.999940 0.000000 0.010935
vn 0.999940 0.000000 0.010935
vn 0.999940 0.000000 0.010935
s off
g pCube35 polySurface97
usemtl initialShadingGroup
f 25/65/73 26/66/74 28/67/75 27/68/76
f 27/69/77 28/70/78 30/71/79 29/72/80
f 29/73/81 30/74/82 32/75/83 31/76/84
f 31/77/85 32/78/86 26/79/87 25/80/88
f 26/81/89 32/82/90 30/83/91 28/84/92
f 31/85/93 25/86/94 27/87/95 29/88/96
g default
v 14.164391 -28.637756 26.351933
v 14.959567 -28.637756 27.740887
v 14.164391 -16.227774 26.351933
v 14.959567 -16.227774 27.740887
v 15.553350 -16.227774 25.556751
v 16.348526 -16.227774 26.945705
v 15.553350 -28.637756 25.556751
v 16.348526 -28.637756 26.945705
vt 0.001959 0.965821
vt 0.004302 0.965821
vt 0.004302 0.986758
vt 0.001959 0.986758
vt 0.698354 0.992661
vt 0.696011 0.991319
vt 0.697353 0.988976
vt 0.699696 0.990317
vt 0.014076 0.986758
vt 0.011733 0.986758
vt 0.011733 0.965821
vt 0.014076 0.965821
vt 0.686293 0.990330
vt 0.688636 0.988988
vt 0.689978 0.991331
vt 0.687635 0.992673
vt 0.021316 0.965821
vt 0.023659 0.965821
vt 0.023659 0.986758
vt 0.021316 0.986758
vt 0.033242 0.986758
vt 0.030898 0.986758
vt 0.030898 0.965821
vt 0.033242 0.965821
vn -0.867842 0.000000 0.496840
vn -0.867842 0.000000 0.496840
vn -0.867842 0.000000 0.496840
vn -0.867842 0.000000 0.496840
vn 0.000000 1.000000 0.000001
vn 0.000000 1.000000 0.000001
vn 0.000000 1.000000 0.000001
vn 0.000000 1.000000 0.000001
vn 0.867843 0.000000 -0.496839
vn 0.867843 0.000000 -0.496839
vn 0.867843 0.000000 -0.496839
vn 0.867843 0.000000 -0.496839
vn 0.000000 -1.000000 0.000000
vn 0.000000 -1.000000 0.000000
vn 0.000000 -1.000000 0.000000
vn 0.000000 -1.000000 0.000000
vn 0.496840 0.000000 0.867842
vn 0.496840 0.000000 0.867842
vn 0.496840 0.000000 0.867842
vn 0.496840 0.000000 0.867842
vn -0.496841 0.000000 -0.867842
vn -0.496841 0.000000 -0.867842
vn -0.496841 0.000000 -0.867842
vn -0.496841 0.000000 -0.867842
s off
g pCube35 polySurface98
usemtl initialShadingGroup
f 33/89/97 34/90/98 36/91/99 35/92/100
f 35/93/101 36/94/102 38/95/103 37/96/104
f 37/97/105 38/98/106 40/99/107 39/100/108
f 39/101/109 40/102/110 34/103/111 33/104/112
f 34/105/113 40/106/114 38/107/115 36/108/116
f 39/109/117 33/110/118 35/111/119 37/112/120
g default
v -13.875386 -28.637756 -26.505245
v -14.655327 -28.637756 -27.902811
v -13.875386 -16.227774 -26.505245
v -14.655327 -16.227774 -27.902811
v -15.272958 -16.227774 -25.725300
v -16.052898 -16.227774 -27.122866
v -15.272958 -28.637756 -25.725300
v -16.052898 -28.637756 -27.122866
vt 0.040481 0.965821
vt 0.042839 0.965821
vt 0.042839 0.986758
vt 0.040481 0.986758
vt 0.677902 0.990610
vt 0.680260 0.991926
vt 0.678944 0.994284
vt 0.676586 0.992968
vt 0.052421 0.986758
vt 0.050063 0.986758
vt 0.050063 0.965821
vt 0.052421 0.965821
vt 0.670553 0.992968
vt 0.668195 0.994284
vt 0.666879 0.991926
vt 0.669237 0.990610
vt 0.062004 0.986758
vt 0.059646 0.986758
vt 0.059646 0.965821
vt 0.062004 0.965821
vt 0.069228 0.965769
vt 0.071586 0.965769
vt 0.071586 0.986706
vt 0.069228 0.986706
vn 0.873223 0.000000 -0.487320
vn 0.873223 0.000000 -0.487320
vn 0.873223 0.000000 -0.487320
vn 0.873223 0.000000 -0.487320
vn 0.000000 1.000000 0.000001
vn 0.000000 1.000000 0.000001
vn 0.000000 1.000000 0.000001
vn 0.000000 1.000000 0.000001
vn -0.873223 0.000000 0.487320
vn -0.873223 0.000000 0.487320
vn -0.873223 0.000000 0.487320
vn -0.873223 0.000000 0.487320
vn 0.000000 -1.000000 0.000000
vn 0.000000 -1.000000 0.000000
vn 0.000000 -1.000000 0.000000
vn 0.000000 -1.000000 0.000000
vn -0.487321 0.000000 -0.873223
vn -0.487321 0.000000 -0.873223
vn -0.487321 0.000000 -0.873223
vn -0.487321 0.000000 -0.873223
vn 0.487321 0.000000 0.873223
vn 0.487321 0.000000 0.873223
vn 0.487321 0.000000 0.873223
vn 0.487321 0.000000 0.873223
s off
g pCube35 polySurface99
usemtl initialShadingGroup
f 41/113/121 42/114/122 44/115/123 43/116/124
f 43/117/125 44/118/126 46/119/127 45/120/128
f 45/121/129 46/122/130 48/123/131 47/124/132
f 47/125/133 48/126/134 42/127/135 41/128/136
f 42/129/137 48/130/138 46/131/139 44/132/140
f 47/133/141 41/134/142 43/135/143 45/136/144
g default
v 22.961765 -26.533302 -7.460730
v 19.532446 -26.533302 -14.191151
v 14.191151 -26.533302 -19.532444
v 7.460729 -26.533302 -22.961763
v 0.000000 -26.533302 -24.143425
v -7.460729 -26.533302 -22.961761
v -14.191148 -26.533302 -19.532440
v -19.532438 -26.533302 -14.191147
v -22.961758 -26.533302 -7.460727
v -24.143419 -26.533302 0.000000
v -22.961758 -26.533302 7.460727
v -19.532436 -26.533302 14.191145
v -14.191145 -26.533302 19.532434
v -7.460727 -26.533302 22.961754
v -0.000001 -26.533302 24.143417
v 7.460724 -26.533302 22.961752
v 14.191142 -26.533302 19.532433
v 19.532433 -26.533302 14.191144
v 22.961752 -26.533302 7.460725
v 24.143414 -26.533302 0.000000
v 22.961765 26.533302 -7.460730
v 19.532446 26.533302 -14.191151
v 14.191151 26.533302 -19.532444
v 7.460729 26.533302 -22.961763
v 0.000000 26.533302 -24.143425
v -7.460729 26.533302 -22.961761
v -14.191148 26.533302 -19.532440
v -19.532438 26.533302 -14.191147
v -22.961758 26.533302 -7.460727
v -24.143419 26.533302 0.000000
v -22.961758 26.533302 7.460727
v -19.532436 26.533302 14.191145
v -14.191145 26.533302 19.532434
v -7.460727 26.533302 22.961754
v -0.000001 26.533302 24.143417
v 7.460724 26.533302 22.961752
v 14.191142 26.533302 19.532433
v 19.532433 26.533302 14.191144
v 22.961752 26.533302 7.460725
v 24.143414 26.533302 0.000000
v 0.000000 -26.533302 0.000000
v 0.000000 26.533302 0.000000
v 24.143414 22.432627 0.000000
v 24.143414 20.985502 0.000000
v 22.961752 22.432627 7.460725
v 22.961752 20.985502 7.460725
v 19.532433 22.432627 14.191144
v 19.532433 20.985502 14.191144
v 14.191142 22.432627 19.532433
v 14.191142 20.985502 19.532433
v 7.460724 22.432627 22.961752
v 7.460724 20.985502 22.961752
v -0.000001 22.432627 24.143417
v -0.000001 20.985502 24.143417
v -7.460727 22.432627 22.961752
v -7.460727 20.985502 22.961752
v -14.191145 22.432627 19.532433
v -14.191145 20.985502 19.532433
v -19.532436 22.432627 14.191145
v -19.532436 20.985502 14.191145
v -22.961758 22.432627 7.460727
v -22.961758 20.985502 7.460727
v -24.143419 22.432627 0.000000
v -24.143419 20.985502 0.000000
v -22.961758 22.432627 -7.460727
v -22.961758 20.985502 -7.460727
v -19.532438 22.432627 -14.191145
v -19.532438 20.985502 -14.191145
v -14.191148 22.432627 -19.532440
v -14.191148 20.985502 -19.532440
v -7.460729 22.432627 -22.961761
v -7.460729 20.985502 -22.961761
v 0.000000 22.432627 -24.143425
v 0.000000 20.985502 -24.143425
v 7.460729 22.432627 -22.961763
v 7.460729 20.985502 -22.961763
v 14.191151 22.432627 -19.532444
v 14.191151 20.985502 -19.532444
v 19.532446 22.432627 -14.191151
v 19.532446 20.985502 -14.191151
v 22.961765 22.432627 -7.460730
v 22.961765 20.985502 -7.460730
v 24.143414 17.608391 0.000000
v 24.143414 16.161266 0.000000
v 22.961752 17.608391 7.460725
v 22.961752 16.161266 7.460725
v 19.532433 17.608391 14.191144
v 19.532433 16.161266 14.191144
v 14.191142 17.608391 19.532433
v 14.191142 16.161266 19.532433
v 7.460724 17.608391 22.961752
v 7.460724 16.161266 22.961752
v -0.000001 17.608391 24.143417
v -0.000001 16.161266 24.143417
v -7.460727 17.608391 22.961752
v -7.460727 16.161266 22.961752
v -14.191145 17.608391 19.532433
v -14.191145 16.161266 19.532433
v -19.532436 17.608391 14.191145
v -19.532436 16.161266 14.191145
v -22.961758 17.608391 7.460727
v -22.961758 16.161266 7.460727
v -24.143419 17.608391 0.000000
v -24.143419 16.161266 0.000000
v -22.961758 17.608391 -7.460727
v -22.961758 16.161266 -7.460727
v -19.532438 17.608391 -14.191147
v -19.532438 16.161266 -14.191147
v -14.191148 17.608391 -19.532440
v -14.191148 16.161266 -19.532440
v -7.460729 17.608391 -22.961761
v -7.460729 16.161266 -22.961761
v 0.000000 17.608391 -24.143425
v 0.000000 16.161266 -24.143425
v 7.460729 17.608391 -22.961763
v 7.460729 16.161266 -22.961763
v 14.191151 17.608391 -19.532444
v 14.191151 16.161266 -19.532444
v 19.532446 17.608391 -14.191151
v 19.532446 16.161266 -14.191151
v 22.961767 17.608391 -7.460730
v 22.961767 16.161266 -7.460730
v 24.143414 12.784152 0.000000
v 24.143414 11.337028 0.000000
v 22.961752 12.784152 7.460725
v 22.961752 11.337028 7.460725
v 19.532433 12.784152 14.191144
v 19.532433 11.337028 14.191144
v 14.191142 12.784152 19.532433
v 14.191142 11.337028 19.532433
v 7.460724 12.784152 22.961752
v 7.460724 11.337028 22.961752
v -0.000001 12.784152 24.143417
v -0.000001 11.337028 24.143417
v -7.460727 12.784152 22.961752
v -7.460727 11.337028 22.961752
v -14.191145 12.784152 19.532433
v -14.191145 11.337028 19.532433
v -19.532436 12.784152 14.191145
v -19.532436 11.337028 14.191145
v -22.961758 12.784152 7.460727
v -22.961758 11.337028 7.460727
v -24.143419 12.784152 0.000000
v -24.143419 11.337028 0.000000
v -22.961758 12.784152 -7.460727
v -22.961758 11.337028 -7.460727
v -19.532438 12.784152 -14.191147
v -19.532438 11.337028 -14.191147
v -14.191148 12.784152 -19.532440
v -14.191148 11.337028 -19.532440
v -7.460729 12.784152 -22.961761
v -7.460729 11.337028 -22.961761
v 0.000000 12.784152 -24.143425
v 0.000000 11.337028 -24.143425
v 7.460729 12.784152 -22.961763
v 7.460729 11.337028 -22.961763
v 14.191151 12.784152 -19.532444
v 14.191151 11.337028 -19.532444
v 19.532446 12.784152 -14.191151
v 19.532446 11.337028 -14.191151
v 22.961767 12.784152 -7.460730
v 22.961767 11.337028 -7.460730
v 24.143414 7.959917 0.000000
v 24.143414 6.512790 0.000000
v 22.961752 7.959917 7.460725
v 22.961752 6.512790 7.460725
v 19.532433 7.959917 14.191144
v 19.532433 6.512790 14.191144
v 14.191142 7.959917 19.532433
v 14.191142 6.512790 19.532433
v 7.460724 7.959917 22.961752
v 7.460724 6.512790 22.961752
v -0.000001 7.959917 24.143417
v -0.000001 6.512790 24.143417
v -7.460727 7.959917 22.961752
v -7.460727 6.512790 22.961752
v -14.191145 7.959917 19.532433
v -14.191145 6.512790 19.532433
v -19.532436 7.959917 14.191145
v -19.532436 6.512790 14.191145
v -22.961758 7.959917 7.460727
v -22.961758 6.512790 7.460727
v -24.143419 7.959917 0.000000
v -24.143419 6.512790 0.000000
v -22.961758 7.959917 -7.460727
v -22.961758 6.512790 -7.460727
v -19.532438 7.959917 -14.191147
v -19.532438 6.512790 -14.191147
v -14.191148 7.959917 -19.532440
v -14.191148 6.512790 -19.532440
v -7.460729 7.959917 -22.961761
v -7.460729 6.512790 -22.961761
v 0.000000 7.959917 -24.143425
v 0.000000 6.512790 -24.143425
v 7.460729 7.959917 -22.961763
v 7.460729 6.512790 -22.961763
v 14.191151 7.959917 -19.532444
v 14.191151 6.512790 -19.532444
v 19.532446 7.959917 -14.191151
v 19.532446 6.512790 -14.191151
v 22.961765 7.959917 -7.460730
v 22.961765 6.512790 -7.460730
v 24.143414 3.135680 0.000000
v 24.143414 1.688554 0.000000
v 22.961752 3.135680 7.460725
v 22.961752 1.688554 7.460725
v 19.532433 3.135680 14.191145
v 19.532433 1.688554 14.191145
v 14.191142 3.135680 19.532433
v 14.191142 1.688554 19.532433
v 7.460724 3.135680 22.961752
v 7.460724 1.688554 22.961752
v -0.000001 3.135680 24.143417
v -0.000001 1.688554 24.143417
v -7.460727 3.135680 22.961752
v -7.460727 1.688554 22.961752
v -14.191145 3.135680 19.532433
v -14.191145 1.688554 19.532433
v -19.532436 3.135680 14.191145
v -19.532436 1.688554 14.191145
v -22.961756 3.135680 7.460727
v -22.961756 1.688554 7.460727
v -24.143419 3.135680 0.000000
v -24.143419 1.688554 0.000000
v -22.961756 3.135680 -7.460727
v -22.961756 1.688554 -7.460727
v -19.532438 3.135680 -14.191147
v -19.532438 1.688554 -14.191147
v -14.191148 3.135680 -19.532440
v -14.191148 1.688554 -19.532440
v -7.460729 3.135680 -22.961761
v -7.460729 1.688554 -22.961761
v 0.000000 3.135680 -24.143425
v 0.000000 1.688554 -24.143425
v 7.460729 3.135680 -22.961763
v 7.460729 1.688554 -22.961763
v 14.191151 3.135680 -19.532444
v 14.191151 1.688554 -19.532444
v 19.532446 3.135680 -14.191151
v 19.532446 1.688554 -14.191151
v 22.961767 3.135680 -7.460730
v 22.961767 1.688554 -7.460730
v 24.143414 -1.688557 0.000000
v 24.143414 -3.135683 0.000000
v 22.961752 -1.688557 7.460725
v 22.961752 -3.135683 7.460725
v 19.532433 -1.688557 14.191145
v 19.532433 -3.135683 14.191145
v 14.191142 -1.688557 19.532433
v 14.191142 -3.135683 19.532433
v 7.460724 -1.688557 22.961752
v 7.460724 -3.135683 22.961752
v -0.000001 -1.688557 24.143417
v -0.000001 -3.135683 24.143417
v -7.460727 -1.688557 22.961752
v -7.460727 -3.135683 22.961752
v -14.191145 -1.688557 19.532433
v -14.191145 -3.135683 19.532433
v -19.532436 -1.688557 14.191145
v -19.532436 -3.135683 14.191145
v -22.961756 -1.688557 7.460727
v -22.961756 -3.135683 7.460727
v -24.143419 -1.688557 0.000000
v -24.143419 -3.135683 0.000000
v -22.961756 -1.688557 -7.460727
v -22.961756 -3.135683 -7.460727
v -19.532440 -1.688557 -14.191147
v -19.532440 -3.135683 -14.191147
v -14.191148 -1.688557 -19.532440
v -14.191148 -3.135683 -19.532440
v -7.460729 -1.688557 -22.961761
v -7.460729 -3.135683 -22.961761
v 0.000000 -1.688557 -24.143425
v 0.000000 -3.135683 -24.143425
v 7.460729 -1.688557 -22.961763
v 7.460729 -3.135683 -22.961763
v 14.191151 -1.688557 -19.532444
v 14.191151 -3.135683 -19.532444
v 19.532446 -1.688557 -14.191151
v 19.532446 -3.135683 -14.191151
v 22.961767 -1.688557 -7.460730
v 22.961767 -3.135683 -7.460730
v 24.143414 -6.512794 0.000000
v 24.143414 -7.959920 0.000000
v 22.961752 -6.512794 7.460725
v 22.961752 -7.959920 7.460725
v 19.532433 -6.512794 14.191145
v 19.532433 -7.959920 14.191145
v 14.191142 -6.512794 19.532433
v 14.191142 -7.959920 19.532433
v 7.460724 -6.512794 22.961752
v 7.460724 -7.959920 22.961752
v -0.000001 -6.512794 24.143417
v -0.000001 -7.959920 24.143417
v -7.460727 -6.512794 22.961752
v -7.460727 -7.959920 22.961752
v -14.191145 -6.512794 19.532433
v -14.191145 -7.959920 19.532433
v -19.532436 -6.512794 14.191145
v -19.532436 -7.959920 14.191145
v -22.961756 -6.512794 7.460727
v -22.961756 -7.959920 7.460727
v -24.143419 -6.512794 0.000000
v -24.143419 -7.959920 0.000000
v -22.961756 -6.512794 -7.460727
v -22.961756 -7.959920 -7.460727
v -19.532440 -6.512794 -14.191147
v -19.532440 -7.959920 -14.191147
v -14.191148 -6.512794 -19.532440
v -14.191148 -7.959920 -19.532440
v -7.460729 -6.512794 -22.961761
v -7.460729 -7.959920 -22.961761
v 0.000000 -6.512794 -24.143425
v 0.000000 -7.959920 -24.143425
v 7.460729 -6.512794 -22.961763
v 7.460729 -7.959920 -22.961763
v 14.191151 -6.512794 -19.532444
v 14.191151 -7.959920 -19.532444
v 19.532446 -6.512794 -14.191151
v 19.532446 -7.959920 -14.191151
v 22.961767 -6.512794 -7.460730
v 22.961767 -7.959920 -7.460730
v 24.143414 -11.337031 0.000000
v 24.143414 -12.784156 0.000000
v 22.961752 -11.337031 7.460725
v 22.961752 -12.784156 7.460725
v 19.532433 -11.337031 14.191145
v 19.532433 -12.784156 14.191145
v 14.191142 -11.337031 19.532433
v 14.191142 -12.784156 19.532433
v 7.460724 -11.337031 22.961752
v 7.460724 -12.784156 22.961752
v -0.000001 -11.337031 24.143417
v -0.000001 -12.784156 24.143417
v -7.460727 -11.337031 22.961754
v -7.460727 -12.784156 22.961754
v -14.191145 -11.337031 19.532433
v -14.191145 -12.784156 19.532433
v -19.532436 -11.337031 14.191145
v -19.532436 -12.784156 14.191145
v -22.961756 -11.337031 7.460727
v -22.961756 -12.784156 7.460727
v -24.143419 -11.337031 0.000000
v -24.143419 -12.784156 0.000000
v -22.961756 -11.337031 -7.460727
v -22.961756 -12.784156 -7.460727
v -19.532440 -11.337031 -14.191147
v -19.532440 -12.784156 -14.191147
v -14.191148 -11.337031 -19.532440
v -14.191148 -12.784156 -19.532440
v -7.460729 -11.337031 -22.961761
v -7.460729 -12.784156 -22.961761
v 0.000000 -11.337031 -24.143425
v 0.000000 -12.784156 -24.143425
v 7.460729 -11.337031 -22.961763
v 7.460729 -12.784156 -22.961763
v 14.191151 -11.337031 -19.532444
v 14.191151 -12.784156 -19.532444
v 19.532446 -11.337031 -14.191151
v 19.532446 -12.784156 -14.191151
v 22.961767 -11.337031 -7.460730
v 22.961767 -12.784156 -7.460730
v 24.143414 -16.161266 0.000000
v 24.143414 -17.608391 0.000000
v 22.961752 -16.161266 7.460725
v 22.961752 -17.608391 7.460725
v 19.532431 -16.161266 14.191145
v 19.532431 -17.608391 14.191145
v 14.191142 -16.161266 19.532433
v 14.191142 -17.608391 19.532433
v 7.460724 -16.161266 22.961752
v 7.460724 -17.608391 22.961752
v -0.000001 -16.161266 24.143417
v -0.000001 -17.608391 24.143417
v -7.460727 -16.161266 22.961754
v -7.460727 -17.608391 22.961754
v -14.191145 -16.161266 19.532433
v -14.191145 -17.608391 19.532433
v -19.532436 -16.161266 14.191145
v -19.532436 -17.608391 14.191145
v -22.961756 -16.161266 7.460727
v -22.961756 -17.608391 7.460727
v -24.143419 -16.161266 0.000000
v -24.143419 -17.608391 0.000000
v -22.961756 -16.161266 -7.460727
v -22.961756 -17.608391 -7.460727
v -19.532440 -16.161266 -14.191147
v -19.532440 -17.608391 -14.191147
v -14.191148 -16.161266 -19.532440
v -14.191148 -17.608391 -19.532440
v -7.460729 -16.161266 -22.961761
v -7.460729 -17.608391 -22.961761
v 0.000000 -16.161266 -24.143425
v 0.000000 -17.608391 -24.143425
v 7.460729 -16.161266 -22.961763
v 7.460729 -17.608391 -22.961763
v 14.191151 -16.161266 -19.532444
v 14.191151 -17.608391 -19.532444
v 19.532446 -16.161266 -14.191151
v 19.532446 -17.608391 -14.191151
v 22.961767 -16.161266 -7.460730
v 22.961767 -17.608391 -7.460730
v 24.143414 -20.985502 0.000000
v 24.143414 -22.432627 0.000000
v 22.961752 -22.432627 7.460725
v 22.961752 -20.985502 7.460725
v 19.532431 -22.432627 14.191145
v 19.532431 -20.985502 14.191145
v 14.191142 -22.432627 19.532433
v 14.191142 -20.985502 19.532433
v 7.460724 -22.432627 22.961752
v 7.460724 -20.985502 22.961752
v -0.000001 -22.432627 24.143417
v -0.000001 -20.985502 24.143417
v -7.460727 -22.432627 22.961754
v -7.460727 -20.985502 22.961754
v -14.191145 -22.432627 19.532433
v -14.191145 -20.985502 19.532433
v -19.532436 -22.432627 14.191145
v -19.532436 -20.985502 14.191145
v -22.961756 -22.432627 7.460727
v -22.961756 -20.985502 7.460727
v -24.143419 -22.432627 0.000000
v -24.143419 -20.985502 0.000000
v -22.961756 -22.432627 -7.460727
v -22.961756 -20.985502 -7.460727
v -19.532440 -22.432627 -14.191147
v -19.532440 -20.985502 -14.191147
v -14.191148 -22.432627 -19.532440
v -14.191148 -20.985502 -19.532440
v -7.460729 -22.432627 -22.961761
v -7.460729 -20.985502 -22.961761
v 0.000000 -22.432627 -24.143425
v 0.000000 -20.985502 -24.143425
v 7.460729 -22.432627 -22.961763
v 7.460729 -20.985502 -22.961763
v 14.191151 -22.432627 -19.532444
v 14.191151 -20.985502 -19.532444
v 19.532446 -22.432627 -14.191151
v 19.532446 -20.985502 -14.191151
v 22.961767 -22.432627 -7.460730
v 22.961767 -20.985502 -7.460730
v 24.608906 22.432627 0.000000
v 24.608906 20.985502 0.000000
v 23.404474 20.985502 -7.604574
v 23.404474 22.432627 -7.604574
v 23.404461 22.432627 7.604570
v 23.404461 20.985502 7.604570
v 19.909023 22.432627 14.464753
v 19.909023 20.985502 14.464753
v 14.464750 22.432627 19.909023
v 14.464750 20.985502 19.909023
v 7.604569 22.432627 23.404461
v 7.604569 20.985502 23.404461
v -0.000001 22.432627 24.608910
v -0.000001 20.985502 24.608910
v -7.604571 22.432627 23.404461
v -7.604571 20.985502 23.404461
v -14.464753 22.432627 19.909023
v -14.464753 20.985502 19.909023
v -19.909027 22.432627 14.464753
v -19.909027 20.985502 14.464753
v -23.404467 22.432627 7.604571
v -23.404467 20.985502 7.604571
v -24.608912 22.432627 0.000000
v -24.608912 20.985502 0.000000
v -23.404467 22.432627 -7.604571
v -23.404467 20.985502 -7.604571
v -19.909029 22.432627 -14.464753
v -19.909029 20.985502 -14.464753
v -14.464756 22.432627 -19.909031
v -14.464756 20.985502 -19.909031
v -7.604573 22.432627 -23.404470
v -7.604573 20.985502 -23.404470
v -0.000000 22.432627 -24.608917
v -0.000000 20.985502 -24.608917
v 7.604573 22.432627 -23.404472
v 7.604573 20.985502 -23.404472
v 14.464759 22.432627 -19.909035
v 14.464759 20.985502 -19.909035
v 19.909037 22.432627 -14.464759
v 19.909037 20.985502 -14.464759
v 24.608906 17.608391 0.000000
v 24.608906 16.161266 0.000000
v 23.404476 16.161266 -7.604574
v 23.404476 17.608391 -7.604574
v 23.404461 17.608391 7.604570
v 23.404461 16.161266 7.604570
v 19.909023 17.608391 14.464753
v 19.909023 16.161266 14.464753
v 14.464750 17.608391 19.909023
v 14.464750 16.161266 19.909023
v 7.604568 17.608391 23.404461
v 7.604568 16.161266 23.404461
v -0.000001 17.608391 24.608910
v -0.000001 16.161266 24.608910
v -7.604571 17.608391 23.404461
v -7.604571 16.161266 23.404461
v -14.464753 17.608391 19.909023
v -14.464753 16.161266 19.909023
v -19.909027 17.608391 14.464753
v -19.909027 16.161266 14.464753
v -23.404467 17.608391 7.604571
v -23.404467 16.161266 7.604571
v -24.608912 17.608391 0.000000
v -24.608912 16.161266 0.000000
v -23.404467 17.608391 -7.604571
v -23.404467 16.161266 -7.604571
v -19.909029 17.608391 -14.464756
v -19.909029 16.161266 -14.464756
v -14.464756 17.608391 -19.909031
v -14.464756 16.161266 -19.909031
v -7.604574 17.608391 -23.404470
v -7.604574 16.161266 -23.404470
v -0.000000 17.608391 -24.608917
v -0.000000 16.161266 -24.608917
v 7.604573 17.608391 -23.404472
v 7.604573 16.161266 -23.404472
v 14.464759 17.608391 -19.909035
v 14.464759 16.161266 -19.909035
v 19.909037 17.608391 -14.464759
v 19.909037 16.161266 -14.464759
v 24.608906 12.784152 0.000000
v 24.608906 11.337028 0.000000
v 23.404476 11.337028 -7.604574
v 23.404476 12.784152 -7.604574
v 23.404461 12.784152 7.604570
v 23.404461 11.337028 7.604570
v 19.909023 12.784152 14.464753
v 19.909023 11.337028 14.464753
v 14.464750 12.784152 19.909023
v 14.464750 11.337028 19.909023
v 7.604569 12.784152 23.404461
v 7.604569 11.337028 23.404461
v -0.000001 12.784152 24.608910
v -0.000001 11.337028 24.608910
v -7.604571 12.784152 23.404461
v -7.604571 11.337028 23.404461
v -14.464753 12.784152 19.909023
v -14.464753 11.337028 19.909023
v -19.909027 12.784152 14.464753
v -19.909027 11.337028 14.464753
v -23.404467 12.784152 7.604571
v -23.404467 11.337028 7.604571
v -24.608912 12.784152 0.000000
v -24.608912 11.337028 0.000000
v -23.404467 12.784152 -7.604571
v -23.404467 11.337028 -7.604571
v -19.909029 12.784152 -14.464756
v -19.909029 11.337028 -14.464756
v -14.464756 12.784152 -19.909031
v -14.464756 11.337028 -19.909031
v -7.604574 12.784152 -23.404470
v -7.604574 11.337028 -23.404470
v 0.000000 12.784152 -24.608917
v 0.000000 11.337028 -24.608917
v 7.604573 12.784152 -23.404472
v 7.604573 11.337028 -23.404472
v 14.464759 12.784152 -19.909035
v 14.464759 11.337028 -19.909035
v 19.909037 12.784152 -14.464759
v 19.909037 11.337028 -14.464759
v 24.608906 7.959917 0.000000
v 24.608906 6.512790 0.000000
v 23.404474 6.512790 -7.604574
v 23.404474 7.959917 -7.604574
v 23.404461 7.959917 7.604570
v 23.404461 6.512790 7.604570
v 19.909023 7.959917 14.464753
v 19.909023 6.512790 14.464753
v 14.464750 7.959917 19.909023
v 14.464750 6.512790 19.909023
v 7.604569 7.959917 23.404461
v 7.604569 6.512790 23.404461
v -0.000001 7.959917 24.608910
v -0.000001 6.512790 24.608910
v -7.604571 7.959917 23.404461
v -7.604571 6.512790 23.404461
v -14.464753 7.959917 19.909023
v -14.464753 6.512790 19.909023
v -19.909027 7.959917 14.464753
v -19.909027 6.512790 14.464753
v -23.404467 7.959917 7.604571
v -23.404467 6.512790 7.604571
v -24.608912 7.959917 0.000000
v -24.608912 6.512790 0.000000
v -23.404467 7.959917 -7.604571
v -23.404467 6.512790 -7.604571
v -19.909029 7.959917 -14.464756
v -19.909029 6.512790 -14.464756
v -14.464756 7.959917 -19.909031
v -14.464756 6.512790 -19.909031
v -7.604574 7.959917 -23.404470
v -7.604574 6.512790 -23.404470
v -0.000000 7.959917 -24.608917
v -0.000000 6.512790 -24.608917
v 7.604573 7.959917 -23.404472
v 7.604573 6.512790 -23.404472
v 14.464759 7.959917 -19.909035
v 14.464759 6.512790 -19.909035
v 19.909037 7.959917 -14.464759
v 19.909037 6.512790 -14.464759
v 24.608906 3.135680 0.000000
v 24.608906 1.688554 0.000000
v 23.404476 1.688554 -7.604574
v 23.404476 3.135680 -7.604574
v 23.404461 3.135680 7.604570
v 23.404461 1.688554 7.604570
v 19.909023 3.135680 14.464753
v 19.909023 1.688554 14.464753
v 14.464750 3.135680 19.909023
v 14.464750 1.688554 19.909023
v 7.604568 3.135680 23.404461
v 7.604568 1.688554 23.404461
v -0.000001 3.135680 24.608910
v -0.000001 1.688554 24.608910
v -7.604571 3.135680 23.404461
v -7.604571 1.688554 23.404461
v -14.464753 3.135680 19.909023
v -14.464753 1.688554 19.909023
v -19.909027 3.135680 14.464753
v -19.909027 1.688554 14.464753
v -23.404465 3.135680 7.604571
v -23.404465 1.688554 7.604571
v -24.608912 3.135680 0.000000
v -24.608912 1.688554 0.000000
v -23.404465 3.135680 -7.604571
v -23.404465 1.688554 -7.604571
v -19.909029 3.135680 -14.464756
v -19.909029 1.688554 -14.464756
v -14.464756 3.135680 -19.909031
v -14.464756 1.688554 -19.909031
v -7.604574 3.135680 -23.404470
v -7.604574 1.688554 -23.404470
v -0.000000 3.135680 -24.608917
v -0.000000 1.688554 -24.608917
v 7.604573 3.135680 -23.404472
v 7.604573 1.688554 -23.404472
v 14.464759 3.135680 -19.909035
v 14.464759 1.688554 -19.909035
v 19.909037 3.135680 -14.464759
v 19.909037 1.688554 -14.464759
v 24.608906 -1.688557 0.000000
v 24.608906 -3.135683 0.000000
v 23.404476 -3.135683 -7.604574
v 23.404476 -1.688557 -7.604574
v 23.404461 -1.688557 7.604570
v 23.404461 -3.135683 7.604570
v 19.909023 -1.688557 14.464753
v 19.909023 -3.135683 14.464753
v 14.464750 -1.688557 19.909023
v 14.464750 -3.135683 19.909023
v 7.604569 -1.688557 23.404461
v 7.604569 -3.135683 23.404461
v -0.000001 -1.688557 24.608910
v -0.000001 -3.135683 24.608910
v -7.604571 -1.688557 23.404461
v -7.604571 -3.135683 23.404461
v -14.464753 -1.688557 19.909023
v -14.464753 -3.135683 19.909023
v -19.909027 -1.688557 14.464753
v -19.909027 -3.135683 14.464753
v -23.404465 -1.688557 7.604571
v -23.404465 -3.135683 7.604571
v -24.608912 -1.688557 0.000000
v -24.608912 -3.135683 0.000000
v -23.404465 -1.688557 -7.604571
v -23.404465 -3.135683 -7.604571
v -19.909031 -1.688557 -14.464756
v -19.909031 -3.135683 -14.464756
v -14.464756 -1.688557 -19.909031
v -14.464756 -3.135683 -19.909031
v -7.604573 -1.688557 -23.404470
v -7.604573 -3.135683 -23.404470
v -0.000000 -1.688557 -24.608917
v -0.000000 -3.135683 -24.608917
v 7.604573 -1.688557 -23.404472
v 7.604573 -3.135683 -23.404472
v 14.464759 -1.688557 -19.909035
v 14.464759 -3.135683 -19.909035
v 19.909037 -1.688557 -14.464759
v 19.909037 -3.135683 -14.464759
v 24.608906 -6.512794 0.000000
v 24.608906 -7.959920 0.000000
v 23.404476 -7.959920 -7.604574
v 23.404476 -6.512794 -7.604574
v 23.404461 -6.512794 7.604570
v 23.404461 -7.959920 7.604570
v 19.909023 -6.512794 14.464753
v 19.909023 -7.959920 14.464753
v 14.464750 -6.512794 19.909023
v 14.464750 -7.959920 19.909023
v 7.604569 -6.512794 23.404461
v 7.604569 -7.959920 23.404461
v -0.000001 -6.512794 24.608910
v -0.000001 -7.959920 24.608910
v -7.604571 -6.512794 23.404461
v -7.604571 -7.959920 23.404461
v -14.464753 -6.512794 19.909023
v -14.464753 -7.959920 19.909023
v -19.909027 -6.512794 14.464753
v -19.909027 -7.959920 14.464753
v -23.404465 -6.512794 7.604571
v -23.404465 -7.959920 7.604571
v -24.608912 -6.512794 0.000000
v -24.608912 -7.959920 0.000000
v -23.404465 -6.512794 -7.604571
v -23.404465 -7.959920 -7.604571
v -19.909031 -6.512794 -14.464756
v -19.909031 -7.959920 -14.464756
v -14.464756 -6.512794 -19.909031
v -14.464756 -7.959920 -19.909031
v -7.604574 -6.512794 -23.404470
v -7.604574 -7.959920 -23.404470
v 0.000000 -6.512794 -24.608917
v 0.000000 -7.959920 -24.608917
v 7.604573 -6.512794 -23.404472
v 7.604573 -7.959920 -23.404472
v 14.464759 -6.512794 -19.909035
v 14.464759 -7.959920 -19.909035
v 19.909037 -6.512794 -14.464759
v 19.909037 -7.959920 -14.464759
v 24.608906 -11.337031 0.000000
v 24.608906 -12.784156 0.000000
v 23.404476 -12.784156 -7.604574
v 23.404476 -11.337031 -7.604574
v 23.404461 -11.337031 7.604570
v 23.404461 -12.784156 7.604570
v 19.909023 -11.337031 14.464753
v 19.909023 -12.784156 14.464753
v 14.464750 -11.337031 19.909023
v 14.464750 -12.784156 19.909023
v 7.604568 -11.337031 23.404461
v 7.604568 -12.784156 23.404461
v -0.000001 -11.337031 24.608910
v -0.000001 -12.784156 24.608910
v -7.604571 -11.337031 23.404463
v -7.604571 -12.784156 23.404463
v -14.464753 -11.337031 19.909023
v -14.464753 -12.784156 19.909023
v -19.909027 -11.337031 14.464753
v -19.909027 -12.784156 14.464753
v -23.404465 -11.337031 7.604571
v -23.404465 -12.784156 7.604571
v -24.608912 -11.337031 0.000000
v -24.608912 -12.784156 0.000000
v -23.404465 -11.337031 -7.604571
v -23.404465 -12.784156 -7.604571
v -19.909031 -11.337031 -14.464756
v -19.909031 -12.784156 -14.464756
v -14.464756 -11.337031 -19.909031
v -14.464756 -12.784156 -19.909031
v -7.604574 -11.337031 -23.404470
v -7.604574 -12.784156 -23.404470
v -0.000000 -11.337031 -24.608917
v -0.000000 -12.784156 -24.608917
v 7.604573 -11.337031 -23.404472
v 7.604573 -12.784156 -23.404472
v 14.464759 -11.337031 -19.909035
v 14.464759 -12.784156 -19.909035
v 19.909037 -11.337031 -14.464759
v 19.909037 -12.784156 -14.464759
v 24.608906 -16.161266 0.000000
v 24.608906 -17.608391 0.000000
v 23.404476 -17.608391 -7.604574
v 23.404476 -16.161266 -7.604574
v 23.404461 -16.161266 7.604570
v 23.404461 -17.608391 7.604570
v 19.909021 -16.161266 14.464753
v 19.909021 -17.608391 14.464753
v 14.464750 -16.161266 19.909023
v 14.464750 -17.608391 19.909023
v 7.604568 -16.161266 23.404461
v 7.604568 -17.608391 23.404461
v -0.000001 -16.161266 24.608910
v -0.000001 -17.608391 24.608910
v -7.604571 -16.161266 23.404463
v -7.604571 -17.608391 23.404463
v -14.464753 -16.161266 19.909023
v -14.464753 -17.608391 19.909023
v -19.909027 -16.161266 14.464753
v -19.909027 -17.608391 14.464753
v -23.404465 -16.161266 7.604571
v -23.404465 -17.608391 7.604571
v -24.608912 -16.161266 0.000000
v -24.608912 -17.608391 0.000000
v -23.404465 -16.161266 -7.604571
v -23.404465 -17.608391 -7.604571
v -19.909031 -16.161266 -14.464756
v -19.909031 -17.608391 -14.464756
v -14.464756 -16.161266 -19.909031
v -14.464756 -17.608391 -19.909031
v -7.604574 -16.161266 -23.404470
v -7.604574 -17.608391 -23.404470
v -0.000000 -16.161266 -24.608917
v -0.000000 -17.608391 -24.608917
v 7.604573 -16.161266 -23.404472
v 7.604573 -17.608391 -23.404472
v 14.464759 -16.161266 -19.909035
v 14.464759 -17.608391 -19.909035
v 19.909037 -16.161266 -14.464759
v 19.909037 -17.608391 -14.464759
v 24.608906 -20.985502 0.000000
v 24.608906 -22.432627 0.000000
v 23.404476 -22.432627 -7.604574
v 23.404476 -20.985502 -7.604574
v 23.404461 -20.985502 7.604570
v 23.404461 -22.432627 7.604570
v 19.909021 -20.985502 14.464753
v 19.909021 -22.432627 14.464753
v 14.464750 -20.985502 19.909023
v 14.464750 -22.432627 19.909023
v 7.604569 -20.985502 23.404461
v 7.604569 -22.432627 23.404461
v -0.000001 -20.985502 24.608910
v -0.000001 -22.432627 24.608910
v -7.604571 -20.985502 23.404463
v -7.604571 -22.432627 23.404463
v -14.464753 -20.985502 19.909023
v -14.464753 -22.432627 19.909023
v -19.909027 -20.985502 14.464753
v -19.909027 -22.432627 14.464753
v -23.404465 -20.985502 7.604571
v -23.404465 -22.432627 7.604571
v -24.608912 -20.985502 0.000000
v -24.608912 -22.432627 0.000000
v -23.404465 -20.985502 -7.604571
v -23.404465 -22.432627 -7.604571
v -19.909031 -20.985502 -14.464756
v -19.909031 -22.432627 -14.464756
v -14.464756 -20.985502 -19.909031
v -14.464756 -22.432627 -19.909031
v -7.604574 -20.985502 -23.404470
v -7.604574 -22.432627 -23.404470
v -0.000000 -20.985502 -24.608917
v -0.000000 -22.432627 -24.608917
v 7.604573 -20.985502 -23.404472
v 7.604573 -22.432627 -23.404472
v 14.464759 -20.985502 -19.909035
v 14.464759 -22.432627 -19.909035
v 19.909037 -20.985502 -14.464759
v 19.909037 -22.432627 -14.464759
vt 0.255988 0.502466
vt 0.261774 0.513821
vt 0.223035 0.526408
vt 0.246977 0.493455
vt 0.235622 0.487669
vt 0.223035 0.485676
vt 0.210448 0.487669
vt 0.199093 0.493455
vt 0.190082 0.502466
vt 0.184296 0.513821
vt 0.182303 0.526408
vt 0.184296 0.538995
vt 0.190082 0.550350
vt 0.199093 0.559361
vt 0.210448 0.565147
vt 0.223035 0.567141
vt 0.235622 0.565147
vt 0.246977 0.559361
vt 0.255988 0.550350
vt 0.261774 0.538995
vt 0.263768 0.526408
vt 0.349934 0.538979
vt 0.344148 0.550334
vt 0.311195 0.526392
vt 0.335137 0.559346
vt 0.323782 0.565131
vt 0.311195 0.567125
vt 0.298608 0.565131
vt 0.287253 0.559345
vt 0.278242 0.550334
vt 0.272456 0.538979
vt 0.270462 0.526392
vt 0.272456 0.513805
vt 0.278242 0.502450
vt 0.287253 0.493439
vt 0.298608 0.487654
vt 0.311195 0.485660
vt 0.323782 0.487654
vt 0.335137 0.493439
vt 0.344148 0.502450
vt 0.349934 0.513805
vt 0.351927 0.526392
vt 0.962438 0.674709
vt 0.959997 0.674709
vt 0.959997 0.661879
vt 0.962438 0.661879
vt 0.962438 0.687538
vt 0.959997 0.687538
vt 0.962438 0.699112
vt 0.959997 0.699112
vt 0.962438 0.708297
vt 0.959997 0.708297
vt 0.868415 0.712288
vt 0.870856 0.712288
vt 0.870856 0.723862
vt 0.868415 0.723862
vt 0.870856 0.736692
vt 0.868415 0.736692
vt 0.870856 0.749521
vt 0.868415 0.749521
vt 0.870856 0.761095
vt 0.868415 0.761095
vt 0.951522 0.641120
vt 0.953963 0.641120
vt 0.953963 0.650305
vt 0.951522 0.650305
vt 0.953963 0.661879
vt 0.951522 0.661879
vt 0.953963 0.674709
vt 0.951522 0.674709
vt 0.953963 0.687538
vt 0.951522 0.687538
vt 0.953963 0.699112
vt 0.951522 0.699112
vt 0.953963 0.708297
vt 0.951522 0.708297
vt 0.880438 0.761090
vt 0.877997 0.761090
vt 0.877997 0.749516
vt 0.880438 0.749516
vt 0.877997 0.736686
vt 0.880438 0.736686
vt 0.877997 0.723857
vt 0.880438 0.723857
vt 0.877997 0.712283
vt 0.880438 0.712283
vt 0.959997 0.641120
vt 0.962438 0.641120
vt 0.962438 0.650305
vt 0.959997 0.650305
vt 0.945489 0.674709
vt 0.943047 0.674709
vt 0.943047 0.661879
vt 0.945489 0.661879
vt 0.945489 0.687538
vt 0.943047 0.687538
vt 0.945489 0.699112
vt 0.943047 0.699112
vt 0.945489 0.708297
vt 0.943047 0.708297
vt 0.887580 0.712265
vt 0.890021 0.712265
vt 0.890021 0.723839
vt 0.887580 0.723839
vt 0.890021 0.736668
vt 0.887580 0.736668
vt 0.890021 0.749498
vt 0.887580 0.749498
vt 0.890021 0.761072
vt 0.887580 0.761072
vt 0.934573 0.641146
vt 0.937014 0.641146
vt 0.937014 0.650331
vt 0.934573 0.650331
vt 0.937014 0.661905
vt 0.934573 0.661905
vt 0.937014 0.674734
vt 0.934573 0.674734
vt 0.937014 0.687564
vt 0.934573 0.687564
vt 0.937014 0.699138
vt 0.934573 0.699138
vt 0.937014 0.708323
vt 0.934573 0.708323
vt 0.899604 0.761072
vt 0.897162 0.761072
vt 0.897162 0.749498
vt 0.899604 0.749498
vt 0.897162 0.736668
vt 0.899604 0.736668
vt 0.897162 0.723839
vt 0.899604 0.723839
vt 0.897162 0.712265
vt 0.899604 0.712265
vt 0.943047 0.641120
vt 0.945489 0.641120
vt 0.945489 0.650305
vt 0.943047 0.650305
vt 0.928539 0.674734
vt 0.926098 0.674734
vt 0.926098 0.661905
vt 0.928539 0.661905
vt 0.928539 0.687564
vt 0.926098 0.687564
vt 0.928539 0.699138
vt 0.926098 0.699138
vt 0.928539 0.708323
vt 0.926098 0.708323
vt 0.906745 0.712265
vt 0.909186 0.712265
vt 0.909186 0.723839
vt 0.906745 0.723839
vt 0.909186 0.736668
vt 0.906745 0.736668
vt 0.909186 0.749498
vt 0.906745 0.749498
vt 0.909186 0.761072
vt 0.906745 0.761072
vt 0.917624 0.641150
vt 0.920065 0.641150
vt 0.920065 0.650335
vt 0.917624 0.650335
vt 0.920065 0.661909
vt 0.917624 0.661909
vt 0.920065 0.674739
vt 0.917624 0.674739
vt 0.920065 0.687568
vt 0.917624 0.687568
vt 0.920065 0.699142
vt 0.917624 0.699142
vt 0.920065 0.708327
vt 0.917624 0.708327
vt 0.918769 0.761059
vt 0.916327 0.761059
vt 0.916327 0.749485
vt 0.918769 0.749485
vt 0.916327 0.736656
vt 0.918769 0.736656
vt 0.916327 0.723826
vt 0.918769 0.723826
vt 0.916327 0.712252
vt 0.918769 0.712252
vt 0.926098 0.641146
vt 0.928539 0.641146
vt 0.928539 0.650331
vt 0.926098 0.650331
vt 0.911590 0.674739
vt 0.909149 0.674739
vt 0.909149 0.661909
vt 0.911590 0.661909
vt 0.911590 0.687568
vt 0.909149 0.687568
vt 0.911590 0.699142
vt 0.909149 0.699142
vt 0.911590 0.708327
vt 0.909149 0.708327
vt 0.925910 0.712248
vt 0.928351 0.712248
vt 0.928351 0.723822
vt 0.925910 0.723822
vt 0.928351 0.736651
vt 0.925910 0.736651
vt 0.928351 0.749481
vt 0.925910 0.749481
vt 0.928351 0.761055
vt 0.925910 0.761055
vt 0.900674 0.641163
vt 0.903116 0.641163
vt 0.903116 0.650348
vt 0.900674 0.650348
vt 0.903116 0.661922
vt 0.900674 0.661922
vt 0.903116 0.674751
vt 0.900674 0.674751
vt 0.903116 0.687581
vt 0.900674 0.687581
vt 0.903116 0.699155
vt 0.900674 0.699155
vt 0.903116 0.708340
vt 0.900674 0.708340
vt 0.937934 0.761055
vt 0.935492 0.761055
vt 0.935492 0.749481
vt 0.937934 0.749481
vt 0.935492 0.736651
vt 0.937934 0.736651
vt 0.935492 0.723822
vt 0.937934 0.723822
vt 0.935492 0.712248
vt 0.937934 0.712248
vt 0.909149 0.641150
vt 0.911590 0.641150
vt 0.911590 0.650335
vt 0.909149 0.650335
vt 0.894641 0.674751
vt 0.892200 0.674751
vt 0.892200 0.661922
vt 0.894641 0.661922
vt 0.894641 0.687581
vt 0.892200 0.687581
vt 0.894641 0.699155
vt 0.892200 0.699155
vt 0.894641 0.708340
vt 0.892200 0.708340
vt 0.945075 0.712222
vt 0.947517 0.712222
vt 0.947517 0.723796
vt 0.945075 0.723796
vt 0.947517 0.736626
vt 0.945075 0.736626
vt 0.947517 0.749455
vt 0.945075 0.749455
vt 0.947517 0.761029
vt 0.945075 0.761029
vt 0.883725 0.641163
vt 0.886166 0.641163
vt 0.886166 0.650348
vt 0.883725 0.650348
vt 0.886166 0.661922
vt 0.883725 0.661922
vt 0.886166 0.674751
vt 0.883725 0.674751
vt 0.886166 0.687581
vt 0.883725 0.687581
vt 0.886166 0.699155
vt 0.883725 0.699155
vt 0.886166 0.708340
vt 0.883725 0.708340
vt 0.957099 0.761029
vt 0.954657 0.761029
vt 0.954657 0.749455
vt 0.957099 0.749455
vt 0.954657 0.736626
vt 0.957099 0.736626
vt 0.954657 0.723796
vt 0.957099 0.723796
vt 0.954657 0.712222
vt 0.957099 0.712222
vt 0.892200 0.641163
vt 0.894641 0.641163
vt 0.894641 0.650348
vt 0.892200 0.650348
vt 0.877692 0.674769
vt 0.875250 0.674769
vt 0.875250 0.661940
vt 0.877692 0.661940
vt 0.877692 0.687599
vt 0.875250 0.687599
vt 0.877692 0.699173
vt 0.875250 0.699173
vt 0.877692 0.708358
vt 0.875250 0.708358
vt 0.964240 0.715222
vt 0.966682 0.715222
vt 0.966682 0.726796
vt 0.964240 0.726796
vt 0.966682 0.739626
vt 0.964240 0.739626
vt 0.966682 0.752455
vt 0.964240 0.752455
vt 0.966682 0.764029
vt 0.964240 0.764029
vt 0.866776 0.641186
vt 0.869217 0.641186
vt 0.869217 0.650371
vt 0.866776 0.650371
vt 0.869217 0.661945
vt 0.866776 0.661945
vt 0.869217 0.674775
vt 0.866776 0.674775
vt 0.869217 0.687604
vt 0.866776 0.687604
vt 0.869217 0.699178
vt 0.866776 0.699178
vt 0.869217 0.708363
vt 0.866776 0.708363
vt 0.976264 0.764034
vt 0.973823 0.764034
vt 0.973823 0.752461
vt 0.976264 0.752461
vt 0.973823 0.739631
vt 0.976264 0.739631
vt 0.973823 0.726801
vt 0.976264 0.726801
vt 0.973823 0.715227
vt 0.976264 0.715227
vt 0.875250 0.641181
vt 0.877692 0.641181
vt 0.877692 0.650366
vt 0.875250 0.650366
vt 0.860743 0.762561
vt 0.858301 0.762561
vt 0.858301 0.749731
vt 0.860743 0.749731
vt 0.860743 0.775390
vt 0.858301 0.775390
vt 0.860743 0.786964
vt 0.858301 0.786964
vt 0.860743 0.796149
vt 0.858301 0.796149
vt 0.978955 0.767959
vt 0.981397 0.767959
vt 0.981397 0.779533
vt 0.978955 0.779533
vt 0.981397 0.792363
vt 0.978955 0.792363
vt 0.981397 0.805193
vt 0.978955 0.805193
vt 0.981397 0.816766
vt 0.978955 0.816766
vt 0.849826 0.728973
vt 0.852268 0.728973
vt 0.852268 0.738158
vt 0.849826 0.738158
vt 0.852268 0.749731
vt 0.849826 0.749731
vt 0.852268 0.762561
vt 0.849826 0.762561
vt 0.852268 0.775391
vt 0.849826 0.775391
vt 0.852268 0.786965
vt 0.849826 0.786965
vt 0.852268 0.796150
vt 0.849826 0.796150
vt 0.972922 0.816766
vt 0.970481 0.816766
vt 0.970481 0.805193
vt 0.972922 0.805193
vt 0.970481 0.792363
vt 0.972922 0.792363
vt 0.970481 0.779533
vt 0.972922 0.779533
vt 0.970481 0.767959
vt 0.972922 0.767959
vt 0.858301 0.728972
vt 0.860743 0.728972
vt 0.860743 0.738157
vt 0.858301 0.738157
vt 0.843793 0.765040
vt 0.841352 0.765040
vt 0.841352 0.752211
vt 0.843793 0.752211
vt 0.843793 0.777870
vt 0.841352 0.777870
vt 0.843793 0.789444
vt 0.841352 0.789444
vt 0.843793 0.798629
vt 0.841352 0.798629
vt 0.962006 0.767954
vt 0.964448 0.767954
vt 0.964448 0.779528
vt 0.962006 0.779528
vt 0.964448 0.792358
vt 0.962006 0.792358
vt 0.964448 0.805187
vt 0.962006 0.805187
vt 0.964448 0.816761
vt 0.962006 0.816761
vt 0.832877 0.731452
vt 0.835319 0.731452
vt 0.835319 0.740637
vt 0.832877 0.740637
vt 0.835319 0.752211
vt 0.832877 0.752211
vt 0.835319 0.765040
vt 0.832877 0.765040
vt 0.835319 0.777870
vt 0.832877 0.777870
vt 0.835319 0.789444
vt 0.832877 0.789444
vt 0.835319 0.798629
vt 0.832877 0.798629
vt 0.955973 0.813761
vt 0.953531 0.813761
vt 0.953531 0.802187
vt 0.955973 0.802187
vt 0.953531 0.789358
vt 0.955973 0.789358
vt 0.953531 0.776528
vt 0.955973 0.776528
vt 0.953531 0.764954
vt 0.955973 0.764954
vt 0.841352 0.731452
vt 0.843793 0.731452
vt 0.843793 0.740637
vt 0.841352 0.740637
vt 0.826844 0.765040
vt 0.824403 0.765040
vt 0.824403 0.752211
vt 0.826844 0.752211
vt 0.826844 0.777870
vt 0.824403 0.777870
vt 0.826844 0.789444
vt 0.824403 0.789444
vt 0.826844 0.798629
vt 0.824403 0.798629
vt 0.945057 0.764954
vt 0.947498 0.764954
vt 0.947498 0.776528
vt 0.945057 0.776528
vt 0.947498 0.789358
vt 0.945057 0.789358
vt 0.947498 0.802187
vt 0.945057 0.802187
vt 0.947498 0.813761
vt 0.945057 0.813761
vt 0.815928 0.731452
vt 0.818369 0.731452
vt 0.818369 0.740637
vt 0.815928 0.740637
vt 0.818369 0.752211
vt 0.815928 0.752211
vt 0.818369 0.765040
vt 0.815928 0.765040
vt 0.818369 0.777870
vt 0.815928 0.777870
vt 0.818369 0.789444
vt 0.815928 0.789444
vt 0.818369 0.798629
vt 0.815928 0.798629
vt 0.939024 0.813787
vt 0.936582 0.813787
vt 0.936582 0.802213
vt 0.939024 0.802213
vt 0.936582 0.789383
vt 0.939024 0.789383
vt 0.936582 0.776554
vt 0.939024 0.776554
vt 0.936582 0.764980
vt 0.939024 0.764980
vt 0.824403 0.731452
vt 0.826844 0.731452
vt 0.826844 0.740637
vt 0.824403 0.740637
vt 0.809895 0.765040
vt 0.807453 0.765040
vt 0.807453 0.752211
vt 0.809895 0.752211
vt 0.809895 0.777870
vt 0.807453 0.777870
vt 0.809895 0.789444
vt 0.807453 0.789444
vt 0.809895 0.798629
vt 0.807453 0.798629
vt 0.928108 0.764980
vt 0.930549 0.764980
vt 0.930549 0.776554
vt 0.928108 0.776554
vt 0.930549 0.789383
vt 0.928108 0.789383
vt 0.930549 0.802213
vt 0.928108 0.802213
vt 0.930549 0.813787
vt 0.928108 0.813787
vt 0.798979 0.731452
vt 0.801420 0.731452
vt 0.801420 0.740637
vt 0.798979 0.740637
vt 0.801420 0.752211
vt 0.798979 0.752211
vt 0.801420 0.765040
vt 0.798979 0.765040
vt 0.801420 0.777870
vt 0.798979 0.777870
vt 0.801420 0.789444
vt 0.798979 0.789444
vt 0.801420 0.798629
vt 0.798979 0.798629
vt 0.922074 0.813791
vt 0.919633 0.813791
vt 0.919633 0.802217
vt 0.922074 0.802217
vt 0.919633 0.789388
vt 0.922074 0.789388
vt 0.919633 0.776558
vt 0.922074 0.776558
vt 0.919633 0.764984
vt 0.922074 0.764984
vt 0.807453 0.731452
vt 0.809895 0.731452
vt 0.809895 0.740637
vt 0.807453 0.740637
vt 0.786027 0.751818
vt 0.786027 0.740463
vt 0.792946 0.740463
vt 0.792946 0.751818
vt 0.786027 0.731452
vt 0.792946 0.731452
vt 0.913600 0.764997
vt 0.913600 0.776352
vt 0.906682 0.776352
vt 0.906682 0.764997
vt 0.913600 0.788939
vt 0.906682 0.788939
vt 0.913600 0.801526
vt 0.906682 0.801526
vt 0.913600 0.812881
vt 0.906682 0.812881
vt 0.773076 0.797371
vt 0.773076 0.788360
vt 0.779994 0.788360
vt 0.779994 0.797371
vt 0.773076 0.777005
vt 0.779994 0.777005
vt 0.773076 0.764418
vt 0.779994 0.764418
vt 0.773076 0.751831
vt 0.779994 0.751831
vt 0.773076 0.740476
vt 0.779994 0.740476
vt 0.773076 0.731465
vt 0.779994 0.731465
vt 0.893730 0.812881
vt 0.893730 0.801526
vt 0.900648 0.801526
vt 0.900648 0.812881
vt 0.893730 0.788939
vt 0.900648 0.788939
vt 0.893730 0.776352
vt 0.900648 0.776352
vt 0.893730 0.764997
vt 0.900648 0.764997
vt 0.786027 0.797358
vt 0.786027 0.788347
vt 0.792946 0.788347
vt 0.792946 0.797358
vt 0.786027 0.776992
vt 0.792946 0.776992
vt 0.786027 0.764405
vt 0.792946 0.764405
vt 0.760124 0.777005
vt 0.760124 0.764418
vt 0.767042 0.764418
vt 0.767042 0.777005
vt 0.760124 0.788360
vt 0.767042 0.788360
vt 0.760124 0.797371
vt 0.767042 0.797371
vt 0.880779 0.776370
vt 0.880779 0.765015
vt 0.887697 0.765015
vt 0.887697 0.776370
vt 0.880779 0.788957
vt 0.887697 0.788957
vt 0.880779 0.801544
vt 0.887697 0.801544
vt 0.880779 0.812899
vt 0.887697 0.812899
vt 0.747173 0.740476
vt 0.747173 0.731465
vt 0.754091 0.731465
vt 0.754091 0.740476
vt 0.747173 0.751831
vt 0.754091 0.751831
vt 0.747173 0.764418
vt 0.754091 0.764418
vt 0.747173 0.777005
vt 0.754091 0.777005
vt 0.747173 0.788360
vt 0.754091 0.788360
vt 0.747173 0.797371
vt 0.754091 0.797371
vt 0.874746 0.801549
vt 0.874746 0.812904
vt 0.867827 0.812904
vt 0.867827 0.801549
vt 0.874746 0.788962
vt 0.867827 0.788962
vt 0.874746 0.776375
vt 0.867827 0.776375
vt 0.874746 0.765020
vt 0.867827 0.765020
vt 0.760124 0.740476
vt 0.760124 0.731465
vt 0.767042 0.731465
vt 0.767042 0.740476
vt 0.760124 0.751831
vt 0.767042 0.751831
vt 0.735442 0.777005
vt 0.735442 0.764418
vt 0.741140 0.764418
vt 0.741140 0.777005
vt 0.735442 0.788360
vt 0.741140 0.788360
vt 0.735442 0.797371
vt 0.741140 0.797371
vt 0.856097 0.869726
vt 0.856097 0.858371
vt 0.861794 0.858371
vt 0.861794 0.869726
vt 0.856097 0.882313
vt 0.861794 0.882313
vt 0.856097 0.894900
vt 0.861794 0.894900
vt 0.856097 0.906255
vt 0.861794 0.906255
vt 0.723711 0.740476
vt 0.723711 0.731465
vt 0.729409 0.731465
vt 0.729409 0.740476
vt 0.723711 0.751831
vt 0.729409 0.751831
vt 0.723711 0.764418
vt 0.729409 0.764418
vt 0.723711 0.777005
vt 0.729409 0.777005
vt 0.723711 0.788360
vt 0.729409 0.788360
vt 0.723711 0.797371
vt 0.729409 0.797371
vt 0.850064 0.897398
vt 0.850064 0.908753
vt 0.844366 0.908753
vt 0.844366 0.897398
vt 0.850064 0.884811
vt 0.844366 0.884811
vt 0.850064 0.872224
vt 0.844366 0.872224
vt 0.850064 0.860869
vt 0.844366 0.860869
vt 0.735442 0.740476
vt 0.735442 0.731465
vt 0.741140 0.731465
vt 0.741140 0.740476
vt 0.735442 0.751831
vt 0.741140 0.751831
vt 0.711981 0.777039
vt 0.711981 0.764452
vt 0.717678 0.764452
vt 0.717678 0.777039
vt 0.711981 0.788393
vt 0.717678 0.788393
vt 0.711981 0.797405
vt 0.717678 0.797405
vt 0.832635 0.872224
vt 0.832635 0.860869
vt 0.838333 0.860869
vt 0.838333 0.872224
vt 0.832635 0.884811
vt 0.838333 0.884811
vt 0.832635 0.897398
vt 0.838333 0.897398
vt 0.832635 0.908753
vt 0.838333 0.908753
vt 0.700250 0.740517
vt 0.700250 0.731506
vt 0.705947 0.731506
vt 0.705947 0.740517
vt 0.700250 0.751872
vt 0.705947 0.751872
vt 0.700250 0.764459
vt 0.705947 0.764459
vt 0.700250 0.777046
vt 0.705947 0.777046
vt 0.700250 0.788401
vt 0.705947 0.788401
vt 0.700250 0.797413
vt 0.705947 0.797413
vt 0.826602 0.897398
vt 0.826602 0.908753
vt 0.820905 0.908753
vt 0.820905 0.897398
vt 0.826602 0.884811
vt 0.820905 0.884811
vt 0.826602 0.872224
vt 0.820905 0.872224
vt 0.826602 0.860870
vt 0.820905 0.860870
vt 0.711981 0.740510
vt 0.711981 0.731498
vt 0.717678 0.731498
vt 0.717678 0.740510
vt 0.711981 0.751865
vt 0.717678 0.751865
vt 0.688519 0.777046
vt 0.688519 0.764459
vt 0.694217 0.764459
vt 0.694217 0.777046
vt 0.688519 0.788401
vt 0.694217 0.788401
vt 0.688519 0.797413
vt 0.694217 0.797413
vt 0.809174 0.872224
vt 0.809174 0.860870
vt 0.814871 0.860870
vt 0.814871 0.872224
vt 0.809174 0.884811
vt 0.814871 0.884811
vt 0.809174 0.897398
vt 0.814871 0.897398
vt 0.809174 0.908753
vt 0.814871 0.908753
vt 0.676789 0.740517
vt 0.676789 0.731506
vt 0.682486 0.731506
vt 0.682486 0.740517
vt 0.676789 0.751872
vt 0.682486 0.751872
vt 0.676789 0.764459
vt 0.682486 0.764459
vt 0.676789 0.777046
vt 0.682486 0.777046
vt 0.676789 0.788401
vt 0.682486 0.788401
vt 0.676789 0.797413
vt 0.682486 0.797413
vt 0.803141 0.897409
vt 0.803141 0.908764
vt 0.797443 0.908764
vt 0.797443 0.897409
vt 0.803141 0.884822
vt 0.797443 0.884822
vt 0.803141 0.872235
vt 0.797443 0.872235
vt 0.803141 0.860880
vt 0.797443 0.860880
vt 0.688519 0.740517
vt 0.688519 0.731506
vt 0.694217 0.731506
vt 0.694217 0.740517
vt 0.688519 0.751872
vt 0.694217 0.751872
vt 0.665058 0.777046
vt 0.665058 0.764459
vt 0.670755 0.764459
vt 0.670755 0.777046
vt 0.665058 0.788401
vt 0.670755 0.788401
vt 0.665058 0.797413
vt 0.670755 0.797413
vt 0.785712 0.872235
vt 0.785712 0.860880
vt 0.791410 0.860880
vt 0.791410 0.872235
vt 0.785712 0.884822
vt 0.791410 0.884822
vt 0.785712 0.897409
vt 0.791410 0.897409
vt 0.785712 0.908764
vt 0.791410 0.908764
vt 0.653327 0.740517
vt 0.653327 0.731506
vt 0.659025 0.731506
vt 0.659025 0.740517
vt 0.653327 0.751872
vt 0.659025 0.751872
vt 0.653327 0.764459
vt 0.659025 0.764459
vt 0.653327 0.777046
vt 0.659025 0.777046
vt 0.653327 0.788401
vt 0.659025 0.788401
vt 0.653327 0.797413
vt 0.659025 0.797413
vt 0.779679 0.896168
vt 0.779679 0.907523
vt 0.773982 0.907523
vt 0.773982 0.896168
vt 0.779679 0.883581
vt 0.773982 0.883581
vt 0.779679 0.870994
vt 0.773982 0.870994
vt 0.779679 0.859639
vt 0.773982 0.859639
vt 0.665058 0.740517
vt 0.665058 0.731506
vt 0.670755 0.731506
vt 0.670755 0.740517
vt 0.665058 0.751872
vt 0.670755 0.751872
vt 0.641596 0.777046
vt 0.641596 0.764459
vt 0.647294 0.764459
vt 0.647294 0.777046
vt 0.641596 0.788401
vt 0.647294 0.788401
vt 0.641596 0.797413
vt 0.647294 0.797413
vt 0.762251 0.871005
vt 0.762251 0.859651
vt 0.767949 0.859651
vt 0.767949 0.871005
vt 0.762251 0.883592
vt 0.767949 0.883592
vt 0.762251 0.896179
vt 0.767949 0.896179
vt 0.762251 0.907534
vt 0.767949 0.907534
vt 0.629866 0.740577
vt 0.629866 0.731566
vt 0.635563 0.731566
vt 0.635563 0.740577
vt 0.629866 0.751932
vt 0.635563 0.751932
vt 0.629866 0.764519
vt 0.635563 0.764519
vt 0.629866 0.777106
vt 0.635563 0.777106
vt 0.629866 0.788461
vt 0.635563 0.788461
vt 0.629866 0.797472
vt 0.635563 0.797472
vt 0.756218 0.896181
vt 0.756218 0.907536
vt 0.750520 0.907536
vt 0.750520 0.896181
vt 0.756218 0.883594
vt 0.750520 0.883594
vt 0.756218 0.871007
vt 0.750520 0.871007
vt 0.756218 0.859652
vt 0.750520 0.859652
vt 0.641596 0.740517
vt 0.641596 0.731506
vt 0.647294 0.731506
vt 0.647294 0.740517
vt 0.641596 0.751872
vt 0.647294 0.751872
vt 0.618135 0.777106
vt 0.618135 0.764519
vt 0.623833 0.764519
vt 0.623833 0.777106
vt 0.618135 0.788461
vt 0.623833 0.788461
vt 0.618135 0.797472
vt 0.623833 0.797472
vt 0.738790 0.871007
vt 0.738790 0.859652
vt 0.744487 0.859652
vt 0.744487 0.871007
vt 0.738790 0.883594
vt 0.744487 0.883594
vt 0.738790 0.896181
vt 0.744487 0.896181
vt 0.738790 0.907536
vt 0.744487 0.907536
vt 0.606404 0.740577
vt 0.606404 0.731566
vt 0.612102 0.731566
vt 0.612102 0.740577
vt 0.606404 0.751932
vt 0.612102 0.751932
vt 0.606404 0.764519
vt 0.612102 0.764519
vt 0.606404 0.777106
vt 0.612102 0.777106
vt 0.606404 0.788461
vt 0.612102 0.788461
vt 0.606404 0.797472
vt 0.612102 0.797472
vt 0.732757 0.896184
vt 0.732757 0.907539
vt 0.727059 0.907539
vt 0.727059 0.896184
vt 0.732757 0.883597
vt 0.727059 0.883597
vt 0.732757 0.871010
vt 0.727059 0.871010
vt 0.732757 0.859655
vt 0.727059 0.859655
vt 0.618135 0.740577
vt 0.618135 0.731566
vt 0.623833 0.731566
vt 0.623833 0.740577
vt 0.618135 0.751932
vt 0.623833 0.751932
vt 0.594674 0.777106
vt 0.594674 0.764519
vt 0.600371 0.764519
vt 0.600371 0.777106
vt 0.594674 0.788461
vt 0.600371 0.788461
vt 0.594674 0.797472
vt 0.600371 0.797472
vt 0.715328 0.871043
vt 0.715328 0.859689
vt 0.721026 0.859689
vt 0.721026 0.871043
vt 0.715328 0.883630
vt 0.721026 0.883630
vt 0.715328 0.896217
vt 0.721026 0.896217
vt 0.715328 0.907572
vt 0.721026 0.907572
vt 0.582943 0.740577
vt 0.582943 0.731566
vt 0.588641 0.731566
vt 0.588641 0.740577
vt 0.582943 0.751932
vt 0.588641 0.751932
vt 0.582943 0.764519
vt 0.588641 0.764519
vt 0.582943 0.777106
vt 0.588641 0.777106
vt 0.582943 0.788461
vt 0.588641 0.788461
vt 0.582943 0.797472
vt 0.588641 0.797472
vt 0.709295 0.899285
vt 0.709295 0.910640
vt 0.703598 0.910640
vt 0.703598 0.899285
vt 0.709295 0.886698
vt 0.703598 0.886698
vt 0.709295 0.874111
vt 0.703598 0.874111
vt 0.709295 0.862756
vt 0.703598 0.862756
vt 0.594674 0.740577
vt 0.594674 0.731566
vt 0.600371 0.731566
vt 0.600371 0.740577
vt 0.594674 0.751932
vt 0.600371 0.751932
vt 0.571212 0.777127
vt 0.571212 0.764540
vt 0.576910 0.764540
vt 0.576910 0.777127
vt 0.571212 0.788482
vt 0.576910 0.788482
vt 0.571212 0.797493
vt 0.576910 0.797493
vt 0.691867 0.874111
vt 0.691867 0.862756
vt 0.697564 0.862756
vt 0.697564 0.874111
vt 0.691867 0.886698
vt 0.697564 0.886698
vt 0.691867 0.899285
vt 0.697564 0.899285
vt 0.691867 0.910640
vt 0.697564 0.910640
vt 0.559482 0.740598
vt 0.559482 0.731587
vt 0.565179 0.731587
vt 0.565179 0.740598
vt 0.559482 0.751953
vt 0.565179 0.751953
vt 0.559482 0.764540
vt 0.565179 0.764540
vt 0.559482 0.777127
vt 0.565179 0.777127
vt 0.559482 0.788482
vt 0.565179 0.788482
vt 0.559482 0.797493
vt 0.565179 0.797493
vt 0.685834 0.899749
vt 0.685834 0.911104
vt 0.680136 0.911104
vt 0.680136 0.899749
vt 0.685834 0.887162
vt 0.680136 0.887162
vt 0.685834 0.874575
vt 0.680136 0.874575
vt 0.685834 0.863221
vt 0.680136 0.863221
vt 0.571212 0.740598
vt 0.571212 0.731587
vt 0.576910 0.731587
vt 0.576910 0.740598
vt 0.571212 0.751953
vt 0.576910 0.751953
vt 0.547751 0.777131
vt 0.547751 0.764544
vt 0.553448 0.764544
vt 0.553448 0.777131
vt 0.547751 0.788486
vt 0.553448 0.788486
vt 0.547751 0.797498
vt 0.553448 0.797498
vt 0.668406 0.874575
vt 0.668406 0.863221
vt 0.674103 0.863221
vt 0.674103 0.874575
vt 0.668406 0.887162
vt 0.674103 0.887162
vt 0.668406 0.899749
vt 0.674103 0.899749
vt 0.668406 0.911104
vt 0.674103 0.911104
vt 0.536020 0.740603
vt 0.536020 0.731591
vt 0.541718 0.731591
vt 0.541718 0.740603
vt 0.536020 0.751957
vt 0.541718 0.751957
vt 0.536020 0.764544
vt 0.541718 0.764544
vt 0.536020 0.777131
vt 0.541718 0.777131
vt 0.536020 0.788486
vt 0.541718 0.788486
vt 0.536020 0.797498
vt 0.541718 0.797498
vt 0.662372 0.899749
vt 0.662372 0.911104
vt 0.656675 0.911104
vt 0.656675 0.899749
vt 0.662372 0.887162
vt 0.656675 0.887162
vt 0.662372 0.874575
vt 0.656675 0.874575
vt 0.662372 0.863220
vt 0.656675 0.863220
vt 0.547751 0.740603
vt 0.547751 0.731591
vt 0.553448 0.731591
vt 0.553448 0.740603
vt 0.547751 0.751957
vt 0.553448 0.751957
vt 0.421707 0.351688
vt 0.419713 0.339101
vt 0.420460 0.338859
vt 0.422492 0.351688
vt 0.509790 0.364275
vt 0.511783 0.351688
vt 0.512568 0.351688
vt 0.510536 0.364518
vt 0.509790 0.339101
vt 0.510536 0.338859
vt 0.419713 0.364275
vt 0.420460 0.364518
vt 0.504004 0.327747
vt 0.504639 0.327285
vt 0.413928 0.375630
vt 0.414563 0.376092
vt 0.494993 0.318735
vt 0.495454 0.318100
vt 0.404916 0.384642
vt 0.405378 0.385277
vt 0.483638 0.312950
vt 0.483880 0.312203
vt 0.393562 0.390427
vt 0.393804 0.391174
vt 0.471051 0.310956
vt 0.471051 0.310171
vt 0.380975 0.392421
vt 0.380975 0.393206
vt 0.458464 0.312950
vt 0.458221 0.312203
vt 0.368388 0.390427
vt 0.368145 0.391174
vt 0.447109 0.318735
vt 0.446647 0.318100
vt 0.357033 0.384642
vt 0.356571 0.385277
vt 0.438098 0.327747
vt 0.437462 0.327285
vt 0.348021 0.375630
vt 0.347386 0.376092
vt 0.432312 0.339101
vt 0.431565 0.338859
vt 0.342236 0.364275
vt 0.341489 0.364518
vt 0.430318 0.351688
vt 0.429533 0.351688
vt 0.340242 0.351688
vt 0.339457 0.351688
vt 0.432312 0.364275
vt 0.431565 0.364518
vt 0.342236 0.339101
vt 0.341489 0.338859
vt 0.438098 0.375630
vt 0.437462 0.376092
vt 0.348021 0.327747
vt 0.347386 0.327285
vt 0.447109 0.384642
vt 0.446647 0.385277
vt 0.357033 0.318735
vt 0.356571 0.318100
vt 0.458464 0.390427
vt 0.458221 0.391174
vt 0.368388 0.312950
vt 0.368145 0.312203
vt 0.471051 0.392421
vt 0.471051 0.393206
vt 0.380975 0.310956
vt 0.380975 0.310171
vt 0.483638 0.390427
vt 0.483880 0.391174
vt 0.393562 0.312950
vt 0.393804 0.312203
vt 0.494993 0.384642
vt 0.495454 0.385277
vt 0.404916 0.318735
vt 0.405378 0.318100
vt 0.504004 0.375630
vt 0.504639 0.376092
vt 0.413928 0.327747
vt 0.414563 0.327285
vt 0.601859 0.351591
vt 0.599866 0.339004
vt 0.600612 0.338762
vt 0.602645 0.351591
vt 0.689942 0.364160
vt 0.691935 0.351573
vt 0.692721 0.351573
vt 0.690689 0.364403
vt 0.689942 0.338986
vt 0.690689 0.338744
vt 0.599866 0.364178
vt 0.600612 0.364421
vt 0.684156 0.327632
vt 0.684791 0.327170
vt 0.594080 0.375533
vt 0.594715 0.375995
vt 0.675145 0.318620
vt 0.675606 0.317985
vt 0.585069 0.384545
vt 0.585530 0.385180
vt 0.663790 0.312835
vt 0.664033 0.312088
vt 0.573714 0.390330
vt 0.573956 0.391077
vt 0.651203 0.310841
vt 0.651203 0.310056
vt 0.561127 0.392324
vt 0.561127 0.393109
vt 0.638616 0.312835
vt 0.638373 0.312088
vt 0.548540 0.390330
vt 0.548297 0.391077
vt 0.627261 0.318620
vt 0.626799 0.317985
vt 0.537185 0.384545
vt 0.536723 0.385180
vt 0.618250 0.327632
vt 0.617614 0.327170
vt 0.528174 0.375533
vt 0.527538 0.375995
vt 0.612464 0.338986
vt 0.611717 0.338744
vt 0.522388 0.364178
vt 0.521641 0.364421
vt 0.610471 0.351573
vt 0.609685 0.351573
vt 0.520394 0.351591
vt 0.519609 0.351591
vt 0.612464 0.364160
vt 0.611717 0.364403
vt 0.522388 0.339004
vt 0.521641 0.338762
vt 0.618250 0.375515
vt 0.617614 0.375977
vt 0.528174 0.327649
vt 0.527538 0.327188
vt 0.627261 0.384527
vt 0.626799 0.385162
vt 0.537185 0.318638
vt 0.536723 0.318003
vt 0.638616 0.390312
vt 0.638373 0.391059
vt 0.548540 0.312853
vt 0.548297 0.312106
vt 0.651203 0.392306
vt 0.651203 0.393091
vt 0.561127 0.310859
vt 0.561127 0.310074
vt 0.663790 0.390312
vt 0.664033 0.391059
vt 0.573714 0.312853
vt 0.573956 0.312106
vt 0.675145 0.384527
vt 0.675606 0.385162
vt 0.585069 0.318638
vt 0.585530 0.318003
vt 0.684156 0.375515
vt 0.684791 0.375977
vt 0.594080 0.327649
vt 0.594715 0.327188
vt 0.782011 0.351563
vt 0.780018 0.338976
vt 0.780765 0.338734
vt 0.782797 0.351563
vt 0.870094 0.276407
vt 0.872088 0.263820
vt 0.872873 0.263820
vt 0.870841 0.276650
vt 0.870094 0.251233
vt 0.870841 0.250991
vt 0.780018 0.364150
vt 0.780765 0.364393
vt 0.864308 0.239878
vt 0.864944 0.239417
vt 0.774232 0.375505
vt 0.774868 0.375967
vt 0.855297 0.230867
vt 0.855759 0.230232
vt 0.765221 0.384516
vt 0.765683 0.385152
vt 0.843942 0.225081
vt 0.844185 0.224335
vt 0.753866 0.390302
vt 0.754109 0.391049
vt 0.831355 0.223088
vt 0.831355 0.222302
vt 0.741279 0.392296
vt 0.741279 0.393081
vt 0.818768 0.225081
vt 0.818525 0.224335
vt 0.728692 0.390302
vt 0.728449 0.391049
vt 0.807413 0.230867
vt 0.806952 0.230232
vt 0.717337 0.384516
vt 0.716875 0.385152
vt 0.798402 0.239878
vt 0.797767 0.239417
vt 0.708326 0.375505
vt 0.707690 0.375967
vt 0.792616 0.251233
vt 0.791869 0.250991
vt 0.702540 0.364150
vt 0.701793 0.364393
vt 0.790623 0.263820
vt 0.789837 0.263820
vt 0.700547 0.351563
vt 0.699761 0.351563
vt 0.792616 0.276407
vt 0.791869 0.276650
vt 0.702540 0.338976
vt 0.701793 0.338734
vt 0.798402 0.287762
vt 0.797767 0.288224
vt 0.708326 0.327621
vt 0.707690 0.327160
vt 0.807413 0.296773
vt 0.806952 0.297409
vt 0.717337 0.318610
vt 0.716875 0.317975
vt 0.818768 0.302559
vt 0.818525 0.303306
vt 0.728692 0.312824
vt 0.728449 0.312078
vt 0.831355 0.304553
vt 0.831355 0.305338
vt 0.741279 0.310831
vt 0.741279 0.310046
vt 0.843942 0.302559
vt 0.844185 0.303306
vt 0.753866 0.312824
vt 0.754109 0.312078
vt 0.855297 0.296773
vt 0.855759 0.297409
vt 0.765221 0.318610
vt 0.765683 0.317975
vt 0.864308 0.287762
vt 0.864944 0.288224
vt 0.774232 0.327621
vt 0.774868 0.327160
vt 0.962164 0.263820
vt 0.960170 0.251233
vt 0.960917 0.250991
vt 0.962949 0.263820
vt 0.978618 0.363368
vt 0.980611 0.350781
vt 0.981397 0.350781
vt 0.979365 0.363610
vt 0.978618 0.338194
vt 0.979365 0.337951
vt 0.960170 0.276407
vt 0.960917 0.276650
vt 0.972832 0.326839
vt 0.973468 0.326377
vt 0.954384 0.287762
vt 0.955020 0.288224
vt 0.963821 0.317827
vt 0.964283 0.317192
vt 0.945373 0.296773
vt 0.945835 0.297409
vt 0.952466 0.312042
vt 0.952709 0.311295
vt 0.934018 0.302559
vt 0.934261 0.303306
vt 0.939879 0.310048
vt 0.939879 0.309263
vt 0.921431 0.304553
vt 0.921431 0.305338
vt 0.927292 0.312042
vt 0.927049 0.311295
vt 0.908844 0.302559
vt 0.908602 0.303306
vt 0.915937 0.317827
vt 0.915475 0.317192
vt 0.897489 0.296773
vt 0.897028 0.297409
vt 0.906926 0.326839
vt 0.906290 0.326377
vt 0.888478 0.287762
vt 0.887843 0.288224
vt 0.901140 0.338194
vt 0.900393 0.337951
vt 0.882692 0.276407
vt 0.881946 0.276650
vt 0.899147 0.350781
vt 0.898361 0.350781
vt 0.880699 0.263820
vt 0.879914 0.263820
vt 0.901140 0.363368
vt 0.900393 0.363610
vt 0.882692 0.251233
vt 0.881946 0.250991
vt 0.906926 0.374723
vt 0.906290 0.375184
vt 0.888478 0.239878
vt 0.887843 0.239417
vt 0.915937 0.383734
vt 0.915475 0.384369
vt 0.897489 0.230867
vt 0.897028 0.230232
vt 0.927292 0.389519
vt 0.927049 0.390266
vt 0.908844 0.225081
vt 0.908602 0.224335
vt 0.939879 0.391513
vt 0.939879 0.392298
vt 0.921431 0.223088
vt 0.921431 0.222302
vt 0.952466 0.389519
vt 0.952709 0.390266
vt 0.934018 0.225081
vt 0.934261 0.224335
vt 0.963821 0.383734
vt 0.964283 0.384369
vt 0.945373 0.230867
vt 0.945835 0.230232
vt 0.972832 0.374723
vt 0.973468 0.375184
vt 0.954384 0.239878
vt 0.955020 0.239417
vt 0.891543 0.350781
vt 0.889549 0.338194
vt 0.890296 0.337951
vt 0.892328 0.350781
vt 0.800481 0.451111
vt 0.802474 0.438524
vt 0.803260 0.438524
vt 0.801228 0.451353
vt 0.800481 0.425937
vt 0.801228 0.425694
vt 0.889549 0.363368
vt 0.890296 0.363610
vt 0.794695 0.414582
vt 0.795330 0.414120
vt 0.883764 0.374723
vt 0.884399 0.375184
vt 0.785684 0.405571
vt 0.786145 0.404935
vt 0.874752 0.383734
vt 0.875214 0.384369
vt 0.774329 0.399785
vt 0.774571 0.399038
vt 0.863397 0.389519
vt 0.863640 0.390266
vt 0.761742 0.397791
vt 0.761742 0.397006
vt 0.850810 0.391513
vt 0.850810 0.392298
vt 0.749155 0.399785
vt 0.748912 0.399038
vt 0.838223 0.389519
vt 0.837981 0.390266
vt 0.737800 0.405571
vt 0.737338 0.404935
vt 0.826869 0.383734
vt 0.826407 0.384369
vt 0.728789 0.414582
vt 0.728153 0.414120
vt 0.817857 0.374723
vt 0.817222 0.375184
vt 0.723003 0.425937
vt 0.722256 0.425694
vt 0.812072 0.363368
vt 0.811325 0.363610
vt 0.721009 0.438524
vt 0.720224 0.438524
vt 0.810078 0.350781
vt 0.809293 0.350781
vt 0.723003 0.451111
vt 0.722256 0.451353
vt 0.812072 0.338194
vt 0.811325 0.337951
vt 0.728789 0.462466
vt 0.728153 0.462927
vt 0.817857 0.326839
vt 0.817222 0.326377
vt 0.737800 0.471477
vt 0.737338 0.472112
vt 0.826869 0.317827
vt 0.826407 0.317192
vt 0.749155 0.477263
vt 0.748912 0.478009
vt 0.838223 0.312042
vt 0.837981 0.311295
vt 0.761742 0.479256
vt 0.761742 0.480041
vt 0.850810 0.310048
vt 0.850810 0.309263
vt 0.774329 0.477263
vt 0.774571 0.478009
vt 0.863397 0.312042
vt 0.863640 0.311295
vt 0.785684 0.471477
vt 0.786145 0.472112
vt 0.874752 0.317827
vt 0.875214 0.317192
vt 0.794695 0.462466
vt 0.795330 0.462927
vt 0.883764 0.326839
vt 0.884399 0.326377
vt 0.713406 0.438534
vt 0.711412 0.425947
vt 0.712159 0.425704
vt 0.714191 0.438534
vt 0.622343 0.451139
vt 0.624337 0.438552
vt 0.625122 0.438552
vt 0.623090 0.451381
vt 0.622343 0.425965
vt 0.623090 0.425722
vt 0.711412 0.451121
vt 0.712159 0.451364
vt 0.616558 0.414610
vt 0.617193 0.414148
vt 0.705626 0.462476
vt 0.706262 0.462937
vt 0.607547 0.405599
vt 0.608008 0.404963
vt 0.696615 0.471487
vt 0.697077 0.472122
vt 0.596192 0.399813
vt 0.596434 0.399066
vt 0.685260 0.477273
vt 0.685503 0.478020
vt 0.583605 0.397819
vt 0.583605 0.397034
vt 0.672673 0.479266
vt 0.672673 0.480052
vt 0.571018 0.399813
vt 0.570775 0.399066
vt 0.660086 0.477273
vt 0.659844 0.478020
vt 0.559663 0.405599
vt 0.559201 0.404963
vt 0.648731 0.471487
vt 0.648270 0.472122
vt 0.550651 0.414610
vt 0.550016 0.414148
vt 0.639720 0.462476
vt 0.639085 0.462937
vt 0.544866 0.425965
vt 0.544119 0.425722
vt 0.633934 0.451121
vt 0.633188 0.451364
vt 0.542872 0.438552
vt 0.542087 0.438552
vt 0.631941 0.438534
vt 0.631156 0.438534
vt 0.544866 0.451139
vt 0.544119 0.451381
vt 0.633934 0.425947
vt 0.633188 0.425704
vt 0.550651 0.462494
vt 0.550016 0.462955
vt 0.639720 0.414592
vt 0.639085 0.414130
vt 0.559663 0.471505
vt 0.559201 0.472140
vt 0.648731 0.405581
vt 0.648270 0.404945
vt 0.571018 0.477291
vt 0.570775 0.478038
vt 0.660086 0.399795
vt 0.659844 0.399048
vt 0.583605 0.479284
vt 0.583605 0.480070
vt 0.672673 0.397802
vt 0.672673 0.397016
vt 0.596192 0.477291
vt 0.596434 0.478038
vt 0.685260 0.399795
vt 0.685503 0.399048
vt 0.607547 0.471505
vt 0.608008 0.472140
vt 0.696615 0.405581
vt 0.697077 0.404945
vt 0.616558 0.462494
vt 0.617193 0.462955
vt 0.705626 0.414592
vt 0.706262 0.414130
vt 0.535268 0.438649
vt 0.533275 0.426062
vt 0.534022 0.425819
vt 0.536054 0.438649
vt 0.444206 0.451236
vt 0.446200 0.438649
vt 0.446985 0.438649
vt 0.444953 0.451479
vt 0.444206 0.426062
vt 0.444953 0.425819
vt 0.533275 0.451236
vt 0.534022 0.451479
vt 0.438421 0.414707
vt 0.439056 0.414245
vt 0.527489 0.462591
vt 0.528125 0.463052
vt 0.429409 0.405696
vt 0.429871 0.405060
vt 0.518478 0.471602
vt 0.518940 0.472237
vt 0.418054 0.399910
vt 0.418297 0.399163
vt 0.507123 0.477388
vt 0.507366 0.478135
vt 0.405467 0.397916
vt 0.405467 0.397131
vt 0.494536 0.479381
vt 0.494536 0.480167
vt 0.392880 0.399910
vt 0.392638 0.399163
vt 0.481949 0.477388
vt 0.481706 0.478135
vt 0.381526 0.405696
vt 0.381064 0.405060
vt 0.470594 0.471602
vt 0.470133 0.472237
vt 0.372514 0.414707
vt 0.371879 0.414245
vt 0.461583 0.462591
vt 0.460948 0.463052
vt 0.366729 0.426062
vt 0.365982 0.425819
vt 0.455797 0.451236
vt 0.455050 0.451479
vt 0.364735 0.438649
vt 0.363950 0.438649
vt 0.453804 0.438649
vt 0.453018 0.438649
vt 0.366729 0.451236
vt 0.365982 0.451479
vt 0.455797 0.426062
vt 0.455050 0.425819
vt 0.372514 0.462591
vt 0.371879 0.463052
vt 0.461583 0.414707
vt 0.460948 0.414245
vt 0.381526 0.471602
vt 0.381064 0.472237
vt 0.470594 0.405696
vt 0.470133 0.405060
vt 0.392880 0.477388
vt 0.392638 0.478135
vt 0.481949 0.399910
vt 0.481706 0.399163
vt 0.405467 0.479381
vt 0.405467 0.480167
vt 0.494536 0.397916
vt 0.494536 0.397131
vt 0.418054 0.477388
vt 0.418297 0.478135
vt 0.507123 0.399910
vt 0.507366 0.399163
vt 0.429409 0.471602
vt 0.429871 0.472237
vt 0.518478 0.405696
vt 0.518940 0.405060
vt 0.438421 0.462591
vt 0.439056 0.463052
vt 0.527489 0.414707
vt 0.528125 0.414245
vt 0.357131 0.440182
vt 0.355138 0.427595
vt 0.355885 0.427352
vt 0.357917 0.440182
vt 0.266069 0.452804
vt 0.268063 0.440217
vt 0.268848 0.440217
vt 0.266816 0.453047
vt 0.266069 0.427630
vt 0.266816 0.427388
vt 0.355138 0.452769
vt 0.355885 0.453012
vt 0.260283 0.416275
vt 0.260919 0.415814
vt 0.349352 0.464124
vt 0.349987 0.464585
vt 0.251272 0.407264
vt 0.251734 0.406629
vt 0.340341 0.473135
vt 0.340802 0.473770
vt 0.239917 0.401478
vt 0.240160 0.400732
vt 0.328986 0.478921
vt 0.329229 0.479668
vt 0.227330 0.399485
vt 0.227330 0.398699
vt 0.316399 0.480914
vt 0.316399 0.481700
vt 0.214743 0.401478
vt 0.214501 0.400732
vt 0.303812 0.478921
vt 0.303569 0.479668
vt 0.203388 0.407264
vt 0.202927 0.406629
vt 0.292457 0.473135
vt 0.291995 0.473770
vt 0.194377 0.416275
vt 0.193742 0.415814
vt 0.283446 0.464124
vt 0.282810 0.464585
vt 0.188591 0.427630
vt 0.187845 0.427388
vt 0.277660 0.452769
vt 0.276913 0.453012
vt 0.186598 0.440217
vt 0.185813 0.440217
vt 0.275666 0.440182
vt 0.274881 0.440182
vt 0.188591 0.452804
vt 0.187845 0.453047
vt 0.277660 0.427595
vt 0.276913 0.427352
vt 0.194377 0.464159
vt 0.193742 0.464621
vt 0.283446 0.416240
vt 0.282810 0.415778
vt 0.203388 0.473170
vt 0.202927 0.473806
vt 0.292457 0.407229
vt 0.291995 0.406593
vt 0.214743 0.478956
vt 0.214501 0.479703
vt 0.303812 0.401443
vt 0.303569 0.400696
vt 0.227330 0.480950
vt 0.227330 0.481735
vt 0.316399 0.399449
vt 0.316399 0.398664
vt 0.239917 0.478956
vt 0.240160 0.479703
vt 0.328986 0.401443
vt 0.329229 0.400696
vt 0.251272 0.473170
vt 0.251734 0.473806
vt 0.340341 0.407229
vt 0.340802 0.406593
vt 0.260283 0.464159
vt 0.260919 0.464621
vt 0.349352 0.416240
vt 0.349987 0.415778
vt 0.178994 0.440233
vt 0.177000 0.427646
vt 0.177747 0.427403
vt 0.179779 0.440233
vt 0.087932 0.447097
vt 0.089925 0.434510
vt 0.090711 0.434510
vt 0.088679 0.447340
vt 0.087932 0.421923
vt 0.088679 0.421680
vt 0.177000 0.452820
vt 0.177747 0.453063
vt 0.082146 0.410568
vt 0.082782 0.410107
vt 0.171215 0.464175
vt 0.171850 0.464637
vt 0.073135 0.401557
vt 0.073597 0.400921
vt 0.162204 0.473186
vt 0.162665 0.473822
vt 0.061780 0.395771
vt 0.062023 0.395024
vt 0.150849 0.478972
vt 0.151091 0.479719
vt 0.049193 0.393778
vt 0.049193 0.392992
vt 0.138262 0.480965
vt 0.138262 0.481751
vt 0.036606 0.395771
vt 0.036363 0.395024
vt 0.125675 0.478972
vt 0.125432 0.479719
vt 0.025251 0.401557
vt 0.024790 0.400921
vt 0.114320 0.473186
vt 0.113858 0.473822
vt 0.016240 0.410568
vt 0.015605 0.410107
vt 0.105308 0.464175
vt 0.104673 0.464637
vt 0.010454 0.421923
vt 0.009707 0.421680
vt 0.099523 0.452820
vt 0.098776 0.453063
vt 0.008461 0.434510
vt 0.007675 0.434510
vt 0.097529 0.440233
vt 0.096744 0.440233
vt 0.010454 0.447097
vt 0.009707 0.447340
vt 0.099523 0.427646
vt 0.098776 0.427403
vt 0.016240 0.458452
vt 0.015605 0.458914
vt 0.105308 0.416291
vt 0.104673 0.415830
vt 0.025251 0.467463
vt 0.024790 0.468099
vt 0.114320 0.407280
vt 0.113858 0.406645
vt 0.036606 0.473249
vt 0.036363 0.473996
vt 0.125675 0.401494
vt 0.125432 0.400747
vt 0.049193 0.475242
vt 0.049193 0.476028
vt 0.138262 0.399501
vt 0.138262 0.398715
vt 0.061780 0.473249
vt 0.062023 0.473996
vt 0.150849 0.401494
vt 0.151091 0.400747
vt 0.073135 0.467463
vt 0.073597 0.468099
vt 0.162204 0.407280
vt 0.162665 0.406645
vt 0.082146 0.458452
vt 0.082782 0.458914
vt 0.171215 0.416291
vt 0.171850 0.415830
vt 0.084209 0.521470
vt 0.082215 0.508883
vt 0.082962 0.508641
vt 0.084994 0.521470
vt 0.172483 0.539780
vt 0.174477 0.527193
vt 0.175262 0.527193
vt 0.173230 0.540023
vt 0.172483 0.514606
vt 0.173230 0.514364
vt 0.082215 0.534057
vt 0.082962 0.534300
vt 0.166698 0.503252
vt 0.167333 0.502790
vt 0.076430 0.545412
vt 0.077065 0.545874
vt 0.157686 0.494240
vt 0.158148 0.493605
vt 0.067418 0.554424
vt 0.067880 0.555059
vt 0.146331 0.488455
vt 0.146574 0.487708
vt 0.056064 0.560209
vt 0.056306 0.560956
vt 0.133744 0.486461
vt 0.133744 0.485676
vt 0.043477 0.562203
vt 0.043477 0.562988
vt 0.121157 0.488455
vt 0.120915 0.487708
vt 0.030890 0.560209
vt 0.030647 0.560956
vt 0.109802 0.494240
vt 0.109341 0.493605
vt 0.019535 0.554424
vt 0.019073 0.555059
vt 0.100791 0.503252
vt 0.100156 0.502790
vt 0.010523 0.545412
vt 0.009888 0.545874
vt 0.095006 0.514606
vt 0.094259 0.514364
vt 0.004738 0.534057
vt 0.003991 0.534300
vt 0.093012 0.527193
vt 0.092227 0.527193
vt 0.002744 0.521470
vt 0.001959 0.521470
vt 0.095006 0.539780
vt 0.094259 0.540023
vt 0.004738 0.508883
vt 0.003991 0.508641
vt 0.100791 0.551135
vt 0.100156 0.551597
vt 0.010523 0.497529
vt 0.009888 0.497067
vt 0.109802 0.560147
vt 0.109341 0.560782
vt 0.019535 0.488517
vt 0.019073 0.487882
vt 0.121157 0.565932
vt 0.120915 0.566679
vt 0.030890 0.482732
vt 0.030647 0.481985
vt 0.133744 0.567926
vt 0.133744 0.568711
vt 0.043477 0.480738
vt 0.043477 0.479953
vt 0.146331 0.565932
vt 0.146574 0.566679
vt 0.056064 0.482732
vt 0.056306 0.481985
vt 0.157686 0.560147
vt 0.158148 0.560782
vt 0.067418 0.488517
vt 0.067880 0.487882
vt 0.166698 0.551135
vt 0.167333 0.551597
vt 0.076430 0.497529
vt 0.077065 0.497067
vn 0.000000 -1.000000 -0.000000
vn 0.000000 -1.000000 0.000000
vn 0.000000 -1.000000 -0.000000
vn 0.000000 -1.000000 -0.000000
vn 0.000000 -1.000000 0.000000
vn 0.000000 -1.000000 0.000000
vn 0.000000 -1.000000 0.000000
vn 0.000000 -1.000000 0.000000
vn 0.000000 -1.000000 0.000000
vn 0.000000 -1.000000 -0.000000
vn 0.000000 -1.000000 0.000000
vn 0.000000 -1.000000 -0.000000
vn 0.000000 -1.000000 0.000000
vn 0.000000 -1.000000 -0.000000
vn 0.000000 -1.000000 0.000000
vn 0.000000 -1.000000 -0.000000
vn 0.000000 -1.000000 -0.000000
vn 0.000000 -1.000000 0.000000
vn 0.000000 -1.000000 0.000000
vn 0.000000 -1.000000 0.000000
vn 0.000000 -1.000000 0.000000
vn 0.000000 1.000000 0.000000
vn 0.000000 1.000000 -0.000000
vn 0.000000 1.000000 -0.000000
vn 0.000000 1.000000 -0.000000
vn 0.000000 1.000000 0.000000
vn 0.000000 1.000000 0.000000
vn 0.000000 1.000000 -0.000000
vn 0.000000 1.000000 0.000000
vn 0.000000 1.000000 -0.000000
vn 0.000000 1.000000 -0.000000
vn 0.000000 1.000000 0.000000
vn 0.000000 1.000000 -0.000000
vn 0.000000 1.000000 0.000000
vn 0.000000 1.000000 0.000000
vn 0.000000 1.000000 0.000000
vn 0.000000 1.000000 0.000000
vn 0.000000 1.000000 -0.000000
vn 0.000000 1.000000 0.000000
vn 0.000000 1.000000 0.000000
vn 0.000000 1.000000 0.000000
vn 0.000000 1.000000 0.000000
vn 1.000000 0.000000 0.000001
vn 1.000000 0.000000 0.000001
vn 0.951057 0.000000 -0.309016
vn 0.951057 0.000000 -0.309016
vn 0.951057 0.000000 0.309017
vn 0.951057 0.000000 0.309017
vn 0.809017 0.000000 0.587785
vn 0.809017 0.000000 0.587785
vn 0.587785 0.000000 0.809017
vn 0.587785 0.000000 0.809017
vn 0.309017 0.000000 0.951057
vn 0.309017 0.000000 0.951057
vn 0.000000 0.000000 1.000000
vn 0.000000 0.000000 1.000000
vn -0.309017 0.000000 0.951057
vn -0.309017 0.000000 0.951057
vn -0.587785 0.000000 0.809017
vn -0.587785 0.000000 0.809017
vn -0.809017 0.000000 0.587785
vn -0.809017 0.000000 0.587785
vn -0.951057 0.000000 0.309017
vn -0.951057 0.000000 0.309017
vn -1.000000 0.000000 0.000000
vn -1.000000 0.000000 0.000000
vn -0.951057 0.000000 -0.309017
vn -0.951057 0.000000 -0.309017
vn -0.809017 0.000000 -0.587785
vn -0.809017 0.000000 -0.587785
vn -0.587785 0.000000 -0.809017
vn -0.587785 0.000000 -0.809017
vn -0.309017 0.000000 -0.951057
vn -0.309017 0.000000 -0.951057
vn -0.000000 0.000000 -1.000000
vn -0.000000 0.000000 -1.000000
vn 0.309017 0.000000 -0.951057
vn 0.309017 0.000000 -0.951057
vn 0.587785 0.000000 -0.809017
vn 0.587785 0.000000 -0.809017
vn 0.809017 0.000000 -0.587785
vn 0.809017 0.000000 -0.587785
vn 1.000000 0.000000 0.000001
vn 1.000000 0.000000 0.000001
vn 0.951057 0.000000 -0.309016
vn 0.951057 0.000000 -0.309016
vn 0.951057 0.000000 0.309017
vn 0.951057 0.000000 0.309017
vn 0.809017 0.000000 0.587785
vn 0.809017 0.000000 0.587785
vn 0.587785 0.000000 0.809017
vn 0.587785 0.000000 0.809017
vn 0.309017 0.000000 0.951057
vn 0.309017 0.000000 0.951057
vn 0.000000 0.000000 1.000000
vn 0.000000 0.000000 1.000000
vn -0.309017 0.000000 0.951057
vn -0.309017 0.000000 0.951057
vn -0.587785 0.000000 0.809017
vn -0.587785 0.000000 0.809017
vn -0.809017 0.000000 0.587786
vn -0.809017 0.000000 0.587786
vn -0.951057 0.000000 0.309017
vn -0.951057 0.000000 0.309017
vn -1.000000 0.000000 0.000000
vn -1.000000 0.000000 0.000000
vn -0.951057 0.000000 -0.309017
vn -0.951057 0.000000 -0.309017
vn -0.809017 0.000000 -0.587785
vn -0.809017 0.000000 -0.587785
vn -0.587786 0.000000 -0.809017
vn -0.587786 0.000000 -0.809017
vn -0.309017 0.000000 -0.951057
vn -0.309017 0.000000 -0.951057
vn -0.000000 0.000000 -1.000000
vn -0.000000 0.000000 -1.000000
vn 0.309017 0.000000 -0.951057
vn 0.309017 0.000000 -0.951057
vn 0.587785 0.000000 -0.809017
vn 0.587785 0.000000 -0.809017
vn 0.809017 0.000000 -0.587785
vn 0.809017 0.000000 -0.587785
vn 1.000000 0.000000 0.000001
vn 1.000000 0.000000 0.000001
vn 0.951057 0.000000 -0.309016
vn 0.951057 0.000000 -0.309016
vn 0.951057 0.000000 0.309017
vn 0.951057 0.000000 0.309017
vn 0.809017 0.000000 0.587785
vn 0.809017 0.000000 0.587785
vn 0.587785 0.000000 0.809017
vn 0.587785 0.000000 0.809017
vn 0.309017 0.000000 0.951056
vn 0.309017 0.000000 0.951056
vn 0.000000 0.000000 1.000000
vn 0.000000 0.000000 1.000000
vn -0.309017 0.000000 0.951057
vn -0.309017 0.000000 0.951057
vn -0.587785 0.000000 0.809017
vn -0.587785 0.000000 0.809017
vn -0.809017 0.000000 0.587786
vn -0.809017 0.000000 0.587786
vn -0.951057 0.000000 0.309017
vn -0.951057 0.000000 0.309017
vn -1.000000 0.000000 0.000000
vn -1.000000 0.000000 0.000000
vn -0.951057 0.000000 -0.309017
vn -0.951057 0.000000 -0.309017
vn -0.809017 0.000000 -0.587785
vn -0.809017 0.000000 -0.587785
vn -0.587786 0.000000 -0.809017
vn -0.587786 0.000000 -0.809017
vn -0.309017 0.000000 -0.951057
vn -0.309017 0.000000 -0.951057
vn -0.000000 0.000000 -1.000000
vn -0.000000 0.000000 -1.000000
vn 0.309017 0.000000 -0.951057
vn 0.309017 0.000000 -0.951057
vn 0.587785 0.000000 -0.809017
vn 0.587785 0.000000 -0.809017
vn 0.809017 0.000000 -0.587785
vn 0.809017 0.000000 -0.587785
vn 1.000000 0.000000 0.000001
vn 1.000000 0.000000 0.000001
vn 0.951057 0.000000 -0.309016
vn 0.951057 0.000000 -0.309016
vn 0.951057 0.000000 0.309017
vn 0.951057 0.000000 0.309017
vn 0.809017 0.000000 0.587785
vn 0.809017 0.000000 0.587785
vn 0.587785 0.000000 0.809017
vn 0.587785 0.000000 0.809017
vn 0.309017 0.000000 0.951057
vn 0.309017 0.000000 0.951057
vn 0.000000 0.000000 1.000000
vn 0.000000 0.000000 1.000000
vn -0.309017 0.000000 0.951057
vn -0.309017 0.000000 0.951057
vn -0.587785 0.000000 0.809017
vn -0.587785 0.000000 0.809017
vn -0.809017 0.000000 0.587785
vn -0.809017 0.000000 0.587785
vn -0.951057 0.000000 0.309017
vn -0.951057 0.000000 0.309017
vn -1.000000 0.000000 0.000000
vn -1.000000 0.000000 0.000000
vn -0.951057 0.000000 -0.309017
vn -0.951057 0.000000 -0.309017
vn -0.809017 0.000000 -0.587785
vn -0.809017 0.000000 -0.587785
vn -0.587785 0.000000 -0.809017
vn -0.587785 0.000000 -0.809017
vn -0.309017 0.000000 -0.951057
vn -0.309017 0.000000 -0.951057
vn -0.000000 0.000000 -1.000000
vn -0.000000 0.000000 -1.000000
vn 0.309017 0.000000 -0.951057
vn 0.309017 0.000000 -0.951057
vn 0.587785 0.000000 -0.809017
vn 0.587785 0.000000 -0.809017
vn 0.809017 0.000000 -0.587785
vn 0.809017 0.000000 -0.587785
vn 1.000000 0.000000 0.000001
vn 1.000000 0.000000 0.000001
vn 0.951057 0.000000 -0.309016
vn 0.951057 0.000000 -0.309016
vn 0.951057 0.000000 0.309017
vn 0.951057 0.000000 0.309017
vn 0.809017 0.000000 0.587785
vn 0.809017 0.000000 0.587785
vn 0.587785 0.000000 0.809017
vn 0.587785 0.000000 0.809017
vn 0.309017 0.000000 0.951056
vn 0.309017 0.000000 0.951056
vn -0.000000 0.000000 1.000000
vn -0.000000 0.000000 1.000000
vn -0.309017 0.000000 0.951056
vn -0.309017 0.000000 0.951056
vn -0.587785 0.000000 0.809017
vn -0.587785 0.000000 0.809017
vn -0.809017 0.000000 0.587785
vn -0.809017 0.000000 0.587785
vn -0.951057 0.000000 0.309017
vn -0.951057 0.000000 0.309017
vn -1.000000 0.000000 0.000000
vn -1.000000 0.000000 0.000000
vn -0.951057 0.000000 -0.309017
vn -0.951057 0.000000 -0.309017
vn -0.809017 0.000000 -0.587785
vn -0.809017 0.000000 -0.587785
vn -0.587785 0.000000 -0.809017
vn -0.587785 0.000000 -0.809017
vn -0.309017 0.000000 -0.951056
vn -0.309017 0.000000 -0.951056
vn -0.000000 0.000000 -1.000000
vn -0.000000 0.000000 -1.000000
vn 0.309017 0.000000 -0.951057
vn 0.309017 0.000000 -0.951057
vn 0.587785 0.000000 -0.809017
vn 0.587785 0.000000 -0.809017
vn 0.809017 0.000000 -0.587785
vn 0.809017 0.000000 -0.587785
vn 1.000000 0.000000 0.000001
vn 1.000000 0.000000 0.000001
vn 0.951057 0.000000 -0.309016
vn 0.951057 0.000000 -0.309016
vn 0.951057 0.000000 0.309017
vn 0.951057 0.000000 0.309017
vn 0.809017 0.000000 0.587785
vn 0.809017 0.000000 0.587785
vn 0.587785 0.000000 0.809017
vn 0.587785 0.000000 0.809017
vn 0.309017 0.000000 0.951056
vn 0.309017 0.000000 0.951056
vn 0.000000 0.000000 1.000000
vn 0.000000 0.000000 1.000000
vn -0.309017 0.000000 0.951056
vn -0.309017 0.000000 0.951056
vn -0.587785 0.000000 0.809017
vn -0.587785 0.000000 0.809017
vn -0.809017 0.000000 0.587785
vn -0.809017 0.000000 0.587785
vn -0.951057 0.000000 0.309017
vn -0.951057 0.000000 0.309017
vn -1.000000 0.000000 0.000000
vn -1.000000 0.000000 0.000000
vn -0.951057 0.000000 -0.309017
vn -0.951057 0.000000 -0.309017
vn -0.809017 0.000000 -0.587785
vn -0.809017 0.000000 -0.587785
vn -0.587785 0.000000 -0.809017
vn -0.587785 0.000000 -0.809017
vn -0.309017 0.000000 -0.951057
vn -0.309017 0.000000 -0.951057
vn -0.000000 0.000000 -1.000000
vn -0.000000 0.000000 -1.000000
vn 0.309017 0.000000 -0.951057
vn 0.309017 0.000000 -0.951057
vn 0.587785 0.000000 -0.809017
vn 0.587785 0.000000 -0.809017
vn 0.809017 0.000000 -0.587785
vn 0.809017 0.000000 -0.587785
vn 1.000000 0.000000 0.000001
vn 1.000000 0.000000 0.000001
vn 0.951057 0.000000 -0.309016
vn 0.951057 0.000000 -0.309016
vn 0.951057 0.000000 0.309017
vn 0.951057 0.000000 0.309017
vn 0.809017 0.000000 0.587785
vn 0.809017 0.000000 0.587785
vn 0.587785 0.000000 0.809017
vn 0.587785 0.000000 0.809017
vn 0.309017 0.000000 0.951056
vn 0.309017 0.000000 0.951056
vn 0.000000 0.000000 1.000000
vn 0.000000 0.000000 1.000000
vn -0.309017 0.000000 0.951056
vn -0.309017 0.000000 0.951056
vn -0.587785 0.000000 0.809017
vn -0.587785 0.000000 0.809017
vn -0.809017 0.000000 0.587785
vn -0.809017 0.000000 0.587785
vn -0.951057 0.000000 0.309017
vn -0.951057 0.000000 0.309017
vn -1.000000 0.000000 0.000000
vn -1.000000 0.000000 0.000000
vn -0.951057 0.000000 -0.309017
vn -0.951057 0.000000 -0.309017
vn -0.809017 0.000000 -0.587785
vn -0.809017 0.000000 -0.587785
vn -0.587785 0.000000 -0.809017
vn -0.587785 0.000000 -0.809017
vn -0.309017 0.000000 -0.951057
vn -0.309017 0.000000 -0.951057
vn 0.000000 0.000000 -1.000000
vn 0.000000 0.000000 -1.000000
vn 0.309017 0.000000 -0.951057
vn 0.309017 0.000000 -0.951057
vn 0.587785 0.000000 -0.809017
vn 0.587785 0.000000 -0.809017
vn 0.809017 0.000000 -0.587785
vn 0.809017 0.000000 -0.587785
vn 1.000000 0.000000 0.000001
vn 1.000000 0.000000 0.000001
vn 0.951057 0.000000 -0.309016
vn 0.951057 0.000000 -0.309016
vn 0.951057 0.000000 0.309017
vn 0.951057 0.000000 0.309017
vn 0.809017 0.000000 0.587785
vn 0.809017 0.000000 0.587785
vn 0.587785 0.000000 0.809017
vn 0.587785 0.000000 0.809017
vn 0.309017 0.000000 0.951057
vn 0.309017 0.000000 0.951057
vn 0.000000 0.000000 1.000000
vn 0.000000 0.000000 1.000000
vn -0.309017 0.000000 0.951057
vn -0.309017 0.000000 0.951057
vn -0.587785 0.000000 0.809017
vn -0.587785 0.000000 0.809017
vn -0.809017 0.000000 0.587785
vn -0.809017 0.000000 0.587785
vn -0.951057 0.000000 0.309017
vn -0.951057 0.000000 0.309017
vn -1.000000 0.000000 0.000000
vn -1.000000 0.000000 0.000000
vn -0.951057 0.000000 -0.309017
vn -0.951057 0.000000 -0.309017
vn -0.809017 0.000000 -0.587785
vn -0.809017 0.000000 -0.587785
vn -0.587786 0.000000 -0.809017
vn -0.587786 0.000000 -0.809017
vn -0.309017 0.000000 -0.951057
vn -0.309017 0.000000 -0.951057
vn -0.000000 0.000000 -1.000000
vn -0.000000 0.000000 -1.000000
vn 0.309017 0.000000 -0.951057
vn 0.309017 0.000000 -0.951057
vn 0.587785 0.000000 -0.809017
vn 0.587785 0.000000 -0.809017
vn 0.809017 0.000000 -0.587785
vn 0.809017 0.000000 -0.587785
vn 1.000000 0.000000 0.000001
vn 1.000000 0.000000 0.000001
vn 0.951057 0.000000 -0.309016
vn 0.951057 0.000000 -0.309016
vn 0.951057 0.000000 0.309017
vn 0.951057 0.000000 0.309017
vn 0.809017 0.000000 0.587785
vn 0.809017 0.000000 0.587785
vn 0.587785 0.000000 0.809017
vn 0.587785 0.000000 0.809017
vn 0.309017 0.000000 0.951056
vn 0.309017 0.000000 0.951056
vn 0.000000 0.000000 1.000000
vn 0.000000 0.000000 1.000000
vn -0.309017 0.000000 0.951056
vn -0.309017 0.000000 0.951056
vn -0.587785 0.000000 0.809017
vn -0.587785 0.000000 0.809017
vn -0.809017 0.000000 0.587786
vn -0.809017 0.000000 0.587786
vn -0.951057 0.000000 0.309017
vn -0.951057 0.000000 0.309017
vn -1.000000 0.000000 0.000000
vn -1.000000 0.000000 0.000000
vn -0.951057 0.000000 -0.309017
vn -0.951057 0.000000 -0.309017
vn -0.809017 0.000000 -0.587785
vn -0.809017 0.000000 -0.587785
vn -0.587785 0.000000 -0.809017
vn -0.587785 0.000000 -0.809017
vn -0.309017 0.000000 -0.951057
vn -0.309017 0.000000 -0.951057
vn -0.000000 0.000000 -1.000000
vn -0.000000 0.000000 -1.000000
vn 0.309017 0.000000 -0.951057
vn 0.309017 0.000000 -0.951057
vn 0.587785 0.000000 -0.809017
vn 0.587785 0.000000 -0.809017
vn 0.809017 0.000000 -0.587785
vn 0.809017 0.000000 -0.587785
vn 1.000000 0.000000 0.000001
vn 1.000000 0.000000 0.000001
vn 0.951057 0.000000 -0.309016
vn 0.951057 0.000000 -0.309016
vn 0.951057 0.000000 0.309017
vn 0.951057 0.000000 0.309017
vn 0.809017 0.000000 0.587785
vn 0.809017 0.000000 0.587785
vn 0.587785 0.000000 0.809017
vn 0.587785 0.000000 0.809017
vn 0.309017 0.000000 0.951057
vn 0.309017 0.000000 0.951057
vn 0.000000 0.000000 1.000000
vn 0.000000 0.000000 1.000000
vn -0.309017 0.000000 0.951057
vn -0.309017 0.000000 0.951057
vn -0.587785 0.000000 0.809017
vn -0.587785 0.000000 0.809017
vn -0.809017 0.000000 0.587785
vn -0.809017 0.000000 0.587785
vn -0.951057 0.000000 0.309017
vn -0.951057 0.000000 0.309017
vn -1.000000 0.000000 0.000000
vn -1.000000 0.000000 0.000000
vn -0.951057 0.000000 -0.309017
vn -0.951057 0.000000 -0.309017
vn -0.809017 0.000000 -0.587785
vn -0.809017 0.000000 -0.587785
vn -0.587786 0.000000 -0.809017
vn -0.587786 0.000000 -0.809017
vn -0.309017 0.000000 -0.951057
vn -0.309017 0.000000 -0.951057
vn -0.000000 0.000000 -1.000000
vn -0.000000 0.000000 -1.000000
vn 0.309017 0.000000 -0.951057
vn 0.309017 0.000000 -0.951057
vn 0.587785 0.000000 -0.809017
vn 0.587785 0.000000 -0.809017
vn 0.809017 0.000000 -0.587785
vn 0.809017 0.000000 -0.587785
vn 0.951057 -0.000000 -0.309016
vn 0.809017 -0.000000 -0.587785
vn 0.809017 -0.000000 -0.587785
vn 0.951057 -0.000000 -0.309016
vn 0.587785 0.000000 -0.809017
vn 0.587785 0.000000 -0.809017
vn 0.309017 0.000000 -0.951057
vn 0.309017 0.000000 -0.951057
vn -0.000000 0.000000 -1.000000
vn -0.000000 0.000000 -1.000000
vn -0.309017 0.000000 -0.951057
vn -0.309017 0.000000 -0.951057
vn -0.587786 0.000000 -0.809017
vn -0.587786 0.000000 -0.809017
vn -0.809017 0.000000 -0.587785
vn -0.809017 0.000000 -0.587785
vn -0.951057 0.000000 -0.309017
vn -0.951057 0.000000 -0.309017
vn -1.000000 0.000000 -0.000000
vn -1.000000 0.000000 -0.000000
vn -0.951057 0.000000 0.309017
vn -0.951057 0.000000 0.309017
vn -0.809017 0.000000 0.587786
vn -0.809017 0.000000 0.587786
vn -0.587785 0.000000 0.809017
vn -0.587785 0.000000 0.809017
vn -0.309017 0.000000 0.951056
vn -0.309017 0.000000 0.951056
vn 0.000000 0.000000 1.000000
vn 0.000000 0.000000 1.000000
vn 0.309017 0.000000 0.951057
vn 0.309017 0.000000 0.951057
vn 0.587785 0.000000 0.809017
vn 0.587785 0.000000 0.809017
vn 0.809017 0.000000 0.587785
vn 0.809017 0.000000 0.587785
vn 0.951057 0.000000 0.309017
vn 0.951057 0.000000 0.309017
vn 1.000000 0.000000 0.000001
vn 1.000000 0.000000 0.000001
vn 0.951057 0.000000 0.309017
vn 1.000000 0.000000 0.000001
vn 1.000000 0.000000 0.000001
vn 0.951057 0.000000 0.309017
vn 0.809017 0.000000 0.587785
vn 0.809017 0.000000 0.587785
vn 0.587785 0.000000 0.809017
vn 0.587785 0.000000 0.809017
vn 0.309017 0.000000 0.951057
vn 0.309017 0.000000 0.951057
vn 0.000000 -0.000000 1.000000
vn 0.000000 -0.000000 1.000000
vn -0.309017 -0.000000 0.951056
vn -0.309017 -0.000000 0.951057
vn -0.587785 -0.000000 0.809017
vn -0.587785 -0.000000 0.809017
vn -0.809017 0.000000 0.587786
vn -0.809017 0.000000 0.587786
vn -0.951057 0.000000 0.309017
vn -0.951057 0.000000 0.309017
vn -1.000000 0.000000 0.000000
vn -1.000000 0.000000 0.000000
vn -0.951057 -0.000000 -0.309017
vn -0.951057 -0.000000 -0.309017
vn -0.809017 -0.000000 -0.587785
vn -0.809017 -0.000000 -0.587785
vn -0.587786 0.000000 -0.809017
vn -0.587786 0.000000 -0.809017
vn -0.309017 0.000000 -0.951057
vn -0.309017 0.000000 -0.951057
vn -0.000000 0.000000 -1.000000
vn -0.000000 0.000000 -1.000000
vn 0.309017 0.000000 -0.951057
vn 0.309017 0.000000 -0.951057
vn 0.587785 0.000000 -0.809017
vn 0.587785 0.000000 -0.809017
vn 0.809017 0.000000 -0.587785
vn 0.809017 0.000000 -0.587785
vn 0.951057 0.000000 -0.309016
vn 0.951057 0.000000 -0.309016
vn 0.951057 0.000000 0.309017
vn 1.000000 0.000000 0.000001
vn 1.000000 0.000000 0.000001
vn 0.951057 0.000000 0.309017
vn 0.809017 0.000000 0.587785
vn 0.809017 0.000000 0.587785
vn 0.587785 0.000000 0.809017
vn 0.587785 0.000000 0.809017
vn 0.309017 0.000000 0.951056
vn 0.309017 0.000000 0.951056
vn 0.000000 0.000000 1.000000
vn 0.000000 0.000000 1.000000
vn -0.309017 0.000000 0.951057
vn -0.309017 0.000000 0.951057
vn -0.587785 0.000000 0.809017
vn -0.587785 0.000000 0.809017
vn -0.809017 0.000000 0.587785
vn -0.809017 0.000000 0.587785
vn -0.951057 0.000000 0.309017
vn -0.951057 0.000000 0.309017
vn -1.000000 0.000000 0.000000
vn -1.000000 0.000000 0.000000
vn -0.951057 0.000000 -0.309017
vn -0.951057 0.000000 -0.309017
vn -0.809017 0.000000 -0.587785
vn -0.809017 0.000000 -0.587785
vn -0.587786 0.000000 -0.809017
vn -0.587786 0.000000 -0.809017
vn -0.309017 0.000000 -0.951057
vn -0.309017 0.000000 -0.951057
vn -0.000000 0.000000 -1.000000
vn -0.000000 0.000000 -1.000000
vn 0.309017 0.000000 -0.951057
vn 0.309017 0.000000 -0.951057
vn 0.587785 0.000000 -0.809017
vn 0.587785 0.000000 -0.809017
vn 0.809017 0.000000 -0.587785
vn 0.809017 0.000000 -0.587785
vn 0.951057 0.000000 -0.309016
vn 0.951057 0.000000 -0.309016
vn 0.951057 0.000000 0.309017
vn 1.000000 0.000000 0.000001
vn 1.000000 0.000000 0.000001
vn 0.951057 0.000000 0.309017
vn 0.809017 0.000000 0.587785
vn 0.809017 0.000000 0.587785
vn 0.587785 0.000000 0.809017
vn 0.587785 0.000000 0.809017
vn 0.309017 0.000000 0.951057
vn 0.309017 0.000000 0.951057
vn 0.000000 0.000000 1.000000
vn 0.000000 0.000000 1.000000
vn -0.309017 0.000000 0.951057
vn -0.309017 0.000000 0.951057
vn -0.587785 0.000000 0.809017
vn -0.587785 0.000000 0.809017
vn -0.809017 0.000000 0.587786
vn -0.809017 0.000000 0.587786
vn -0.951057 0.000000 0.309017
vn -0.951057 0.000000 0.309017
vn -1.000000 0.000000 0.000000
vn -1.000000 0.000000 0.000000
vn -0.951057 0.000000 -0.309017
vn -0.951057 0.000000 -0.309017
vn -0.809017 0.000000 -0.587785
vn -0.809017 0.000000 -0.587785
vn -0.587785 0.000000 -0.809017
vn -0.587785 0.000000 -0.809017
vn -0.309017 0.000000 -0.951056
vn -0.309017 0.000000 -0.951056
vn -0.000000 0.000000 -1.000000
vn -0.000000 0.000000 -1.000000
vn 0.309017 0.000000 -0.951057
vn 0.309017 0.000000 -0.951057
vn 0.587785 0.000000 -0.809017
vn 0.587785 0.000000 -0.809017
vn 0.809017 0.000000 -0.587785
vn 0.809017 0.000000 -0.587785
vn 0.951057 0.000000 -0.309016
vn 0.951057 0.000000 -0.309016
vn 0.951057 0.000000 0.309017
vn 1.000000 0.000000 0.000001
vn 1.000000 0.000000 0.000001
vn 0.951057 0.000000 0.309017
vn 0.809017 0.000000 0.587785
vn 0.809017 0.000000 0.587785
vn 0.587785 0.000000 0.809017
vn 0.587785 0.000000 0.809017
vn 0.309017 0.000000 0.951056
vn 0.309017 0.000000 0.951056
vn 0.000000 0.000000 1.000000
vn 0.000000 0.000000 1.000000
vn -0.309017 0.000000 0.951056
vn -0.309017 0.000000 0.951056
vn -0.587785 0.000000 0.809017
vn -0.587785 0.000000 0.809017
vn -0.809017 0.000000 0.587786
vn -0.809017 0.000000 0.587786
vn -0.951057 0.000000 0.309017
vn -0.951057 0.000000 0.309017
vn -1.000000 0.000000 0.000000
vn -1.000000 0.000000 0.000000
vn -0.951057 0.000000 -0.309017
vn -0.951057 0.000000 -0.309017
vn -0.809017 0.000000 -0.587785
vn -0.809017 0.000000 -0.587785
vn -0.587785 0.000000 -0.809017
vn -0.587785 0.000000 -0.809017
vn -0.309017 0.000000 -0.951057
vn -0.309017 0.000000 -0.951057
vn -0.000000 0.000000 -1.000000
vn -0.000000 0.000000 -1.000000
vn 0.309017 0.000000 -0.951057
vn 0.309017 0.000000 -0.951057
vn 0.587785 0.000000 -0.809017
vn 0.587785 0.000000 -0.809017
vn 0.809017 -0.000000 -0.587785
vn 0.809017 -0.000000 -0.587785
vn 0.951057 -0.000000 -0.309016
vn 0.951057 -0.000000 -0.309016
vn 0.951057 -0.000000 0.309017
vn 1.000000 0.000000 0.000001
vn 1.000000 0.000000 0.000001
vn 0.951057 -0.000000 0.309017
vn 0.809017 -0.000000 0.587785
vn 0.809017 -0.000000 0.587785
vn 0.587785 0.000000 0.809017
vn 0.587785 0.000000 0.809017
vn 0.309017 0.000000 0.951056
vn 0.309017 0.000000 0.951056
vn 0.000000 0.000000 1.000000
vn 0.000000 0.000000 1.000000
vn -0.309017 0.000000 0.951056
vn -0.309017 0.000000 0.951056
vn -0.587785 0.000000 0.809017
vn -0.587785 0.000000 0.809017
vn -0.809017 0.000000 0.587785
vn -0.809017 0.000000 0.587785
vn -0.951057 -0.000000 0.309017
vn -0.951057 -0.000000 0.309017
vn -1.000000 -0.000001 0.000000
vn -1.000000 -0.000001 0.000000
vn -0.951057 -0.000000 -0.309017
vn -0.951057 -0.000000 -0.309017
vn -0.809017 0.000000 -0.587785
vn -0.809017 0.000000 -0.587785
vn -0.587785 0.000000 -0.809017
vn -0.587785 0.000000 -0.809017
vn -0.309017 0.000000 -0.951056
vn -0.309017 0.000000 -0.951056
vn -0.000000 0.000000 -1.000000
vn -0.000000 0.000000 -1.000000
vn 0.309017 0.000000 -0.951057
vn 0.309017 0.000000 -0.951057
vn 0.587785 0.000000 -0.809017
vn 0.587785 0.000000 -0.809017
vn 0.809017 0.000000 -0.587785
vn 0.809017 0.000000 -0.587785
vn 0.951057 0.000000 -0.309016
vn 0.951057 0.000000 -0.309016
vn 0.951057 0.000000 0.309017
vn 1.000000 0.000000 0.000001
vn 1.000000 0.000000 0.000001
vn 0.951057 0.000000 0.309017
vn 0.809017 0.000000 0.587785
vn 0.809017 0.000000 0.587785
vn 0.587785 0.000000 0.809017
vn 0.587785 0.000000 0.809017
vn 0.309017 0.000000 0.951057
vn 0.309017 0.000000 0.951057
vn 0.000000 0.000000 1.000000
vn 0.000000 0.000000 1.000000
vn -0.309017 0.000000 0.951057
vn -0.309017 0.000000 0.951057
vn -0.587785 0.000000 0.809017
vn -0.587785 0.000000 0.809017
vn -0.809017 0.000000 0.587785
vn -0.809017 0.000000 0.587785
vn -0.951057 0.000000 0.309017
vn -0.951057 0.000000 0.309017
vn -1.000000 0.000000 0.000000
vn -1.000000 0.000000 0.000000
vn -0.951057 0.000000 -0.309017
vn -0.951057 0.000000 -0.309017
vn -0.809017 0.000000 -0.587785
vn -0.809017 0.000000 -0.587785
vn -0.587785 0.000000 -0.809017
vn -0.587785 0.000000 -0.809017
vn -0.309017 0.000000 -0.951056
vn -0.309017 0.000000 -0.951056
vn -0.000000 0.000000 -1.000000
vn -0.000000 0.000000 -1.000000
vn 0.309017 0.000000 -0.951057
vn 0.309017 0.000000 -0.951057
vn 0.587785 0.000000 -0.809017
vn 0.587785 0.000000 -0.809017
vn 0.809017 0.000000 -0.587785
vn 0.809017 0.000000 -0.587785
vn 0.951057 0.000000 -0.309016
vn 0.951057 0.000000 -0.309016
vn 0.951057 0.000000 0.309017
vn 1.000000 0.000000 0.000001
vn 1.000000 0.000000 0.000001
vn 0.951057 0.000000 0.309017
vn 0.809017 0.000000 0.587785
vn 0.809017 0.000000 0.587785
vn 0.587785 0.000000 0.809017
vn 0.587785 0.000000 0.809017
vn 0.309017 0.000000 0.951057
vn 0.309017 0.000000 0.951057
vn 0.000000 0.000000 1.000000
vn 0.000000 0.000000 1.000000
vn -0.309017 0.000000 0.951057
vn -0.309017 0.000000 0.951057
vn -0.587785 0.000000 0.809017
vn -0.587785 0.000000 0.809017
vn -0.809017 0.000000 0.587785
vn -0.809017 0.000000 0.587785
vn -0.951057 0.000000 0.309017
vn -0.951057 0.000000 0.309017
vn -1.000000 0.000000 0.000000
vn -1.000000 0.000000 0.000000
vn -0.951057 0.000000 -0.309017
vn -0.951057 0.000000 -0.309017
vn -0.809017 0.000000 -0.587785
vn -0.809017 0.000000 -0.587785
vn -0.587785 0.000000 -0.809017
vn -0.587785 0.000000 -0.809017
vn -0.309017 0.000000 -0.951056
vn -0.309017 0.000000 -0.951056
vn -0.000000 0.000000 -1.000000
vn -0.000000 0.000000 -1.000000
vn 0.309017 0.000000 -0.951057
vn 0.309017 0.000000 -0.951057
vn 0.587785 0.000000 -0.809017
vn 0.587785 0.000000 -0.809017
vn 0.809017 0.000000 -0.587785
vn 0.809017 0.000000 -0.587785
vn 0.951057 0.000000 -0.309016
vn 0.951057 0.000000 -0.309016
vn 0.951057 0.000000 0.309017
vn 1.000000 0.000000 0.000001
vn 1.000000 0.000000 0.000001
vn 0.951057 0.000000 0.309017
vn 0.809017 0.000000 0.587785
vn 0.809017 0.000000 0.587785
vn 0.587785 0.000000 0.809017
vn 0.587785 0.000000 0.809017
vn 0.309017 0.000000 0.951057
vn 0.309017 0.000000 0.951057
vn -0.000000 0.000000 1.000000
vn -0.000000 0.000000 1.000000
vn -0.309017 0.000000 0.951057
vn -0.309017 0.000000 0.951057
vn -0.587785 0.000000 0.809017
vn -0.587785 0.000000 0.809017
vn -0.809017 0.000000 0.587785
vn -0.809017 0.000000 0.587785
vn -0.951057 0.000000 0.309017
vn -0.951057 0.000000 0.309017
vn -1.000000 0.000000 0.000000
vn -1.000000 0.000000 0.000000
vn -0.951057 0.000000 -0.309017
vn -0.951057 0.000000 -0.309017
vn -0.809017 0.000000 -0.587785
vn -0.809017 0.000000 -0.587785
vn -0.587785 0.000000 -0.809017
vn -0.587785 0.000000 -0.809017
vn -0.309017 0.000000 -0.951057
vn -0.309017 0.000000 -0.951057
vn -0.000000 0.000000 -1.000000
vn -0.000000 0.000000 -1.000000
vn 0.309017 0.000000 -0.951057
vn 0.309017 0.000000 -0.951057
vn 0.587785 0.000000 -0.809017
vn 0.587785 0.000000 -0.809017
vn 0.809017 0.000000 -0.587785
vn 0.809017 0.000000 -0.587785
vn 0.951057 0.000000 -0.309016
vn 0.951057 0.000000 -0.309016
vn 0.951057 0.000000 0.309017
vn 1.000000 0.000000 0.000001
vn 1.000000 0.000000 0.000001
vn 0.951057 0.000000 0.309017
vn 0.809017 -0.000000 0.587785
vn 0.809017 -0.000000 0.587785
vn 0.587785 -0.000000 0.809017
vn 0.587785 -0.000000 0.809017
vn 0.309017 0.000000 0.951056
vn 0.309017 0.000000 0.951056
vn 0.000000 0.000000 1.000000
vn 0.000000 0.000000 1.000000
vn -0.309017 0.000000 0.951056
vn -0.309017 0.000000 0.951056
vn -0.587785 0.000000 0.809017
vn -0.587785 0.000000 0.809017
vn -0.809017 0.000000 0.587785
vn -0.809017 0.000000 0.587785
vn -0.951057 0.000000 0.309017
vn -0.951057 0.000000 0.309017
vn -1.000000 0.000000 0.000000
vn -1.000000 0.000000 0.000000
vn -0.951057 0.000000 -0.309017
vn -0.951057 0.000000 -0.309017
vn -0.809017 0.000000 -0.587785
vn -0.809017 0.000000 -0.587785
vn -0.587785 0.000000 -0.809017
vn -0.587785 0.000000 -0.809017
vn -0.309017 0.000000 -0.951057
vn -0.309017 0.000000 -0.951057
vn -0.000000 0.000000 -1.000000
vn -0.000000 0.000000 -1.000000
vn 0.309017 0.000000 -0.951057
vn 0.309017 0.000000 -0.951057
vn 0.587785 0.000000 -0.809017
vn 0.587785 0.000000 -0.809017
vn 0.809017 0.000000 -0.587785
vn 0.809017 0.000000 -0.587785
vn 0.951057 0.000000 -0.309016
vn 0.951057 0.000000 -0.309016
vn 0.951057 0.000000 0.309017
vn 1.000000 0.000000 0.000001
vn 1.000000 0.000000 0.000001
vn 0.951057 0.000000 0.309017
vn 0.809017 0.000000 0.587785
vn 0.809017 0.000000 0.587785
vn 0.587785 0.000000 0.809017
vn 0.587785 0.000000 0.809017
vn 0.309017 0.000000 0.951056
vn 0.309017 0.000000 0.951056
vn 0.000000 0.000000 1.000000
vn 0.000000 0.000000 1.000000
vn -0.309017 0.000000 0.951057
vn -0.309017 0.000000 0.951057
vn -0.587785 0.000000 0.809017
vn -0.587785 0.000000 0.809017
vn -0.809017 0.000000 0.587785
vn -0.809017 0.000000 0.587785
vn -0.951057 0.000000 0.309017
vn -0.951057 0.000000 0.309017
vn -1.000000 0.000000 0.000000
vn -1.000000 0.000000 0.000000
vn -0.951057 0.000000 -0.309017
vn -0.951057 0.000000 -0.309017
vn -0.809017 0.000000 -0.587785
vn -0.809017 0.000000 -0.587785
vn -0.587785 0.000000 -0.809017
vn -0.587785 0.000000 -0.809017
vn -0.309017 0.000000 -0.951057
vn -0.309017 0.000000 -0.951057
vn -0.000000 0.000000 -1.000000
vn -0.000000 0.000000 -1.000000
vn 0.309017 0.000000 -0.951057
vn 0.309017 0.000000 -0.951057
vn 0.587785 0.000000 -0.809017
vn 0.587785 0.000000 -0.809017
vn 0.809017 0.000000 -0.587785
vn 0.809017 0.000000 -0.587785
vn 0.951057 0.000000 -0.309016
vn 0.951057 0.000000 -0.309016
vn 0.000000 -1.000000 -0.000000
vn 0.000000 -1.000000 -0.000001
vn 0.000000 -1.000000 -0.000001
vn 0.000000 -1.000000 -0.000000
vn 0.000000 1.000000 0.000001
vn 0.000000 1.000000 0.000000
vn 0.000000 1.000000 0.000000
vn 0.000000 1.000000 0.000001
vn 0.000000 1.000000 -0.000001
vn 0.000000 1.000000 -0.000001
vn 0.000000 -1.000000 0.000001
vn 0.000000 -1.000000 0.000001
vn 0.000000 1.000000 0.000000
vn 0.000000 1.000000 0.000000
vn 0.000000 -1.000000 0.000001
vn 0.000000 -1.000000 0.000001
vn 0.000000 1.000000 -0.000000
vn 0.000000 1.000000 -0.000000
vn 0.000000 -1.000000 -0.000000
vn 0.000000 -1.000000 -0.000000
vn 0.000000 1.000000 -0.000001
vn 0.000000 1.000000 -0.000001
vn 0.000000 -1.000000 -0.000000
vn 0.000000 -1.000000 -0.000000
vn 0.000000 1.000000 0.000000
vn 0.000000 1.000000 0.000000
vn 0.000000 -1.000000 -0.000001
vn 0.000000 -1.000000 -0.000001
vn 0.000000 1.000000 0.000001
vn 0.000000 1.000000 0.000001
vn 0.000000 -1.000000 -0.000003
vn 0.000000 -1.000000 -0.000003
vn 0.000000 1.000000 0.000002
vn 0.000000 1.000000 0.000002
vn 0.000000 -1.000000 -0.000002
vn 0.000000 -1.000000 -0.000002
vn 0.000000 1.000000 0.000001
vn 0.000000 1.000000 0.000001
vn 0.000000 -1.000000 0.000001
vn 0.000000 -1.000000 0.000001
vn 0.000000 1.000000 0.000001
vn 0.000000 1.000000 0.000001
vn 0.000000 -1.000000 0.000001
vn 0.000000 -1.000000 0.000001
vn 0.000000 1.000000 0.000000
vn 0.000000 1.000000 0.000000
vn 0.000000 -1.000000 0.000000
vn 0.000000 -1.000000 0.000000
vn 0.000000 1.000000 0.000001
vn 0.000000 1.000000 0.000001
vn 0.000000 -1.000000 -0.000001
vn 0.000000 -1.000000 -0.000001
vn 0.000000 1.000000 -0.000000
vn 0.000000 1.000000 0.000000
vn 0.000000 -1.000000 -0.000001
vn 0.000000 -1.000000 -0.000001
vn 0.000000 1.000000 0.000000
vn 0.000000 1.000000 0.000000
vn 0.000000 -1.000000 0.000001
vn 0.000000 -1.000000 0.000001
vn 0.000000 1.000000 0.000002
vn 0.000000 1.000000 0.000002
vn 0.000000 -1.000000 0.000000
vn 0.000000 -1.000000 0.000000
vn 0.000000 1.000000 0.000000
vn 0.000000 1.000000 0.000000
vn 0.000000 -1.000000 -0.000001
vn 0.000000 -1.000000 -0.000001
vn 0.000000 1.000000 -0.000001
vn 0.000000 1.000000 -0.000001
vn 0.000000 -1.000000 -0.000001
vn 0.000000 -1.000000 -0.000001
vn 0.000000 1.000000 -0.000000
vn 0.000000 1.000000 -0.000000
vn 0.000000 -1.000000 -0.000000
vn 0.000000 -1.000000 -0.000000
vn 0.000000 1.000000 0.000001
vn 0.000000 1.000000 0.000001
vn 0.000000 -1.000000 -0.000001
vn 0.000000 -1.000000 -0.000001
vn 0.000000 -1.000000 0.000000
vn 0.000000 -1.000000 0.000000
vn 0.000000 -1.000000 0.000000
vn 0.000000 -1.000000 0.000000
vn 0.000000 1.000000 -0.000000
vn 0.000000 1.000000 -0.000000
vn 0.000000 1.000000 -0.000000
vn 0.000000 1.000000 -0.000000
vn 0.000000 1.000000 0.000000
vn 0.000000 1.000000 0.000000
vn 0.000000 -1.000000 0.000000
vn 0.000000 -1.000000 0.000000
vn 0.000000 1.000000 0.000000
vn 0.000000 1.000000 0.000000
vn 0.000000 -1.000000 -0.000000
vn 0.000000 -1.000000 -0.000000
vn 0.000000 1.000000 -0.000000
vn 0.000000 1.000000 -0.000000
vn 0.000000 -1.000000 -0.000000
vn 0.000000 -1.000000 -0.000000
vn 0.000000 1.000000 -0.000001
vn 0.000000 1.000000 -0.000001
vn 0.000000 -1.000000 0.000000
vn 0.000000 -1.000000 0.000000
vn 0.000000 1.000000 -0.000003
vn 0.000000 1.000000 -0.000003
vn 0.000000 -1.000000 0.000000
vn 0.000000 -1.000000 0.000000
vn 0.000000 1.000000 -0.000002
vn 0.000000 1.000000 -0.000002
vn 0.000000 -1.000000 0.000000
vn 0.000000 -1.000000 0.000000
vn 0.000000 1.000000 -0.000000
vn 0.000000 1.000000 -0.000000
vn 0.000000 -1.000000 -0.000002
vn 0.000000 -1.000000 -0.000002
vn 0.000000 1.000000 -0.000001
vn 0.000000 1.000000 -0.000001
vn 0.000000 -1.000000 -0.000002
vn 0.000000 -1.000000 -0.000002
vn 0.000000 1.000000 0.000000
vn 0.000000 1.000000 0.000000
vn 0.000000 -1.000000 -0.000000
vn 0.000000 -1.000000 -0.000000
vn 0.000000 1.000000 0.000000
vn 0.000000 1.000000 0.000000
vn 0.000000 -1.000000 -0.000000
vn 0.000000 -1.000000 -0.000000
vn 0.000000 1.000000 -0.000000
vn 0.000000 1.000000 -0.000000
vn 0.000000 -1.000000 -0.000000
vn 0.000000 -1.000000 -0.000000
vn 0.000000 1.000000 -0.000000
vn 0.000000 1.000000 -0.000000
vn 0.000000 -1.000000 0.000000
vn 0.000000 -1.000000 0.000000
vn 0.000000 1.000000 0.000000
vn 0.000000 1.000000 0.000000
vn 0.000000 -1.000000 0.000000
vn 0.000000 -1.000000 0.000000
vn 0.000000 1.000000 0.000001
vn 0.000000 1.000000 0.000001
vn 0.000000 -1.000000 -0.000001
vn 0.000000 -1.000000 -0.000001
vn 0.000000 1.000000 0.000000
vn 0.000000 1.000000 0.000000
vn 0.000000 -1.000000 -0.000001
vn 0.000000 -1.000000 -0.000001
vn 0.000000 1.000000 -0.000001
vn 0.000000 1.000000 -0.000001
vn 0.000000 -1.000000 -0.000001
vn 0.000000 -1.000000 -0.000001
vn 0.000000 1.000000 -0.000001
vn 0.000000 1.000000 -0.000001
vn 0.000000 -1.000000 0.000001
vn 0.000000 -1.000000 0.000001
vn 0.000000 1.000000 -0.000000
vn 0.000000 1.000000 -0.000000
vn 0.000000 -1.000000 0.000002
vn 0.000000 -1.000000 0.000002
vn 0.000000 -1.000000 0.000000
vn 0.000000 -1.000000 -0.000000
vn 0.000000 -1.000000 -0.000000
vn 0.000000 -1.000000 0.000000
vn 0.000000 1.000000 -0.000000
vn 0.000000 1.000000 0.000000
vn 0.000000 1.000000 0.000000
vn 0.000000 1.000000 -0.000000
vn 0.000000 1.000000 -0.000000
vn 0.000000 1.000000 -0.000000
vn 0.000000 -1.000000 -0.000000
vn 0.000000 -1.000000 -0.000000
vn 0.000000 1.000000 -0.000000
vn 0.000000 1.000000 -0.000000
vn 0.000000 -1.000000 0.000000
vn 0.000000 -1.000000 0.000000
vn 0.000000 1.000000 0.000001
vn 0.000000 1.000000 0.000001
vn 0.000000 -1.000000 0.000000
vn 0.000000 -1.000000 0.000000
vn 0.000000 1.000000 0.000001
vn 0.000000 1.000000 0.000001
vn 0.000000 -1.000000 -0.000001
vn 0.000000 -1.000000 -0.000001
vn 0.000000 1.000000 -0.000001
vn 0.000000 1.000000 -0.000001
vn 0.000000 -1.000000 -0.000000
vn 0.000000 -1.000000 -0.000000
vn 0.000000 1.000000 -0.000001
vn 0.000000 1.000000 -0.000001
vn 0.000000 -1.000000 -0.000000
vn 0.000000 -1.000000 -0.000000
vn 0.000000 1.000000 -0.000001
vn 0.000000 1.000000 -0.000001
vn 0.000000 -1.000000 -0.000001
vn 0.000000 -1.000000 -0.000001
vn 0.000000 1.000000 0.000000
vn 0.000000 1.000000 0.000000
vn 0.000000 -1.000000 -0.000000
vn 0.000000 -1.000000 -0.000000
vn 0.000000 1.000000 0.000000
vn 0.000000 1.000000 0.000000
vn 0.000000 -1.000000 0.000000
vn 0.000000 -1.000000 0.000000
vn 0.000000 1.000000 -0.000000
vn 0.000000 1.000000 -0.000000
vn 0.000000 -1.000000 -0.000000
vn 0.000000 -1.000000 -0.000000
vn 0.000000 1.000000 0.000000
vn 0.000000 1.000000 0.000000
vn 0.000000 -1.000000 0.000000
vn 0.000000 -1.000000 0.000000
vn 0.000000 1.000000 0.000000
vn 0.000000 1.000000 0.000000
vn 0.000000 -1.000000 -0.000000
vn 0.000000 -1.000000 -0.000000
vn 0.000000 1.000000 -0.000000
vn 0.000000 1.000000 -0.000000
vn 0.000000 -1.000000 -0.000000
vn 0.000000 -1.000000 -0.000000
vn 0.000000 1.000000 -0.000000
vn 0.000000 1.000000 -0.000000
vn 0.000000 -1.000000 -0.000000
vn 0.000000 -1.000000 -0.000000
vn 0.000000 1.000000 -0.000000
vn 0.000000 1.000000 -0.000000
vn 0.000000 -1.000000 0.000001
vn 0.000000 -1.000000 0.000001
vn 0.000000 1.000000 -0.000000
vn 0.000000 1.000000 -0.000000
vn 0.000000 -1.000000 0.000000
vn 0.000000 -1.000000 0.000000
vn 0.000000 1.000000 -0.000000
vn 0.000000 1.000000 -0.000000
vn 0.000000 -1.000000 0.000000
vn 0.000000 -1.000000 0.000000
vn 0.000000 1.000000 -0.000000
vn 0.000000 1.000000 -0.000000
vn 0.000000 -1.000000 0.000000
vn 0.000000 -1.000000 0.000000
vn 0.000000 -1.000000 0.000000
vn 0.000000 -1.000000 0.000000
vn 0.000000 -1.000000 0.000000
vn 0.000000 -1.000000 0.000000
vn 0.000000 1.000000 -0.000000
vn 0.000000 1.000000 0.000000
vn 0.000000 1.000000 0.000000
vn 0.000000 1.000000 -0.000000
vn 0.000000 1.000000 0.000000
vn 0.000000 1.000000 0.000000
vn 0.000000 -1.000000 0.000000
vn 0.000000 -1.000000 0.000000
vn 0.000000 1.000000 0.000000
vn 0.000000 1.000000 0.000000
vn 0.000000 -1.000000 0.000000
vn 0.000000 -1.000000 0.000000
vn 0.000000 1.000000 -0.000001
vn 0.000000 1.000000 -0.000001
vn 0.000000 -1.000000 0.000001
vn 0.000000 -1.000000 0.000001
vn 0.000000 1.000000 -0.000001
vn 0.000000 1.000000 -0.000001
vn 0.000000 -1.000000 0.000001
vn 0.000000 -1.000000 0.000001
vn 0.000000 1.000000 -0.000000
vn 0.000000 1.000000 -0.000000
vn 0.000000 -1.000000 -0.000000
vn 0.000000 -1.000000 -0.000000
vn 0.000000 1.000000 -0.000000
vn 0.000000 1.000000 -0.000000
vn 0.000000 -1.000000 -0.000000
vn 0.000000 -1.000000 -0.000000
vn 0.000000 1.000000 -0.000000
vn 0.000000 1.000000 -0.000000
vn 0.000000 -1.000000 -0.000000
vn 0.000000 -1.000000 -0.000000
vn 0.000000 1.000000 0.000000
vn 0.000000 1.000000 0.000000
vn 0.000000 -1.000000 -0.000000
vn 0.000000 -1.000000 -0.000000
vn 0.000000 1.000000 0.000000
vn 0.000000 1.000000 0.000000
vn 0.000000 -1.000000 0.000000
vn 0.000000 -1.000000 0.000000
vn 0.000000 1.000000 -0.000000
vn 0.000000 1.000000 -0.000000
vn 0.000000 -1.000000 -0.000000
vn 0.000000 -1.000000 -0.000000
vn 0.000000 1.000000 -0.000000
vn 0.000000 1.000000 -0.000000
vn 0.000000 -1.000000 -0.000000
vn 0.000000 -1.000000 -0.000000
vn 0.000000 1.000000 -0.000000
vn 0.000000 1.000000 -0.000000
vn 0.000000 -1.000000 -0.000000
vn 0.000000 -1.000000 -0.000000
vn 0.000000 1.000000 0.000001
vn 0.000000 1.000000 0.000001
vn 0.000000 -1.000000 -0.000000
vn 0.000000 -1.000000 -0.000000
vn 0.000000 1.000000 0.000001
vn 0.000000 1.000000 0.000001
vn 0.000000 -1.000000 -0.000000
vn 0.000000 -1.000000 -0.000000
vn 0.000000 1.000000 0.000000
vn 0.000000 1.000000 0.000000
vn 0.000000 -1.000000 -0.000000
vn 0.000000 -1.000000 -0.000000
vn 0.000000 1.000000 0.000000
vn 0.000000 1.000000 0.000000
vn 0.000000 -1.000000 -0.000000
vn 0.000000 -1.000000 -0.000000
vn 0.000000 1.000000 0.000000
vn 0.000000 1.000000 0.000000
vn 0.000000 -1.000000 0.000000
vn 0.000000 -1.000000 0.000000
vn 0.000000 1.000000 -0.000000
vn 0.000000 1.000000 -0.000000
vn 0.000000 -1.000000 0.000000
vn 0.000000 -1.000000 0.000000
vn 0.000000 -1.000000 0.000000
vn 0.000000 -1.000000 -0.000000
vn 0.000000 -1.000000 -0.000000
vn 0.000000 -1.000000 0.000000
vn 0.000000 1.000000 0.000000
vn 0.000000 1.000000 -0.000000
vn 0.000000 1.000000 -0.000000
vn 0.000000 1.000000 0.000000
vn 0.000000 1.000000 -0.000000
vn 0.000000 1.000000 -0.000000
vn 0.000000 -1.000000 -0.000000
vn 0.000000 -1.000000 -0.000000
vn 0.000000 1.000000 0.000000
vn 0.000000 1.000000 0.000000
vn 0.000000 -1.000000 0.000000
vn 0.000000 -1.000000 0.000000
vn 0.000000 1.000000 0.000000
vn 0.000000 1.000000 0.000000
vn 0.000000 -1.000000 0.000000
vn 0.000000 -1.000000 0.000000
vn 0.000000 1.000000 0.000000
vn 0.000000 1.000000 0.000000
vn 0.000000 -1.000000 0.000000
vn 0.000000 -1.000000 0.000000
vn 0.000000 1.000000 0.000000
vn 0.000000 1.000000 0.000000
vn 0.000000 -1.000000 -0.000000
vn 0.000000 -1.000000 -0.000000
vn 0.000000 1.000000 -0.000000
vn 0.000000 1.000000 -0.000000
vn 0.000000 -1.000000 -0.000000
vn 0.000000 -1.000000 -0.000000
vn 0.000000 1.000000 -0.000000
vn 0.000000 1.000000 -0.000000
vn 0.000000 -1.000000 -0.000000
vn 0.000000 -1.000000 -0.000000
vn 0.000000 1.000000 -0.000000
vn 0.000000 1.000000 -0.000000
vn 0.000000 -1.000000 0.000000
vn 0.000000 -1.000000 0.000000
vn 0.000000 1.000000 -0.000000
vn 0.000000 1.000000 -0.000000
vn 0.000000 -1.000000 0.000000
vn 0.000000 -1.000000 0.000000
vn 0.000000 1.000000 -0.000000
vn 0.000000 1.000000 -0.000000
vn 0.000000 -1.000000 0.000000
vn 0.000000 -1.000000 0.000000
vn 0.000000 1.000000 -0.000000
vn 0.000000 1.000000 -0.000000
vn 0.000000 -1.000000 -0.000000
vn 0.000000 -1.000000 -0.000000
vn 0.000000 1.000000 -0.000000
vn 0.000000 1.000000 -0.000000
vn 0.000000 -1.000000 -0.000000
vn 0.000000 -1.000000 -0.000000
vn 0.000000 1.000000 -0.000000
vn 0.000000 1.000000 -0.000000
vn 0.000000 -1.000000 -0.000000
vn 0.000000 -1.000000 -0.000000
vn 0.000000 1.000000 0.000000
vn 0.000000 1.000000 0.000000
vn 0.000000 -1.000000 0.000000
vn 0.000000 -1.000000 0.000000
vn 0.000000 1.000000 0.000000
vn 0.000000 1.000000 0.000000
vn 0.000000 -1.000000 0.000000
vn 0.000000 -1.000000 0.000000
vn 0.000000 1.000000 -0.000000
vn 0.000000 1.000000 -0.000000
vn 0.000000 -1.000000 0.000000
vn 0.000000 -1.000000 0.000000
vn 0.000000 1.000000 0.000000
vn 0.000000 1.000000 0.000000
vn 0.000000 -1.000000 0.000000
vn 0.000000 -1.000000 0.000000
vn 0.000000 1.000000 0.000000
vn 0.000000 1.000000 0.000000
vn 0.000000 -1.000000 0.000000
vn 0.000000 -1.000000 0.000000
vn 0.000000 -1.000000 -0.000000
vn 0.000000 -1.000000 0.000000
vn 0.000000 -1.000000 0.000000
vn 0.000000 -1.000000 -0.000000
vn 0.000000 1.000000 0.000000
vn 0.000000 1.000000 0.000000
vn 0.000000 1.000000 0.000000
vn 0.000000 1.000000 0.000000
vn 0.000000 1.000000 -0.000000
vn 0.000000 1.000000 -0.000000
vn 0.000000 -1.000000 -0.000000
vn 0.000000 -1.000000 -0.000000
vn 0.000000 1.000000 -0.000000
vn 0.000000 1.000000 -0.000000
vn 0.000000 -1.000000 0.000000
vn 0.000000 -1.000000 0.000000
vn 0.000000 1.000000 -0.000000
vn 0.000000 1.000000 -0.000000
vn 0.000000 -1.000000 0.000000
vn 0.000000 -1.000000 0.000000
vn 0.000000 1.000000 -0.000000
vn 0.000000 1.000000 -0.000000
vn 0.000000 -1.000000 -0.000000
vn 0.000000 -1.000000 -0.000000
vn 0.000000 1.000000 -0.000000
vn 0.000000 1.000000 -0.000000
vn 0.000000 -1.000000 0.000000
vn 0.000000 -1.000000 0.000000
vn 0.000000 1.000000 0.000000
vn 0.000000 1.000000 0.000000
vn 0.000000 -1.000000 -0.000000
vn 0.000000 -1.000000 -0.000000
vn 0.000000 1.000000 0.000000
vn 0.000000 1.000000 0.000000
vn 0.000000 -1.000000 -0.000000
vn 0.000000 -1.000000 -0.000000
vn 0.000000 1.000000 0.000000
vn 0.000000 1.000000 0.000000
vn 0.000000 -1.000000 -0.000000
vn 0.000000 -1.000000 -0.000000
vn 0.000000 1.000000 -0.000000
vn 0.000000 1.000000 -0.000000
vn 0.000000 -1.000000 0.000000
vn 0.000000 -1.000000 0.000000
vn 0.000000 1.000000 0.000000
vn 0.000000 1.000000 0.000000
vn 0.000000 -1.000000 0.000000
vn 0.000000 -1.000000 0.000000
vn 0.000000 1.000000 -0.000000
vn 0.000000 1.000000 -0.000000
vn 0.000000 -1.000000 0.000000
vn 0.000000 -1.000000 0.000000
vn 0.000000 1.000000 -0.000000
vn 0.000000 1.000000 -0.000000
vn 0.000000 -1.000000 -0.000000
vn 0.000000 -1.000000 -0.000000
vn 0.000000 1.000000 -0.000000
vn 0.000000 1.000000 -0.000000
vn 0.000000 -1.000000 -0.000000
vn 0.000000 -1.000000 -0.000000
vn 0.000000 1.000000 0.000000
vn 0.000000 1.000000 0.000000
vn 0.000000 -1.000000 0.000000
vn 0.000000 -1.000000 0.000000
vn 0.000000 1.000000 0.000000
vn 0.000000 1.000000 0.000000
vn 0.000000 -1.000000 0.000000
vn 0.000000 -1.000000 0.000000
vn 0.000000 1.000000 0.000000
vn 0.000000 1.000000 0.000000
vn 0.000000 -1.000000 -0.000000
vn 0.000000 -1.000000 -0.000000
vn 0.000000 1.000000 -0.000000
vn 0.000000 1.000000 -0.000000
vn 0.000000 -1.000000 -0.000000
vn 0.000000 -1.000000 -0.000000
vn 0.000000 1.000000 -0.000000
vn 0.000000 1.000000 -0.000000
vn 0.000000 -1.000000 -0.000000
vn 0.000000 -1.000000 -0.000000
vn 0.000000 -1.000000 0.000000
vn 0.000000 -1.000000 -0.000000
vn 0.000000 -1.000000 -0.000000
vn 0.000000 -1.000000 0.000000
vn 0.000000 1.000000 -0.000000
vn 0.000000 1.000000 -0.000000
vn 0.000000 1.000000 -0.000000
vn 0.000000 1.000000 -0.000000
vn 0.000000 1.000000 0.000000
vn 0.000000 1.000000 0.000000
vn 0.000000 -1.000000 0.000000
vn 0.000000 -1.000000 0.000000
vn 0.000000 1.000000 0.000000
vn 0.000000 1.000000 0.000000
vn 0.000000 -1.000000 -0.000000
vn 0.000000 -1.000000 -0.000000
vn 0.000000 1.000000 -0.000000
vn 0.000000 1.000000 -0.000000
vn 0.000000 -1.000000 -0.000001
vn 0.000000 -1.000000 -0.000001
vn 0.000000 1.000000 -0.000000
vn 0.000000 1.000000 -0.000000
vn 0.000000 -1.000000 -0.000000
vn 0.000000 -1.000000 -0.000000
vn 0.000000 1.000000 -0.000000
vn 0.000000 1.000000 -0.000000
vn 0.000000 -1.000000 -0.000000
vn 0.000000 -1.000000 -0.000000
vn 0.000000 1.000000 -0.000000
vn 0.000000 1.000000 -0.000000
vn 0.000000 -1.000000 -0.000001
vn 0.000000 -1.000000 -0.000001
vn 0.000000 1.000000 -0.000001
vn 0.000000 1.000000 -0.000001
vn 0.000000 -1.000000 -0.000000
vn 0.000000 -1.000000 -0.000000
vn 0.000000 1.000000 -0.000000
vn 0.000000 1.000000 -0.000000
vn 0.000000 -1.000000 0.000000
vn 0.000000 -1.000000 0.000000
vn 0.000000 1.000000 0.000000
vn 0.000000 1.000000 0.000000
vn 0.000000 -1.000000 0.000000
vn 0.000000 -1.000000 0.000000
vn 0.000000 1.000000 0.000000
vn 0.000000 1.000000 0.000000
vn 0.000000 -1.000000 -0.000000
vn 0.000000 -1.000000 -0.000000
vn 0.000000 1.000000 -0.000000
vn 0.000000 1.000000 -0.000000
vn 0.000000 -1.000000 0.000000
vn 0.000000 -1.000000 0.000000
vn 0.000000 1.000000 -0.000000
vn 0.000000 1.000000 -0.000000
vn 0.000000 -1.000000 0.000000
vn 0.000000 -1.000000 0.000000
vn 0.000000 1.000000 -0.000000
vn 0.000000 1.000000 -0.000000
vn 0.000000 -1.000000 0.000001
vn 0.000000 -1.000000 0.000001
vn 0.000000 1.000000 -0.000001
vn 0.000000 1.000000 -0.000001
vn 0.000000 -1.000000 0.000000
vn 0.000000 -1.000000 0.000000
vn 0.000000 1.000000 -0.000000
vn 0.000000 1.000000 -0.000000
vn 0.000000 -1.000000 0.000000
vn 0.000000 -1.000000 0.000000
vn 0.000000 1.000000 0.000000
vn 0.000000 1.000000 0.000000
vn 0.000000 -1.000000 0.000001
vn 0.000000 -1.000000 0.000001
vn 0.000000 1.000000 0.000000
vn 0.000000 1.000000 0.000000
vn 0.000000 -1.000000 0.000000
vn 0.000000 -1.000000 0.000000
vn 0.000000 1.000000 0.000000
vn 0.000000 1.000000 0.000000
vn 0.000000 -1.000000 -0.000000
vn 0.000000 -1.000000 -0.000000
vn 0.000000 -1.000000 0.000000
vn 0.000000 -1.000000 0.000001
vn 0.000000 -1.000000 0.000001
vn 0.000000 -1.000000 0.000000
vn 0.000000 1.000000 -0.000000
vn 0.000000 1.000000 -0.000000
vn 0.000000 1.000000 -0.000000
vn 0.000000 1.000000 -0.000000
vn 0.000000 1.000000 0.000000
vn 0.000000 1.000000 0.000000
vn 0.000000 -1.000000 0.000000
vn 0.000000 -1.000000 0.000000
vn 0.000000 1.000000 0.000000
vn 0.000000 1.000000 0.000000
vn 0.000000 -1.000000 -0.000000
vn 0.000000 -1.000000 0.000000
vn 0.000000 1.000000 0.000000
vn 0.000000 1.000000 0.000000
vn 0.000000 -1.000000 0.000000
vn 0.000000 -1.000000 0.000000
vn 0.000000 1.000000 -0.000001
vn 0.000000 1.000000 -0.000001
vn 0.000000 -1.000000 0.000001
vn 0.000000 -1.000000 0.000001
vn 0.000000 1.000000 0.000000
vn 0.000000 1.000000 0.000000
vn 0.000000 -1.000000 0.000000
vn 0.000000 -1.000000 0.000000
vn 0.000000 1.000000 0.000000
vn 0.000000 1.000000 0.000000
vn 0.000000 -1.000000 0.000001
vn 0.000000 -1.000000 0.000001
vn 0.000000 1.000000 -0.000001
vn 0.000000 1.000000 -0.000001
vn 0.000000 -1.000000 0.000002
vn 0.000000 -1.000000 0.000002
vn 0.000000 1.000000 -0.000000
vn 0.000000 1.000000 -0.000000
vn 0.000000 -1.000000 0.000000
vn 0.000000 -1.000000 0.000000
vn 0.000000 1.000000 0.000001
vn 0.000000 1.000000 0.000001
vn 0.000000 -1.000000 -0.000000
vn 0.000000 -1.000000 -0.000000
vn 0.000000 1.000000 -0.000000
vn 0.000000 1.000000 -0.000000
vn 0.000000 -1.000000 0.000000
vn 0.000000 -1.000000 0.000000
vn 0.000000 1.000000 -0.000000
vn 0.000000 1.000000 -0.000000
vn 0.000000 -1.000000 -0.000000
vn 0.000000 -1.000000 -0.000000
vn 0.000000 1.000000 -0.000000
vn 0.000000 1.000000 -0.000000
vn 0.000000 -1.000000 -0.000000
vn 0.000000 -1.000000 -0.000000
vn 0.000000 1.000000 -0.000001
vn 0.000000 1.000000 -0.000001
vn 0.000000 -1.000000 0.000000
vn 0.000000 -1.000000 0.000000
vn 0.000000 1.000000 -0.000000
vn 0.000000 1.000000 -0.000000
vn 0.000000 -1.000000 0.000000
vn 0.000000 -1.000000 0.000000
vn 0.000000 1.000000 0.000000
vn 0.000000 1.000000 0.000000
vn 0.000000 -1.000000 -0.000001
vn 0.000000 -1.000000 -0.000001
vn 0.000000 1.000000 0.000000
vn 0.000000 1.000000 0.000000
vn 0.000000 -1.000000 0.000000
vn 0.000000 -1.000000 0.000000
vn 0.000000 1.000000 0.000000
vn 0.000000 1.000000 0.000000
vn 0.000000 -1.000000 0.000001
vn 0.000000 -1.000000 0.000001
vn 0.000000 1.000000 0.000000
vn 0.000000 1.000000 0.000000
vn 0.000000 -1.000000 0.000000
vn 0.000000 -1.000000 0.000000
vn 0.000000 -1.000000 0.000000
vn 0.000000 -1.000000 -0.000000
vn 0.000000 -1.000000 -0.000000
vn 0.000000 -1.000000 0.000000
vn 0.000000 1.000000 -0.000000
vn 0.000000 1.000000 -0.000000
vn 0.000000 1.000000 -0.000000
vn 0.000000 1.000000 -0.000000
vn 0.000000 1.000000 -0.000000
vn 0.000000 1.000000 -0.000000
vn 0.000000 -1.000000 0.000000
vn 0.000000 -1.000000 0.000000
vn 0.000000 1.000000 -0.000000
vn 0.000000 1.000000 -0.000000
vn 0.000000 -1.000000 0.000000
vn 0.000000 -1.000000 0.000000
vn 0.000000 1.000000 -0.000001
vn 0.000000 1.000000 -0.000001
vn 0.000000 -1.000000 0.000001
vn 0.000000 -1.000000 0.000001
vn 0.000000 1.000000 -0.000001
vn 0.000000 1.000000 -0.000001
vn 0.000000 -1.000000 0.000003
vn 0.000000 -1.000000 0.000003
vn 0.000000 1.000000 0.000000
vn 0.000000 1.000000 0.000000
vn 0.000000 -1.000000 0.000001
vn 0.000000 -1.000000 0.000001
vn 0.000000 1.000000 0.000002
vn 0.000000 1.000000 0.000002
vn 0.000000 -1.000000 -0.000002
vn 0.000000 -1.000000 -0.000002
vn 0.000000 1.000000 -0.000000
vn 0.000000 1.000000 -0.000000
vn 0.000000 -1.000000 -0.000001
vn 0.000000 -1.000000 -0.000001
vn 0.000000 1.000000 -0.000000
vn 0.000000 1.000000 -0.000000
vn 0.000000 -1.000000 -0.000001
vn 0.000000 -1.000000 -0.000001
vn 0.000000 1.000000 0.000000
vn 0.000000 1.000000 0.000000
vn 0.000000 -1.000000 0.000000
vn 0.000000 -1.000000 0.000000
vn 0.000000 1.000000 0.000000
vn 0.000000 1.000000 0.000000
vn 0.000000 -1.000000 -0.000000
vn 0.000000 -1.000000 -0.000000
vn 0.000000 1.000000 0.000000
vn 0.000000 1.000000 0.000000
vn 0.000000 -1.000000 -0.000000
vn 0.000000 -1.000000 -0.000000
vn 0.000000 1.000000 0.000002
vn 0.000000 1.000000 0.000002
vn 0.000000 -1.000000 -0.000000
vn 0.000000 -1.000000 -0.000000
vn 0.000000 1.000000 0.000001
vn 0.000000 1.000000 0.000001
vn 0.000000 -1.000000 -0.000001
vn 0.000000 -1.000000 -0.000001
vn 0.000000 1.000000 -0.000001
vn 0.000000 1.000000 -0.000001
vn 0.000000 -1.000000 -0.000000
vn 0.000000 -1.000000 -0.000000
vn 0.000000 1.000000 -0.000001
vn 0.000000 1.000000 -0.000001
vn 0.000000 -1.000000 0.000001
vn 0.000000 -1.000000 0.000001
vn 0.000000 1.000000 -0.000001
vn 0.000000 1.000000 -0.000001
vn 0.000000 -1.000000 0.000001
vn 0.000000 -1.000000 0.000001
vn 0.000000 1.000000 0.000000
vn 0.000000 1.000000 0.000000
vn 0.000000 -1.000000 0.000000
vn 0.000000 -1.000000 0.000000
vn 0.000000 1.000000 0.000000
vn 0.000000 1.000000 0.000000
vn 0.000000 -1.000000 -0.000000
vn 0.000000 -1.000000 -0.000000
vn 0.000000 -1.000000 0.000001
vn 0.000000 -1.000000 -0.000000
vn 0.000000 -1.000000 -0.000000
vn 0.000000 -1.000000 0.000001
vn 0.000000 1.000000 0.000000
vn 0.000000 1.000000 0.000000
vn 0.000000 1.000000 0.000000
vn 0.000000 1.000000 0.000000
vn 0.000000 1.000000 0.000001
vn 0.000000 1.000000 0.000001
vn 0.000000 -1.000000 0.000001
vn 0.000000 -1.000000 0.000001
vn 0.000000 1.000000 0.000001
vn 0.000000 1.000000 0.000001
vn 0.000000 -1.000000 -0.000001
vn 0.000000 -1.000000 -0.000001
vn 0.000000 1.000000 0.000000
vn 0.000000 1.000000 0.000000
vn 0.000000 -1.000000 -0.000002
vn 0.000000 -1.000000 -0.000002
vn 0.000000 1.000000 0.000000
vn 0.000000 1.000000 0.000000
vn 0.000000 -1.000000 -0.000000
vn 0.000000 -1.000000 -0.000000
vn 0.000000 1.000000 0.000002
vn 0.000000 1.000000 0.000002
vn 0.000000 -1.000000 -0.000002
vn 0.000000 -1.000000 -0.000002
vn 0.000000 1.000000 0.000000
vn 0.000000 1.000000 0.000000
vn 0.000000 -1.000000 0.000000
vn 0.000000 -1.000000 -0.000000
vn 0.000000 1.000000 -0.000002
vn 0.000000 1.000000 -0.000002
vn 0.000000 -1.000000 0.000002
vn 0.000000 -1.000000 0.000002
vn 0.000000 1.000000 0.000001
vn 0.000000 1.000000 0.000001
vn 0.000000 -1.000000 0.000000
vn 0.000000 -1.000000 -0.000000
vn 0.000000 1.000000 0.000001
vn 0.000000 1.000000 0.000001
vn 0.000000 -1.000000 -0.000001
vn 0.000000 -1.000000 -0.000001
vn 0.000000 1.000000 0.000000
vn 0.000000 1.000000 0.000000
vn 0.000000 -1.000000 -0.000000
vn 0.000000 -1.000000 -0.000000
vn 0.000000 1.000000 0.000001
vn 0.000000 1.000000 0.000001
vn 0.000000 -1.000000 -0.000001
vn 0.000000 -1.000000 -0.000001
vn 0.000000 1.000000 0.000000
vn 0.000000 1.000000 0.000000
vn 0.000000 -1.000000 -0.000000
vn 0.000000 -1.000000 -0.000000
vn 0.000000 1.000000 -0.000000
vn 0.000000 1.000000 -0.000000
vn 0.000000 -1.000000 -0.000002
vn 0.000000 -1.000000 -0.000002
vn 0.000000 1.000000 -0.000000
vn 0.000000 1.000000 -0.000000
vn 0.000000 -1.000000 -0.000002
vn 0.000000 -1.000000 -0.000002
vn 0.000000 1.000000 0.000000
vn 0.000000 1.000000 0.000000
vn 0.000000 -1.000000 0.000001
vn 0.000000 -1.000000 0.000001
vn 0.000000 1.000000 0.000001
vn 0.000000 1.000000 0.000001
vn 0.000000 -1.000000 0.000002
vn 0.000000 -1.000000 0.000002
vn 0.000000 1.000000 0.000001
vn 0.000000 1.000000 0.000001
vn 0.000000 -1.000000 0.000000
vn 0.000000 -1.000000 0.000000
vn 0.000000 1.000000 0.000000
vn 0.000000 1.000000 0.000000
vn 0.000000 -1.000000 -0.000001
vn 0.000000 -1.000000 -0.000001
s 1
g pCube35 polySurface100
usemtl initialShadingGroup
f 50/137/145 49/138/146 89/139/147
f 51/140/148 50/137/145 89/139/147
f 52/141/149 51/140/148 89/139/147
f 53/142/150 52/141/149 89/139/147
f 54/143/151 53/142/150 89/139/147
f 55/144/152 54/143/151 89/139/147
f 56/145/153 55/144/152 89/139/147
f 57/146/154 56/145/153 89/139/147
f 58/147/155 57/146/154 89/139/147
f 59/148/156 58/147/155 89/139/147
f 60/149/157 59/148/156 89/139/147
f 61/150/158 60/149/157 89/139/147
f 62/151/159 61/150/158 89/139/147
f 63/152/160 62/151/159 89/139/147
f 64/153/161 63/152/160 89/139/147
f 65/154/162 64/153/161 89/139/147
f 66/155/163 65/154/162 89/139/147
f 67/156/164 66/155/163 89/139/147
f 68/157/165 67/156/164 89/139/147
f 49/138/146 68/157/165 89/139/147
s 2
f 69/158/166 70/159/167 90/160/168
f 70/159/167 71/161/169 90/160/168
f 71/161/169 72/162/170 90/160/168
f 72/162/170 73/163/171 90/160/168
f 73/163/171 74/164/172 90/160/168
f 74/164/172 75/165/173 90/160/168
f 75/165/173 76/166/174 90/160/168
f 76/166/174 77/167/175 90/160/168
f 77/167/175 78/168/176 90/160/168
f 78/168/176 79/169/177 90/160/168
f 79/169/177 80/170/178 90/160/168
f 80/170/178 81/171/179 90/160/168
f 81/171/179 82/172/180 90/160/168
f 82/172/180 83/173/181 90/160/168
f 83/173/181 84/174/182 90/160/168
f 84/174/182 85/175/183 90/160/168
f 85/175/183 86/176/184 90/160/168
f 86/176/184 87/177/185 90/160/168
f 87/177/185 88/178/186 90/160/168
f 88/178/186 69/158/166 90/160/168
s 3
f 491/179/187 492/180/188 493/181/189 494/182/190
f 492/180/188 491/179/187 495/183/191 496/184/192
f 496/184/192 495/183/191 497/185/193 498/186/194
f 498/186/194 497/185/193 499/187/195 500/188/196
f 500/189/196 499/190/195 501/191/197 502/192/198
f 502/192/198 501/191/197 503/193/199 504/194/200
f 504/194/200 503/193/199 505/195/201 506/196/202
f 506/196/202 505/195/201 507/197/203 508/198/204
f 508/199/204 507/200/203 509/201/205 510/202/206
f 510/202/206 509/201/205 511/203/207 512/204/208
f 512/204/208 511/203/207 513/205/209 514/206/210
f 514/206/210 513/205/209 515/207/211 516/208/212
f 516/208/212 515/207/211 517/209/213 518/210/214
f 518/210/214 517/209/213 519/211/215 520/212/216
f 520/213/216 519/214/215 521/215/217 522/216/218
f 522/216/218 521/215/217 523/217/219 524/218/220
f 524/218/220 523/217/219 525/219/221 526/220/222
f 526/220/222 525/219/221 527/221/223 528/222/224
f 528/223/224 527/224/223 529/225/225 530/226/226
f 530/226/226 529/225/225 494/182/190 493/181/189
s 4
f 531/227/227 532/228/228 533/229/229 534/230/230
f 532/228/228 531/227/227 535/231/231 536/232/232
f 536/232/232 535/231/231 537/233/233 538/234/234
f 538/234/234 537/233/233 539/235/235 540/236/236
f 540/237/236 539/238/235 541/239/237 542/240/238
f 542/240/238 541/239/237 543/241/239 544/242/240
f 544/242/240 543/241/239 545/243/241 546/244/242
f 546/244/242 545/243/241 547/245/243 548/246/244
f 548/247/244 547/248/243 549/249/245 550/250/246
f 550/250/246 549/249/245 551/251/247 552/252/248
f 552/252/248 551/251/247 553/253/249 554/254/250
f 554/254/250 553/253/249 555/255/251 556/256/252
f 556/256/252 555/255/251 557/257/253 558/258/254
f 558/258/254 557/257/253 559/259/255 560/260/256
f 560/261/256 559/262/255 561/263/257 562/264/258
f 562/264/258 561/263/257 563/265/259 564/266/260
f 564/266/260 563/265/259 565/267/261 566/268/262
f 566/268/262 565/267/261 567/269/263 568/270/264
f 568/271/264 567/272/263 569/273/265 570/274/266
f 570/274/266 569/273/265 534/230/230 533/229/229
s 5
f 571/275/267 572/276/268 573/277/269 574/278/270
f 572/276/268 571/275/267 575/279/271 576/280/272
f 576/280/272 575/279/271 577/281/273 578/282/274
f 578/282/274 577/281/273 579/283/275 580/284/276
f 580/285/276 579/286/275 581/287/277 582/288/278
f 582/288/278 581/287/277 583/289/279 584/290/280
f 584/290/280 583/289/279 585/291/281 586/292/282
f 586/292/282 585/291/281 587/293/283 588/294/284
f 588/295/284 587/296/283 589/297/285 590/298/286
f 590/298/286 589/297/285 591/299/287 592/300/288
f 592/300/288 591/299/287 593/301/289 594/302/290
f 594/302/290 593/301/289 595/303/291 596/304/292
f 596/304/292 595/303/291 597/305/293 598/306/294
f 598/306/294 597/305/293 599/307/295 600/308/296
f 600/309/296 599/310/295 601/311/297 602/312/298
f 602/312/298 601/311/297 603/313/299 604/314/300
f 604/314/300 603/313/299 605/315/301 606/316/302
f 606/316/302 605/315/301 607/317/303 608/318/304
f 608/319/304 607/320/303 609/321/305 610/322/306
f 610/322/306 609/321/305 574/278/270 573/277/269
s 6
f 611/323/307 612/324/308 613/325/309 614/326/310
f 612/324/308 611/323/307 615/327/311 616/328/312
f 616/328/312 615/327/311 617/329/313 618/330/314
f 618/330/314 617/329/313 619/331/315 620/332/316
f 620/333/316 619/334/315 621/335/317 622/336/318
f 622/336/318 621/335/317 623/337/319 624/338/320
f 624/338/320 623/337/319 625/339/321 626/340/322
f 626/340/322 625/339/321 627/341/323 628/342/324
f 628/343/324 627/344/323 629/345/325 630/346/326
f 630/346/326 629/345/325 631/347/327 632/348/328
f 632/348/328 631/347/327 633/349/329 634/350/330
f 634/350/330 633/349/329 635/351/331 636/352/332
f 636/352/332 635/351/331 637/353/333 638/354/334
f 638/354/334 637/353/333 639/355/335 640/356/336
f 640/357/336 639/358/335 641/359/337 642/360/338
f 642/360/338 641/359/337 643/361/339 644/362/340
f 644/362/340 643/361/339 645/363/341 646/364/342
f 646/364/342 645/363/341 647/365/343 648/366/344
f 648/367/344 647/368/343 649/369/345 650/370/346
f 650/370/346 649/369/345 614/326/310 613/325/309
s 7
f 651/371/347 652/372/348 653/373/349 654/374/350
f 652/372/348 651/371/347 655/375/351 656/376/352
f 656/376/352 655/375/351 657/377/353 658/378/354
f 658/378/354 657/377/353 659/379/355 660/380/356
f 660/381/356 659/382/355 661/383/357 662/384/358
f 662/384/358 661/383/357 663/385/359 664/386/360
f 664/386/360 663/385/359 665/387/361 666/388/362
f 666/388/362 665/387/361 667/389/363 668/390/364
f 668/391/364 667/392/363 669/393/365 670/394/366
f 670/394/366 669/393/365 671/395/367 672/396/368
f 672/396/368 671/395/367 673/397/369 674/398/370
f 674/398/370 673/397/369 675/399/371 676/400/372
f 676/400/372 675/399/371 677/401/373 678/402/374
f 678/402/374 677/401/373 679/403/375 680/404/376
f 680/405/376 679/406/375 681/407/377 682/408/378
f 682/408/378 681/407/377 683/409/379 684/410/380
f 684/410/380 683/409/379 685/411/381 686/412/382
f 686/412/382 685/411/381 687/413/383 688/414/384
f 688/415/384 687/416/383 689/417/385 690/418/386
f 690/418/386 689/417/385 654/374/350 653/373/349
s 8
f 691/419/387 692/420/388 693/421/389 694/422/390
f 692/420/388 691/419/387 695/423/391 696/424/392
f 696/424/392 695/423/391 697/425/393 698/426/394
f 698/426/394 697/425/393 699/427/395 700/428/396
f 700/429/396 699/430/395 701/431/397 702/432/398
f 702/432/398 701/431/397 703/433/399 704/434/400
f 704/434/400 703/433/399 705/435/401 706/436/402
f 706/436/402 705/435/401 707/437/403 708/438/404
f 708/439/404 707/440/403 709/441/405 710/442/406
f 710/442/406 709/441/405 711/443/407 712/444/408
f 712/444/408 711/443/407 713/445/409 714/446/410
f 714/446/410 713/445/409 715/447/411 716/448/412
f 716/448/412 715/447/411 717/449/413 718/450/414
f 718/450/414 717/449/413 719/451/415 720/452/416
f 720/453/416 719/454/415 721/455/417 722/456/418
f 722/456/418 721/455/417 723/457/419 724/458/420
f 724/458/420 723/457/419 725/459/421 726/460/422
f 726/460/422 725/459/421 727/461/423 728/462/424
f 728/463/424 727/464/423 729/465/425 730/466/426
f 730/466/426 729/465/425 694/422/390 693/421/389
s 9
f 731/467/427 732/468/428 733/469/429 734/470/430
f 732/468/428 731/467/427 735/471/431 736/472/432
f 736/472/432 735/471/431 737/473/433 738/474/434
f 738/474/434 737/473/433 739/475/435 740/476/436
f 740/477/436 739/478/435 741/479/437 742/480/438
f 742/480/438 741/479/437 743/481/439 744/482/440
f 744/482/440 743/481/439 745/483/441 746/484/442
f 746/484/442 745/483/441 747/485/443 748/486/444
f 748/487/444 747/488/443 749/489/445 750/490/446
f 750/490/446 749/489/445 751/491/447 752/492/448
f 752/492/448 751/491/447 753/493/449 754/494/450
f 754/494/450 753/493/449 755/495/451 756/496/452
f 756/496/452 755/495/451 757/497/453 758/498/454
f 758/498/454 757/497/453 759/499/455 760/500/456
f 760/501/456 759/502/455 761/503/457 762/504/458
f 762/504/458 761/503/457 763/505/459 764/506/460
f 764/506/460 763/505/459 765/507/461 766/508/462
f 766/508/462 765/507/461 767/509/463 768/510/464
f 768/511/464 767/512/463 769/513/465 770/514/466
f 770/514/466 769/513/465 734/470/430 733/469/429
s 10
f 771/515/467 772/516/468 773/517/469 774/518/470
f 772/516/468 771/515/467 775/519/471 776/520/472
f 776/520/472 775/519/471 777/521/473 778/522/474
f 778/522/474 777/521/473 779/523/475 780/524/476
f 780/525/476 779/526/475 781/527/477 782/528/478
f 782/528/478 781/527/477 783/529/479 784/530/480
f 784/530/480 783/529/479 785/531/481 786/532/482
f 786/532/482 785/531/481 787/533/483 788/534/484
f 788/535/484 787/536/483 789/537/485 790/538/486
f 790/538/486 789/537/485 791/539/487 792/540/488
f 792/540/488 791/539/487 793/541/489 794/542/490
f 794/542/490 793/541/489 795/543/491 796/544/492
f 796/544/492 795/543/491 797/545/493 798/546/494
f 798/546/494 797/545/493 799/547/495 800/548/496
f 800/549/496 799/550/495 801/551/497 802/552/498
f 802/552/498 801/551/497 803/553/499 804/554/500
f 804/554/500 803/553/499 805/555/501 806/556/502
f 806/556/502 805/555/501 807/557/503 808/558/504
f 808/559/504 807/560/503 809/561/505 810/562/506
f 810/562/506 809/561/505 774/518/470 773/517/469
s 11
f 811/563/507 812/564/508 813/565/509 814/566/510
f 812/564/508 811/563/507 815/567/511 816/568/512
f 816/568/512 815/567/511 817/569/513 818/570/514
f 818/570/514 817/569/513 819/571/515 820/572/516
f 820/573/516 819/574/515 821/575/517 822/576/518
f 822/576/518 821/575/517 823/577/519 824/578/520
f 824/578/520 823/577/519 825/579/521 826/580/522
f 826/580/522 825/579/521 827/581/523 828/582/524
f 828/583/524 827/584/523 829/585/525 830/586/526
f 830/586/526 829/585/525 831/587/527 832/588/528
f 832/588/528 831/587/527 833/589/529 834/590/530
f 834/590/530 833/589/529 835/591/531 836/592/532
f 836/592/532 835/591/531 837/593/533 838/594/534
f 838/594/534 837/593/533 839/595/535 840/596/536
f 840/597/536 839/598/535 841/599/537 842/600/538
f 842/600/538 841/599/537 843/601/539 844/602/540
f 844/602/540 843/601/539 845/603/541 846/604/542
f 846/604/542 845/603/541 847/605/543 848/606/544
f 848/607/544 847/608/543 849/609/545 850/610/546
f 850/610/546 849/609/545 814/566/510 813/565/509
s 12
f 851/611/547 852/612/548 853/613/549 854/614/550
f 852/612/548 851/611/547 855/615/551 856/616/552
f 856/616/552 855/615/551 857/617/553 858/618/554
f 858/618/554 857/617/553 859/619/555 860/620/556
f 860/621/556 859/622/555 861/623/557 862/624/558
f 862/624/558 861/623/557 863/625/559 864/626/560
f 864/626/560 863/625/559 865/627/561 866/628/562
f 866/628/562 865/627/561 867/629/563 868/630/564
f 868/631/564 867/632/563 869/633/565 870/634/566
f 870/634/566 869/633/565 871/635/567 872/636/568
f 872/636/568 871/635/567 873/637/569 874/638/570
f 874/638/570 873/637/569 875/639/571 876/640/572
f 876/640/572 875/639/571 877/641/573 878/642/574
f 878/642/574 877/641/573 879/643/575 880/644/576
f 880/645/576 879/646/575 881/647/577 882/648/578
f 882/648/578 881/647/577 883/649/579 884/650/580
f 884/650/580 883/649/579 885/651/581 886/652/582
f 886/652/582 885/651/581 887/653/583 888/654/584
f 888/655/584 887/656/583 889/657/585 890/658/586
f 890/658/586 889/657/585 854/614/550 853/613/549
s 13
f 49/659/587 50/660/588 487/661/589 489/662/590
f 50/660/588 51/663/591 485/664/592 487/661/589
f 51/665/591 52/666/593 483/667/594 485/668/592
f 52/666/593 53/669/595 481/670/596 483/667/594
f 53/669/595 54/671/597 479/672/598 481/670/596
f 54/671/597 55/673/599 477/674/600 479/672/598
f 55/675/599 56/676/601 475/677/602 477/678/600
f 56/676/601 57/679/603 473/680/604 475/677/602
f 57/679/603 58/681/605 471/682/606 473/680/604
f 58/681/605 59/683/607 469/684/608 471/682/606
f 59/683/607 60/685/609 467/686/610 469/684/608
f 60/685/609 61/687/611 465/688/612 467/686/610
f 61/689/611 62/690/613 463/691/614 465/692/612
f 62/690/613 63/693/615 461/694/616 463/691/614
f 63/693/615 64/695/617 459/696/618 461/694/616
f 64/695/617 65/697/619 457/698/620 459/696/618
f 65/699/619 66/700/621 455/701/622 457/702/620
f 66/700/621 67/703/623 453/704/624 455/701/622
f 67/703/623 68/705/625 452/706/626 453/704/624
f 68/705/625 49/659/587 489/662/590 452/706/626
s 14
f 93/707/627 91/708/628 88/709/629 87/710/630
f 95/711/631 93/707/627 87/710/630 86/712/632
f 97/713/633 95/711/631 86/712/632 85/714/634
f 99/715/635 97/716/633 85/717/634 84/718/636
f 101/719/637 99/715/635 84/718/636 83/720/638
f 103/721/639 101/719/637 83/720/638 82/722/640
f 105/723/641 103/721/639 82/722/640 81/724/642
f 107/725/643 105/726/641 81/727/642 80/728/644
f 109/729/645 107/725/643 80/728/644 79/730/646
f 111/731/647 109/729/645 79/730/646 78/732/648
f 113/733/649 111/731/647 78/732/648 77/734/650
f 115/735/651 113/733/649 77/734/650 76/736/652
f 117/737/653 115/735/651 76/736/652 75/738/654
f 119/739/655 117/740/653 75/741/654 74/742/656
f 121/743/657 119/739/655 74/742/656 73/744/658
f 123/745/659 121/743/657 73/744/658 72/746/660
f 125/747/661 123/745/659 72/746/660 71/748/662
f 127/749/663 125/750/661 71/751/662 70/752/664
f 129/753/665 127/749/663 70/752/664 69/754/666
f 91/708/628 129/753/665 69/754/666 88/709/629
s 15
f 133/755/667 131/756/668 92/757/669 94/758/670
f 135/759/671 133/755/667 94/758/670 96/760/672
f 137/761/673 135/759/671 96/760/672 98/762/674
f 139/763/675 137/764/673 98/765/674 100/766/676
f 141/767/677 139/763/675 100/766/676 102/768/678
f 143/769/679 141/767/677 102/768/678 104/770/680
f 145/771/681 143/769/679 104/770/680 106/772/682
f 147/773/683 145/774/681 106/775/682 108/776/684
f 149/777/685 147/773/683 108/776/684 110/778/686
f 151/779/687 149/777/685 110/778/686 112/780/688
f 153/781/689 151/779/687 112/780/688 114/782/690
f 155/783/691 153/781/689 114/782/690 116/784/692
f 157/785/693 155/783/691 116/784/692 118/786/694
f 159/787/695 157/788/693 118/789/694 120/790/696
f 161/791/697 159/787/695 120/790/696 122/792/698
f 163/793/699 161/791/697 122/792/698 124/794/700
f 165/795/701 163/793/699 124/794/700 126/796/702
f 167/797/703 165/798/701 126/799/702 128/800/704
f 169/801/705 167/797/703 128/800/704 130/802/706
f 131/756/668 169/801/705 130/802/706 92/757/669
s 16
f 173/803/707 171/804/708 132/805/709 134/806/710
f 175/807/711 173/803/707 134/806/710 136/808/712
f 177/809/713 175/807/711 136/808/712 138/810/714
f 179/811/715 177/812/713 138/813/714 140/814/716
f 181/815/717 179/811/715 140/814/716 142/816/718
f 183/817/719 181/815/717 142/816/718 144/818/720
f 185/819/721 183/817/719 144/818/720 146/820/722
f 187/821/723 185/822/721 146/823/722 148/824/724
f 189/825/725 187/821/723 148/824/724 150/826/726
f 191/827/727 189/825/725 150/826/726 152/828/728
f 193/829/729 191/827/727 152/828/728 154/830/730
f 195/831/731 193/829/729 154/830/730 156/832/732
f 197/833/733 195/831/731 156/832/732 158/834/734
f 199/835/735 197/836/733 158/837/734 160/838/736
f 201/839/737 199/835/735 160/838/736 162/840/738
f 203/841/739 201/839/737 162/840/738 164/842/740
f 205/843/741 203/841/739 164/842/740 166/844/742
f 207/845/743 205/846/741 166/847/742 168/848/744
f 209/849/745 207/845/743 168/848/744 170/850/746
f 171/804/708 209/849/745 170/850/746 132/805/709
s 17
f 213/851/747 211/852/748 172/853/749 174/854/750
f 215/855/751 213/851/747 174/854/750 176/856/752
f 217/857/753 215/855/751 176/856/752 178/858/754
f 219/859/755 217/860/753 178/861/754 180/862/756
f 221/863/757 219/859/755 180/862/756 182/864/758
f 223/865/759 221/863/757 182/864/758 184/866/760
f 225/867/761 223/865/759 184/866/760 186/868/762
f 227/869/763 225/870/761 186/871/762 188/872/764
f 229/873/765 227/869/763 188/872/764 190/874/766
f 231/875/767 229/873/765 190/874/766 192/876/768
f 233/877/769 231/875/767 192/876/768 194/878/770
f 235/879/771 233/877/769 194/878/770 196/880/772
f 237/881/773 235/879/771 196/880/772 198/882/774
f 239/883/775 237/884/773 198/885/774 200/886/776
f 241/887/777 239/883/775 200/886/776 202/888/778
f 243/889/779 241/887/777 202/888/778 204/890/780
f 245/891/781 243/889/779 204/890/780 206/892/782
f 247/893/783 245/894/781 206/895/782 208/896/784
f 249/897/785 247/893/783 208/896/784 210/898/786
f 211/852/748 249/897/785 210/898/786 172/853/749
s 18
f 253/899/787 251/900/788 212/901/789 214/902/790
f 255/903/791 253/899/787 214/902/790 216/904/792
f 257/905/793 255/903/791 216/904/792 218/906/794
f 259/907/795 257/908/793 218/909/794 220/910/796
f 261/911/797 259/907/795 220/910/796 222/912/798
f 263/913/799 261/911/797 222/912/798 224/914/800
f 265/915/801 263/913/799 224/914/800 226/916/802
f 267/917/803 265/918/801 226/919/802 228/920/804
f 269/921/805 267/917/803 228/920/804 230/922/806
f 271/923/807 269/921/805 230/922/806 232/924/808
f 273/925/809 271/923/807 232/924/808 234/926/810
f 275/927/811 273/925/809 234/926/810 236/928/812
f 277/929/813 275/927/811 236/928/812 238/930/814
f 279/931/815 277/932/813 238/933/814 240/934/816
f 281/935/817 279/931/815 240/934/816 242/936/818
f 283/937/819 281/935/817 242/936/818 244/938/820
f 285/939/821 283/937/819 244/938/820 246/940/822
f 287/941/823 285/942/821 246/943/822 248/944/824
f 289/945/825 287/941/823 248/944/824 250/946/826
f 251/900/788 289/945/825 250/946/826 212/901/789
s 19
f 293/947/827 291/948/828 252/949/829 254/950/830
f 295/951/831 293/947/827 254/950/830 256/952/832
f 297/953/833 295/951/831 256/952/832 258/954/834
f 299/955/835 297/956/833 258/957/834 260/958/836
f 301/959/837 299/955/835 260/958/836 262/960/838
f 303/961/839 301/959/837 262/960/838 264/962/840
f 305/963/841 303/961/839 264/962/840 266/964/842
f 307/965/843 305/966/841 266/967/842 268/968/844
f 309/969/845 307/965/843 268/968/844 270/970/846
f 311/971/847 309/969/845 270/970/846 272/972/848
f 313/973/849 311/971/847 272/972/848 274/974/850
f 315/975/851 313/973/849 274/974/850 276/976/852
f 317/977/853 315/975/851 276/976/852 278/978/854
f 319/979/855 317/980/853 278/981/854 280/982/856
f 321/983/857 319/979/855 280/982/856 282/984/858
f 323/985/859 321/983/857 282/984/858 284/986/860
f 325/987/861 323/985/859 284/986/860 286/988/862
f 327/989/863 325/990/861 286/991/862 288/992/864
f 329/993/865 327/989/863 288/992/864 290/994/866
f 291/948/828 329/993/865 290/994/866 252/949/829
s 20
f 333/995/867 331/996/868 292/997/869 294/998/870
f 335/999/871 333/995/867 294/998/870 296/1000/872
f 337/1001/873 335/999/871 296/1000/872 298/1002/874
f 339/1003/875 337/1004/873 298/1005/874 300/1006/876
f 341/1007/877 339/1003/875 300/1006/876 302/1008/878
f 343/1009/879 341/1007/877 302/1008/878 304/1010/880
f 345/1011/881 343/1009/879 304/1010/880 306/1012/882
f 347/1013/883 345/1014/881 306/1015/882 308/1016/884
f 349/1017/885 347/1013/883 308/1016/884 310/1018/886
f 351/1019/887 349/1017/885 310/1018/886 312/1020/888
f 353/1021/889 351/1019/887 312/1020/888 314/1022/890
f 355/1023/891 353/1021/889 314/1022/890 316/1024/892
f 357/1025/893 355/1023/891 316/1024/892 318/1026/894
f 359/1027/895 357/1028/893 318/1029/894 320/1030/896
f 361/1031/897 359/1027/895 320/1030/896 322/1032/898
f 363/1033/899 361/1031/897 322/1032/898 324/1034/900
f 365/1035/901 363/1033/899 324/1034/900 326/1036/902
f 367/1037/903 365/1038/901 326/1039/902 328/1040/904
f 369/1041/905 367/1037/903 328/1040/904 330/1042/906
f 331/996/868 369/1041/905 330/1042/906 292/997/869
s 21
f 373/1043/907 371/1044/908 332/1045/909 334/1046/910
f 375/1047/911 373/1043/907 334/1046/910 336/1048/912
f 377/1049/913 375/1047/911 336/1048/912 338/1050/914
f 379/1051/915 377/1052/913 338/1053/914 340/1054/916
f 381/1055/917 379/1051/915 340/1054/916 342/1056/918
f 383/1057/919 381/1055/917 342/1056/918 344/1058/920
f 385/1059/921 383/1057/919 344/1058/920 346/1060/922
f 387/1061/923 385/1062/921 346/1063/922 348/1064/924
f 389/1065/925 387/1061/923 348/1064/924 350/1066/926
f 391/1067/927 389/1065/925 350/1066/926 352/1068/928
f 393/1069/929 391/1067/927 352/1068/928 354/1070/930
f 395/1071/931 393/1069/929 354/1070/930 356/1072/932
f 397/1073/933 395/1071/931 356/1072/932 358/1074/934
f 399/1075/935 397/1076/933 358/1077/934 360/1078/936
f 401/1079/937 399/1075/935 360/1078/936 362/1080/938
f 403/1081/939 401/1079/937 362/1080/938 364/1082/940
f 405/1083/941 403/1081/939 364/1082/940 366/1084/942
f 407/1085/943 405/1086/941 366/1087/942 368/1088/944
f 409/1089/945 407/1085/943 368/1088/944 370/1090/946
f 371/1044/908 409/1089/945 370/1090/946 332/1045/909
s 22
f 413/1091/947 411/1092/948 372/1093/949 374/1094/950
f 415/1095/951 413/1091/947 374/1094/950 376/1096/952
f 417/1097/953 415/1095/951 376/1096/952 378/1098/954
f 419/1099/955 417/1100/953 378/1101/954 380/1102/956
f 421/1103/957 419/1099/955 380/1102/956 382/1104/958
f 423/1105/959 421/1103/957 382/1104/958 384/1106/960
f 425/1107/961 423/1105/959 384/1106/960 386/1108/962
f 427/1109/963 425/1110/961 386/1111/962 388/1112/964
f 429/1113/965 427/1109/963 388/1112/964 390/1114/966
f 431/1115/967 429/1113/965 390/1114/966 392/1116/968
f 433/1117/969 431/1115/967 392/1116/968 394/1118/970
f 435/1119/971 433/1117/969 394/1118/970 396/1120/972
f 437/1121/973 435/1119/971 396/1120/972 398/1122/974
f 439/1123/975 437/1124/973 398/1125/974 400/1126/976
f 441/1127/977 439/1123/975 400/1126/976 402/1128/978
f 443/1129/979 441/1127/977 402/1128/978 404/1130/980
f 445/1131/981 443/1129/979 404/1130/980 406/1132/982
f 447/1133/983 445/1134/981 406/1135/982 408/1136/984
f 449/1137/985 447/1133/983 408/1136/984 410/1138/986
f 411/1092/948 449/1137/985 410/1138/986 372/1093/949
s 23
f 454/1139/987 451/1140/988 412/1141/989 414/1142/990
f 456/1143/991 454/1139/987 414/1142/990 416/1144/992
f 458/1145/993 456/1143/991 416/1144/992 418/1146/994
f 460/1147/995 458/1148/993 418/1149/994 420/1150/996
f 462/1151/997 460/1147/995 420/1150/996 422/1152/998
f 464/1153/999 462/1151/997 422/1152/998 424/1154/1000
f 466/1155/1001 464/1153/999 424/1154/1000 426/1156/1002
f 468/1157/1003 466/1158/1001 426/1159/1002 428/1160/1004
f 470/1161/1005 468/1157/1003 428/1160/1004 430/1162/1006
f 472/1163/1007 470/1161/1005 430/1162/1006 432/1164/1008
f 474/1165/1009 472/1163/1007 432/1164/1008 434/1166/1010
f 476/1167/1011 474/1165/1009 434/1166/1010 436/1168/1012
f 478/1169/1013 476/1167/1011 436/1168/1012 438/1170/1014
f 480/1171/1015 478/1172/1013 438/1173/1014 440/1174/1016
f 482/1175/1017 480/1171/1015 440/1174/1016 442/1176/1018
f 484/1177/1019 482/1175/1017 442/1176/1018 444/1178/1020
f 486/1179/1021 484/1177/1019 444/1178/1020 446/1180/1022
f 488/1181/1023 486/1182/1021 446/1183/1022 448/1184/1024
f 490/1185/1025 488/1181/1023 448/1184/1024 450/1186/1026
f 451/1140/988 490/1185/1025 450/1186/1026 412/1141/989
s 24
f 92/1187/1027 130/1188/1028 493/1189/1029 492/1190/1030
s 25
f 129/1191/1031 91/1192/1032 491/1193/1033 494/1194/1034
f 91/1192/1032 93/1195/1035 495/1196/1036 491/1193/1033
s 24
f 94/1197/1037 92/1187/1027 492/1190/1030 496/1198/1038
s 25
f 93/1195/1035 95/1199/1039 497/1200/1040 495/1196/1036
s 24
f 96/1201/1041 94/1197/1037 496/1198/1038 498/1202/1042
s 25
f 95/1199/1039 97/1203/1043 499/1204/1044 497/1200/1040
s 24
f 98/1205/1045 96/1201/1041 498/1202/1042 500/1206/1046
s 25
f 97/1203/1043 99/1207/1047 501/1208/1048 499/1204/1044
s 24
f 100/1209/1049 98/1205/1045 500/1206/1046 502/1210/1050
s 25
f 99/1207/1047 101/1211/1051 503/1212/1052 501/1208/1048
s 24
f 102/1213/1053 100/1209/1049 502/1210/1050 504/1214/1054
s 25
f 101/1211/1051 103/1215/1055 505/1216/1056 503/1212/1052
s 24
f 104/1217/1057 102/1213/1053 504/1214/1054 506/1218/1058
s 25
f 103/1215/1055 105/1219/1059 507/1220/1060 505/1216/1056
s 24
f 106/1221/1061 104/1217/1057 506/1218/1058 508/1222/1062
s 25
f 105/1219/1059 107/1223/1063 509/1224/1064 507/1220/1060
s 24
f 108/1225/1065 106/1221/1061 508/1222/1062 510/1226/1066
s 25
f 107/1223/1063 109/1227/1067 511/1228/1068 509/1224/1064
s 24
f 110/1229/1069 108/1225/1065 510/1226/1066 512/1230/1070
s 25
f 109/1227/1067 111/1231/1071 513/1232/1072 511/1228/1068
s 24
f 112/1233/1073 110/1229/1069 512/1230/1070 514/1234/1074
s 25
f 111/1231/1071 113/1235/1075 515/1236/1076 513/1232/1072
s 24
f 114/1237/1077 112/1233/1073 514/1234/1074 516/1238/1078
s 25
f 113/1235/1075 115/1239/1079 517/1240/1080 515/1236/1076
s 24
f 116/1241/1081 114/1237/1077 516/1238/1078 518/1242/1082
s 25
f 115/1239/1079 117/1243/1083 519/1244/1084 517/1240/1080
s 24
f 118/1245/1085 116/1241/1081 518/1242/1082 520/1246/1086
s 25
f 117/1243/1083 119/1247/1087 521/1248/1088 519/1244/1084
s 24
f 120/1249/1089 118/1245/1085 520/1246/1086 522/1250/1090
s 25
f 119/1247/1087 121/1251/1091 523/1252/1092 521/1248/1088
s 24
f 122/1253/1093 120/1249/1089 522/1250/1090 524/1254/1094
s 25
f 121/1251/1091 123/1255/1095 525/1256/1096 523/1252/1092
s 24
f 124/1257/1097 122/1253/1093 524/1254/1094 526/1258/1098
s 25
f 123/1255/1095 125/1259/1099 527/1260/1100 525/1256/1096
s 24
f 126/1261/1101 124/1257/1097 526/1258/1098 528/1262/1102
s 25
f 125/1259/1099 127/1263/1103 529/1264/1104 527/1260/1100
s 24
f 128/1265/1105 126/1261/1101 528/1262/1102 530/1266/1106
s 25
f 127/1263/1103 129/1191/1031 494/1194/1034 529/1264/1104
s 24
f 130/1188/1028 128/1265/1105 530/1266/1106 493/1189/1029
s 26
f 132/1267/1107 170/1268/1108 533/1269/1109 532/1270/1110
s 27
f 169/1271/1111 131/1272/1112 531/1273/1113 534/1274/1114
f 131/1272/1112 133/1275/1115 535/1276/1116 531/1273/1113
s 26
f 134/1277/1117 132/1267/1107 532/1270/1110 536/1278/1118
s 27
f 133/1275/1115 135/1279/1119 537/1280/1120 535/1276/1116
s 26
f 136/1281/1121 134/1277/1117 536/1278/1118 538/1282/1122
s 27
f 135/1279/1119 137/1283/1123 539/1284/1124 537/1280/1120
s 26
f 138/1285/1125 136/1281/1121 538/1282/1122 540/1286/1126
s 27
f 137/1283/1123 139/1287/1127 541/1288/1128 539/1284/1124
s 26
f 140/1289/1129 138/1285/1125 540/1286/1126 542/1290/1130
s 27
f 139/1287/1127 141/1291/1131 543/1292/1132 541/1288/1128
s 26
f 142/1293/1133 140/1289/1129 542/1290/1130 544/1294/1134
s 27
f 141/1291/1131 143/1295/1135 545/1296/1136 543/1292/1132
s 26
f 144/1297/1137 142/1293/1133 544/1294/1134 546/1298/1138
s 27
f 143/1295/1135 145/1299/1139 547/1300/1140 545/1296/1136
s 26
f 146/1301/1141 144/1297/1137 546/1298/1138 548/1302/1142
s 27
f 145/1299/1139 147/1303/1143 549/1304/1144 547/1300/1140
s 26
f 148/1305/1145 146/1301/1141 548/1302/1142 550/1306/1146
s 27
f 147/1303/1143 149/1307/1147 551/1308/1148 549/1304/1144
s 26
f 150/1309/1149 148/1305/1145 550/1306/1146 552/1310/1150
s 27
f 149/1307/1147 151/1311/1151 553/1312/1152 551/1308/1148
s 26
f 152/1313/1153 150/1309/1149 552/1310/1150 554/1314/1154
s 27
f 151/1311/1151 153/1315/1155 555/1316/1156 553/1312/1152
s 26
f 154/1317/1157 152/1313/1153 554/1314/1154 556/1318/1158
s 27
f 153/1315/1155 155/1319/1159 557/1320/1160 555/1316/1156
s 26
f 156/1321/1161 154/1317/1157 556/1318/1158 558/1322/1162
s 27
f 155/1319/1159 157/1323/1163 559/1324/1164 557/1320/1160
s 26
f 158/1325/1165 156/1321/1161 558/1322/1162 560/1326/1166
s 27
f 157/1323/1163 159/1327/1167 561/1328/1168 559/1324/1164
s 26
f 160/1329/1169 158/1325/1165 560/1326/1166 562/1330/1170
s 27
f 159/1327/1167 161/1331/1171 563/1332/1172 561/1328/1168
s 26
f 162/1333/1173 160/1329/1169 562/1330/1170 564/1334/1174
s 27
f 161/1331/1171 163/1335/1175 565/1336/1176 563/1332/1172
s 26
f 164/1337/1177 162/1333/1173 564/1334/1174 566/1338/1178
s 27
f 163/1335/1175 165/1339/1179 567/1340/1180 565/1336/1176
s 26
f 166/1341/1181 164/1337/1177 566/1338/1178 568/1342/1182
s 27
f 165/1339/1179 167/1343/1183 569/1344/1184 567/1340/1180
s 26
f 168/1345/1185 166/1341/1181 568/1342/1182 570/1346/1186
s 27
f 167/1343/1183 169/1271/1111 534/1274/1114 569/1344/1184
s 26
f 170/1268/1108 168/1345/1185 570/1346/1186 533/1269/1109
s 28
f 172/1347/1187 210/1348/1188 573/1349/1189 572/1350/1190
s 29
f 209/1351/1191 171/1352/1192 571/1353/1193 574/1354/1194
f 171/1352/1192 173/1355/1195 575/1356/1196 571/1353/1193
s 28
f 174/1357/1197 172/1347/1187 572/1350/1190 576/1358/1198
s 29
f 173/1355/1195 175/1359/1199 577/1360/1200 575/1356/1196
s 28
f 176/1361/1201 174/1357/1197 576/1358/1198 578/1362/1202
s 29
f 175/1359/1199 177/1363/1203 579/1364/1204 577/1360/1200
s 28
f 178/1365/1205 176/1361/1201 578/1362/1202 580/1366/1206
s 29
f 177/1363/1203 179/1367/1207 581/1368/1208 579/1364/1204
s 28
f 180/1369/1209 178/1365/1205 580/1366/1206 582/1370/1210
s 29
f 179/1367/1207 181/1371/1211 583/1372/1212 581/1368/1208
s 28
f 182/1373/1213 180/1369/1209 582/1370/1210 584/1374/1214
s 29
f 181/1371/1211 183/1375/1215 585/1376/1216 583/1372/1212
s 28
f 184/1377/1217 182/1373/1213 584/1374/1214 586/1378/1218
s 29
f 183/1375/1215 185/1379/1219 587/1380/1220 585/1376/1216
s 28
f 186/1381/1221 184/1377/1217 586/1378/1218 588/1382/1222
s 29
f 185/1379/1219 187/1383/1223 589/1384/1224 587/1380/1220
s 28
f 188/1385/1225 186/1381/1221 588/1382/1222 590/1386/1226
s 29
f 187/1383/1223 189/1387/1227 591/1388/1228 589/1384/1224
s 28
f 190/1389/1229 188/1385/1225 590/1386/1226 592/1390/1230
s 29
f 189/1387/1227 191/1391/1231 593/1392/1232 591/1388/1228
s 28
f 192/1393/1233 190/1389/1229 592/1390/1230 594/1394/1234
s 29
f 191/1391/1231 193/1395/1235 595/1396/1236 593/1392/1232
s 28
f 194/1397/1237 192/1393/1233 594/1394/1234 596/1398/1238
s 29
f 193/1395/1235 195/1399/1239 597/1400/1240 595/1396/1236
s 28
f 196/1401/1241 194/1397/1237 596/1398/1238 598/1402/1242
s 29
f 195/1399/1239 197/1403/1243 599/1404/1244 597/1400/1240
s 28
f 198/1405/1245 196/1401/1241 598/1402/1242 600/1406/1246
s 29
f 197/1403/1243 199/1407/1247 601/1408/1248 599/1404/1244
s 28
f 200/1409/1249 198/1405/1245 600/1406/1246 602/1410/1250
s 29
f 199/1407/1247 201/1411/1251 603/1412/1252 601/1408/1248
s 28
f 202/1413/1253 200/1409/1249 602/1410/1250 604/1414/1254
s 29
f 201/1411/1251 203/1415/1255 605/1416/1256 603/1412/1252
s 28
f 204/1417/1257 202/1413/1253 604/1414/1254 606/1418/1258
s 29
f 203/1415/1255 205/1419/1259 607/1420/1260 605/1416/1256
s 28
f 206/1421/1261 204/1417/1257 606/1418/1258 608/1422/1262
s 29
f 205/1419/1259 207/1423/1263 609/1424/1264 607/1420/1260
s 28
f 208/1425/1265 206/1421/1261 608/1422/1262 610/1426/1266
s 29
f 207/1423/1263 209/1351/1191 574/1354/1194 609/1424/1264
s 28
f 210/1348/1188 208/1425/1265 610/1426/1266 573/1349/1189
s 30
f 212/1427/1267 250/1428/1268 613/1429/1269 612/1430/1270
s 31
f 249/1431/1271 211/1432/1272 611/1433/1273 614/1434/1274
f 211/1432/1272 213/1435/1275 615/1436/1276 611/1433/1273
s 30
f 214/1437/1277 212/1427/1267 612/1430/1270 616/1438/1278
s 31
f 213/1435/1275 215/1439/1279 617/1440/1280 615/1436/1276
s 30
f 216/1441/1281 214/1437/1277 616/1438/1278 618/1442/1282
s 31
f 215/1439/1279 217/1443/1283 619/1444/1284 617/1440/1280
s 30
f 218/1445/1285 216/1441/1281 618/1442/1282 620/1446/1286
s 31
f 217/1443/1283 219/1447/1287 621/1448/1288 619/1444/1284
s 30
f 220/1449/1289 218/1445/1285 620/1446/1286 622/1450/1290
s 31
f 219/1447/1287 221/1451/1291 623/1452/1292 621/1448/1288
s 30
f 222/1453/1293 220/1449/1289 622/1450/1290 624/1454/1294
s 31
f 221/1451/1291 223/1455/1295 625/1456/1296 623/1452/1292
s 30
f 224/1457/1297 222/1453/1293 624/1454/1294 626/1458/1298
s 31
f 223/1455/1295 225/1459/1299 627/1460/1300 625/1456/1296
s 30
f 226/1461/1301 224/1457/1297 626/1458/1298 628/1462/1302
s 31
f 225/1459/1299 227/1463/1303 629/1464/1304 627/1460/1300
s 30
f 228/1465/1305 226/1461/1301 628/1462/1302 630/1466/1306
s 31
f 227/1463/1303 229/1467/1307 631/1468/1308 629/1464/1304
s 30
f 230/1469/1309 228/1465/1305 630/1466/1306 632/1470/1310
s 31
f 229/1467/1307 231/1471/1311 633/1472/1312 631/1468/1308
s 30
f 232/1473/1313 230/1469/1309 632/1470/1310 634/1474/1314
s 31
f 231/1471/1311 233/1475/1315 635/1476/1316 633/1472/1312
s 30
f 234/1477/1317 232/1473/1313 634/1474/1314 636/1478/1318
s 31
f 233/1475/1315 235/1479/1319 637/1480/1320 635/1476/1316
s 30
f 236/1481/1321 234/1477/1317 636/1478/1318 638/1482/1322
s 31
f 235/1479/1319 237/1483/1323 639/1484/1324 637/1480/1320
s 30
f 238/1485/1325 236/1481/1321 638/1482/1322 640/1486/1326
s 31
f 237/1483/1323 239/1487/1327 641/1488/1328 639/1484/1324
s 30
f 240/1489/1329 238/1485/1325 640/1486/1326 642/1490/1330
s 31
f 239/1487/1327 241/1491/1331 643/1492/1332 641/1488/1328
s 30
f 242/1493/1333 240/1489/1329 642/1490/1330 644/1494/1334
s 31
f 241/1491/1331 243/1495/1335 645/1496/1336 643/1492/1332
s 30
f 244/1497/1337 242/1493/1333 644/1494/1334 646/1498/1338
s 31
f 243/1495/1335 245/1499/1339 647/1500/1340 645/1496/1336
s 30
f 246/1501/1341 244/1497/1337 646/1498/1338 648/1502/1342
s 31
f 245/1499/1339 247/1503/1343 649/1504/1344 647/1500/1340
s 30
f 248/1505/1345 246/1501/1341 648/1502/1342 650/1506/1346
s 31
f 247/1503/1343 249/1431/1271 614/1434/1274 649/1504/1344
s 30
f 250/1428/1268 248/1505/1345 650/1506/1346 613/1429/1269
s 32
f 252/1507/1347 290/1508/1348 653/1509/1349 652/1510/1350
s 33
f 289/1511/1351 251/1512/1352 651/1513/1353 654/1514/1354
f 251/1512/1352 253/1515/1355 655/1516/1356 651/1513/1353
s 32
f 254/1517/1357 252/1507/1347 652/1510/1350 656/1518/1358
s 33
f 253/1515/1355 255/1519/1359 657/1520/1360 655/1516/1356
s 32
f 256/1521/1361 254/1517/1357 656/1518/1358 658/1522/1362
s 33
f 255/1519/1359 257/1523/1363 659/1524/1364 657/1520/1360
s 32
f 258/1525/1365 256/1521/1361 658/1522/1362 660/1526/1366
s 33
f 257/1523/1363 259/1527/1367 661/1528/1368 659/1524/1364
s 32
f 260/1529/1369 258/1525/1365 660/1526/1366 662/1530/1370
s 33
f 259/1527/1367 261/1531/1371 663/1532/1372 661/1528/1368
s 32
f 262/1533/1373 260/1529/1369 662/1530/1370 664/1534/1374
s 33
f 261/1531/1371 263/1535/1375 665/1536/1376 663/1532/1372
s 32
f 264/1537/1377 262/1533/1373 664/1534/1374 666/1538/1378
s 33
f 263/1535/1375 265/1539/1379 667/1540/1380 665/1536/1376
s 32
f 266/1541/1381 264/1537/1377 666/1538/1378 668/1542/1382
s 33
f 265/1539/1379 267/1543/1383 669/1544/1384 667/1540/1380
s 32
f 268/1545/1385 266/1541/1381 668/1542/1382 670/1546/1386
s 33
f 267/1543/1383 269/1547/1387 671/1548/1388 669/1544/1384
s 32
f 270/1549/1389 268/1545/1385 670/1546/1386 672/1550/1390
s 33
f 269/1547/1387 271/1551/1391 673/1552/1392 671/1548/1388
s 32
f 272/1553/1393 270/1549/1389 672/1550/1390 674/1554/1394
s 33
f 271/1551/1391 273/1555/1395 675/1556/1396 673/1552/1392
s 32
f 274/1557/1397 272/1553/1393 674/1554/1394 676/1558/1398
s 33
f 273/1555/1395 275/1559/1399 677/1560/1400 675/1556/1396
s 32
f 276/1561/1401 274/1557/1397 676/1558/1398 678/1562/1402
s 33
f 275/1559/1399 277/1563/1403 679/1564/1404 677/1560/1400
s 32
f 278/1565/1405 276/1561/1401 678/1562/1402 680/1566/1406
s 33
f 277/1563/1403 279/1567/1407 681/1568/1408 679/1564/1404
s 32
f 280/1569/1409 278/1565/1405 680/1566/1406 682/1570/1410
s 33
f 279/1567/1407 281/1571/1411 683/1572/1412 681/1568/1408
s 32
f 282/1573/1413 280/1569/1409 682/1570/1410 684/1574/1414
s 33
f 281/1571/1411 283/1575/1415 685/1576/1416 683/1572/1412
s 32
f 284/1577/1417 282/1573/1413 684/1574/1414 686/1578/1418
s 33
f 283/1575/1415 285/1579/1419 687/1580/1420 685/1576/1416
s 32
f 286/1581/1421 284/1577/1417 686/1578/1418 688/1582/1422
s 33
f 285/1579/1419 287/1583/1423 689/1584/1424 687/1580/1420
s 32
f 288/1585/1425 286/1581/1421 688/1582/1422 690/1586/1426
s 33
f 287/1583/1423 289/1511/1351 654/1514/1354 689/1584/1424
s 32
f 290/1508/1348 288/1585/1425 690/1586/1426 653/1509/1349
s 34
f 292/1587/1427 330/1588/1428 693/1589/1429 692/1590/1430
s 35
f 329/1591/1431 291/1592/1432 691/1593/1433 694/1594/1434
f 291/1592/1432 293/1595/1435 695/1596/1436 691/1593/1433
s 34
f 294/1597/1437 292/1587/1427 692/1590/1430 696/1598/1438
s 35
f 293/1595/1435 295/1599/1439 697/1600/1440 695/1596/1436
s 34
f 296/1601/1441 294/1597/1437 696/1598/1438 698/1602/1442
s 35
f 295/1599/1439 297/1603/1443 699/1604/1444 697/1600/1440
s 34
f 298/1605/1445 296/1601/1441 698/1602/1442 700/1606/1446
s 35
f 297/1603/1443 299/1607/1447 701/1608/1448 699/1604/1444
s 34
f 300/1609/1449 298/1605/1445 700/1606/1446 702/1610/1450
s 35
f 299/1607/1447 301/1611/1451 703/1612/1452 701/1608/1448
s 34
f 302/1613/1453 300/1609/1449 702/1610/1450 704/1614/1454
s 35
f 301/1611/1451 303/1615/1455 705/1616/1456 703/1612/1452
s 34
f 304/1617/1457 302/1613/1453 704/1614/1454 706/1618/1458
s 35
f 303/1615/1455 305/1619/1459 707/1620/1460 705/1616/1456
s 34
f 306/1621/1461 304/1617/1457 706/1618/1458 708/1622/1462
s 35
f 305/1619/1459 307/1623/1463 709/1624/1464 707/1620/1460
s 34
f 308/1625/1465 306/1621/1461 708/1622/1462 710/1626/1466
s 35
f 307/1623/1463 309/1627/1467 711/1628/1468 709/1624/1464
s 34
f 310/1629/1469 308/1625/1465 710/1626/1466 712/1630/1470
s 35
f 309/1627/1467 311/1631/1471 713/1632/1472 711/1628/1468
s 34
f 312/1633/1473 310/1629/1469 712/1630/1470 714/1634/1474
s 35
f 311/1631/1471 313/1635/1475 715/1636/1476 713/1632/1472
s 34
f 314/1637/1477 312/1633/1473 714/1634/1474 716/1638/1478
s 35
f 313/1635/1475 315/1639/1479 717/1640/1480 715/1636/1476
s 34
f 316/1641/1481 314/1637/1477 716/1638/1478 718/1642/1482
s 35
f 315/1639/1479 317/1643/1483 719/1644/1484 717/1640/1480
s 34
f 318/1645/1485 316/1641/1481 718/1642/1482 720/1646/1486
s 35
f 317/1643/1483 319/1647/1487 721/1648/1488 719/1644/1484
s 34
f 320/1649/1489 318/1645/1485 720/1646/1486 722/1650/1490
s 35
f 319/1647/1487 321/1651/1491 723/1652/1492 721/1648/1488
s 34
f 322/1653/1493 320/1649/1489 722/1650/1490 724/1654/1494
s 35
f 321/1651/1491 323/1655/1495 725/1656/1496 723/1652/1492
s 34
f 324/1657/1497 322/1653/1493 724/1654/1494 726/1658/1498
s 35
f 323/1655/1495 325/1659/1499 727/1660/1500 725/1656/1496
s 34
f 326/1661/1501 324/1657/1497 726/1658/1498 728/1662/1502
s 35
f 325/1659/1499 327/1663/1503 729/1664/1504 727/1660/1500
s 34
f 328/1665/1505 326/1661/1501 728/1662/1502 730/1666/1506
s 35
f 327/1663/1503 329/1591/1431 694/1594/1434 729/1664/1504
s 34
f 330/1588/1428 328/1665/1505 730/1666/1506 693/1589/1429
s 36
f 332/1667/1507 370/1668/1508 733/1669/1509 732/1670/1510
s 37
f 369/1671/1511 331/1672/1512 731/1673/1513 734/1674/1514
f 331/1672/1512 333/1675/1515 735/1676/1516 731/1673/1513
s 36
f 334/1677/1517 332/1667/1507 732/1670/1510 736/1678/1518
s 37
f 333/1675/1515 335/1679/1519 737/1680/1520 735/1676/1516
s 36
f 336/1681/1521 334/1677/1517 736/1678/1518 738/1682/1522
s 37
f 335/1679/1519 337/1683/1523 739/1684/1524 737/1680/1520
s 36
f 338/1685/1525 336/1681/1521 738/1682/1522 740/1686/1526
s 37
f 337/1683/1523 339/1687/1527 741/1688/1528 739/1684/1524
s 36
f 340/1689/1529 338/1685/1525 740/1686/1526 742/1690/1530
s 37
f 339/1687/1527 341/1691/1531 743/1692/1532 741/1688/1528
s 36
f 342/1693/1533 340/1689/1529 742/1690/1530 744/1694/1534
s 37
f 341/1691/1531 343/1695/1535 745/1696/1536 743/1692/1532
s 36
f 344/1697/1537 342/1693/1533 744/1694/1534 746/1698/1538
s 37
f 343/1695/1535 345/1699/1539 747/1700/1540 745/1696/1536
s 36
f 346/1701/1541 344/1697/1537 746/1698/1538 748/1702/1542
s 37
f 345/1699/1539 347/1703/1543 749/1704/1544 747/1700/1540
s 36
f 348/1705/1545 346/1701/1541 748/1702/1542 750/1706/1546
s 37
f 347/1703/1543 349/1707/1547 751/1708/1548 749/1704/1544
s 36
f 350/1709/1549 348/1705/1545 750/1706/1546 752/1710/1550
s 37
f 349/1707/1547 351/1711/1551 753/1712/1552 751/1708/1548
s 36
f 352/1713/1553 350/1709/1549 752/1710/1550 754/1714/1554
s 37
f 351/1711/1551 353/1715/1555 755/1716/1556 753/1712/1552
s 36
f 354/1717/1557 352/1713/1553 754/1714/1554 756/1718/1558
s 37
f 353/1715/1555 355/1719/1559 757/1720/1560 755/1716/1556
s 36
f 356/1721/1561 354/1717/1557 756/1718/1558 758/1722/1562
s 37
f 355/1719/1559 357/1723/1563 759/1724/1564 757/1720/1560
s 36
f 358/1725/1565 356/1721/1561 758/1722/1562 760/1726/1566
s 37
f 357/1723/1563 359/1727/1567 761/1728/1568 759/1724/1564
s 36
f 360/1729/1569 358/1725/1565 760/1726/1566 762/1730/1570
s 37
f 359/1727/1567 361/1731/1571 763/1732/1572 761/1728/1568
s 36
f 362/1733/1573 360/1729/1569 762/1730/1570 764/1734/1574
s 37
f 361/1731/1571 363/1735/1575 765/1736/1576 763/1732/1572
s 36
f 364/1737/1577 362/1733/1573 764/1734/1574 766/1738/1578
s 37
f 363/1735/1575 365/1739/1579 767/1740/1580 765/1736/1576
s 36
f 366/1741/1581 364/1737/1577 766/1738/1578 768/1742/1582
s 37
f 365/1739/1579 367/1743/1583 769/1744/1584 767/1740/1580
s 36
f 368/1745/1585 366/1741/1581 768/1742/1582 770/1746/1586
s 37
f 367/1743/1583 369/1671/1511 734/1674/1514 769/1744/1584
s 36
f 370/1668/1508 368/1745/1585 770/1746/1586 733/1669/1509
s 38
f 372/1747/1587 410/1748/1588 773/1749/1589 772/1750/1590
s 39
f 409/1751/1591 371/1752/1592 771/1753/1593 774/1754/1594
f 371/1752/1592 373/1755/1595 775/1756/1596 771/1753/1593
s 38
f 374/1757/1597 372/1747/1587 772/1750/1590 776/1758/1598
s 39
f 373/1755/1595 375/1759/1599 777/1760/1600 775/1756/1596
s 38
f 376/1761/1601 374/1757/1597 776/1758/1598 778/1762/1602
s 39
f 375/1759/1599 377/1763/1603 779/1764/1604 777/1760/1600
s 38
f 378/1765/1605 376/1761/1601 778/1762/1602 780/1766/1606
s 39
f 377/1763/1603 379/1767/1607 781/1768/1608 779/1764/1604
s 38
f 380/1769/1609 378/1765/1605 780/1766/1606 782/1770/1610
s 39
f 379/1767/1607 381/1771/1611 783/1772/1612 781/1768/1608
s 38
f 382/1773/1613 380/1769/1609 782/1770/1610 784/1774/1614
s 39
f 381/1771/1611 383/1775/1615 785/1776/1616 783/1772/1612
s 38
f 384/1777/1617 382/1773/1613 784/1774/1614 786/1778/1618
s 39
f 383/1775/1615 385/1779/1619 787/1780/1620 785/1776/1616
s 38
f 386/1781/1621 384/1777/1617 786/1778/1618 788/1782/1622
s 39
f 385/1779/1619 387/1783/1623 789/1784/1624 787/1780/1620
s 38
f 388/1785/1625 386/1781/1621 788/1782/1622 790/1786/1626
s 39
f 387/1783/1623 389/1787/1627 791/1788/1628 789/1784/1624
s 38
f 390/1789/1629 388/1785/1625 790/1786/1626 792/1790/1630
s 39
f 389/1787/1627 391/1791/1631 793/1792/1632 791/1788/1628
s 38
f 392/1793/1633 390/1789/1629 792/1790/1630 794/1794/1634
s 39
f 391/1791/1631 393/1795/1635 795/1796/1636 793/1792/1632
s 38
f 394/1797/1637 392/1793/1633 794/1794/1634 796/1798/1638
s 39
f 393/1795/1635 395/1799/1639 797/1800/1640 795/1796/1636
s 38
f 396/1801/1641 394/1797/1637 796/1798/1638 798/1802/1642
s 39
f 395/1799/1639 397/1803/1643 799/1804/1644 797/1800/1640
s 38
f 398/1805/1645 396/1801/1641 798/1802/1642 800/1806/1646
s 39
f 397/1803/1643 399/1807/1647 801/1808/1648 799/1804/1644
s 38
f 400/1809/1649 398/1805/1645 800/1806/1646 802/1810/1650
s 39
f 399/1807/1647 401/1811/1651 803/1812/1652 801/1808/1648
s 38
f 402/1813/1653 400/1809/1649 802/1810/1650 804/1814/1654
s 39
f 401/1811/1651 403/1815/1655 805/1816/1656 803/1812/1652
s 38
f 404/1817/1657 402/1813/1653 804/1814/1654 806/1818/1658
s 39
f 403/1815/1655 405/1819/1659 807/1820/1660 805/1816/1656
s 38
f 406/1821/1661 404/1817/1657 806/1818/1658 808/1822/1662
s 39
f 405/1819/1659 407/1823/1663 809/1824/1664 807/1820/1660
s 38
f 408/1825/1665 406/1821/1661 808/1822/1662 810/1826/1666
s 39
f 407/1823/1663 409/1751/1591 774/1754/1594 809/1824/1664
s 38
f 410/1748/1588 408/1825/1665 810/1826/1666 773/1749/1589
s 40
f 412/1827/1667 450/1828/1668 813/1829/1669 812/1830/1670
s 41
f 449/1831/1671 411/1832/1672 811/1833/1673 814/1834/1674
f 411/1832/1672 413/1835/1675 815/1836/1676 811/1833/1673
s 40
f 414/1837/1677 412/1827/1667 812/1830/1670 816/1838/1678
s 41
f 413/1835/1675 415/1839/1679 817/1840/1680 815/1836/1676
s 40
f 416/1841/1681 414/1837/1677 816/1838/1678 818/1842/1682
s 41
f 415/1839/1679 417/1843/1683 819/1844/1684 817/1840/1680
s 40
f 418/1845/1685 416/1841/1681 818/1842/1682 820/1846/1686
s 41
f 417/1843/1683 419/1847/1687 821/1848/1688 819/1844/1684
s 40
f 420/1849/1689 418/1845/1685 820/1846/1686 822/1850/1690
s 41
f 419/1847/1687 421/1851/1691 823/1852/1692 821/1848/1688
s 40
f 422/1853/1693 420/1849/1689 822/1850/1690 824/1854/1694
s 41
f 421/1851/1691 423/1855/1695 825/1856/1696 823/1852/1692
s 40
f 424/1857/1697 422/1853/1693 824/1854/1694 826/1858/1698
s 41
f 423/1855/1695 425/1859/1699 827/1860/1700 825/1856/1696
s 40
f 426/1861/1701 424/1857/1697 826/1858/1698 828/1862/1702
s 41
f 425/1859/1699 427/1863/1703 829/1864/1704 827/1860/1700
s 40
f 428/1865/1705 426/1861/1701 828/1862/1702 830/1866/1706
s 41
f 427/1863/1703 429/1867/1707 831/1868/1708 829/1864/1704
s 40
f 430/1869/1709 428/1865/1705 830/1866/1706 832/1870/1710
s 41
f 429/1867/1707 431/1871/1711 833/1872/1712 831/1868/1708
s 40
f 432/1873/1713 430/1869/1709 832/1870/1710 834/1874/1714
s 41
f 431/1871/1711 433/1875/1715 835/1876/1716 833/1872/1712
s 40
f 434/1877/1717 432/1873/1713 834/1874/1714 836/1878/1718
s 41
f 433/1875/1715 435/1879/1719 837/1880/1720 835/1876/1716
s 40
f 436/1881/1721 434/1877/1717 836/1878/1718 838/1882/1722
s 41
f 435/1879/1719 437/1883/1723 839/1884/1724 837/1880/1720
s 40
f 438/1885/1725 436/1881/1721 838/1882/1722 840/1886/1726
s 41
f 437/1883/1723 439/1887/1727 841/1888/1728 839/1884/1724
s 40
f 440/1889/1729 438/1885/1725 840/1886/1726 842/1890/1730
s 41
f 439/1887/1727 441/1891/1731 843/1892/1732 841/1888/1728
s 40
f 442/1893/1733 440/1889/1729 842/1890/1730 844/1894/1734
s 41
f 441/1891/1731 443/1895/1735 845/1896/1736 843/1892/1732
s 40
f 444/1897/1737 442/1893/1733 844/1894/1734 846/1898/1738
s 41
f 443/1895/1735 445/1899/1739 847/1900/1740 845/1896/1736
s 40
f 446/1901/1741 444/1897/1737 846/1898/1738 848/1902/1742
s 41
f 445/1899/1739 447/1903/1743 849/1904/1744 847/1900/1740
s 40
f 448/1905/1745 446/1901/1741 848/1902/1742 850/1906/1746
s 41
f 447/1903/1743 449/1831/1671 814/1834/1674 849/1904/1744
s 40
f 450/1828/1668 448/1905/1745 850/1906/1746 813/1829/1669
s 42
f 452/1907/1747 489/1908/1748 853/1909/1749 852/1910/1750
s 43
f 490/1911/1751 451/1912/1752 851/1913/1753 854/1914/1754
f 451/1912/1752 454/1915/1755 855/1916/1756 851/1913/1753
s 42
f 453/1917/1757 452/1907/1747 852/1910/1750 856/1918/1758
s 43
f 454/1915/1755 456/1919/1759 857/1920/1760 855/1916/1756
s 42
f 455/1921/1761 453/1917/1757 856/1918/1758 858/1922/1762
s 43
f 456/1919/1759 458/1923/1763 859/1924/1764 857/1920/1760
s 42
f 457/1925/1765 455/1921/1761 858/1922/1762 860/1926/1766
s 43
f 458/1923/1763 460/1927/1767 861/1928/1768 859/1924/1764
s 42
f 459/1929/1769 457/1925/1765 860/1926/1766 862/1930/1770
s 43
f 460/1927/1767 462/1931/1771 863/1932/1772 861/1928/1768
s 42
f 461/1933/1773 459/1929/1769 862/1930/1770 864/1934/1774
s 43
f 462/1931/1771 464/1935/1775 865/1936/1776 863/1932/1772
s 42
f 463/1937/1777 461/1933/1773 864/1934/1774 866/1938/1778
s 43
f 464/1935/1775 466/1939/1779 867/1940/1780 865/1936/1776
s 42
f 465/1941/1781 463/1937/1777 866/1938/1778 868/1942/1782
s 43
f 466/1939/1779 468/1943/1783 869/1944/1784 867/1940/1780
s 42
f 467/1945/1785 465/1941/1781 868/1942/1782 870/1946/1786
s 43
f 468/1943/1783 470/1947/1787 871/1948/1788 869/1944/1784
s 42
f 469/1949/1789 467/1945/1785 870/1946/1786 872/1950/1790
s 43
f 470/1947/1787 472/1951/1791 873/1952/1792 871/1948/1788
s 42
f 471/1953/1793 469/1949/1789 872/1950/1790 874/1954/1794
s 43
f 472/1951/1791 474/1955/1795 875/1956/1796 873/1952/1792
s 42
f 473/1957/1797 471/1953/1793 874/1954/1794 876/1958/1798
s 43
f 474/1955/1795 476/1959/1799 877/1960/1800 875/1956/1796
s 42
f 475/1961/1801 473/1957/1797 876/1958/1798 878/1962/1802
s 43
f 476/1959/1799 478/1963/1803 879/1964/1804 877/1960/1800
s 42
f 477/1965/1805 475/1961/1801 878/1962/1802 880/1966/1806
s 43
f 478/1963/1803 480/1967/1807 881/1968/1808 879/1964/1804
s 42
f 479/1969/1809 477/1965/1805 880/1966/1806 882/1970/1810
s 43
f 480/1967/1807 482/1971/1811 883/1972/1812 881/1968/1808
s 42
f 481/1973/1813 479/1969/1809 882/1970/1810 884/1974/1814
s 43
f 482/1971/1811 484/1975/1815 885/1976/1816 883/1972/1812
s 42
f 483/1977/1817 481/1973/1813 884/1974/1814 886/1978/1818
s 43
f 484/1975/1815 486/1979/1819 887/1980/1820 885/1976/1816
s 42
f 485/1981/1821 483/1977/1817 886/1978/1818 888/1982/1822
s 43
f 486/1979/1819 488/1983/1823 889/1984/1824 887/1980/1820
s 42
f 487/1985/1825 485/1981/1821 888/1982/1822 890/1986/1826
s 43
f 488/1983/1823 490/1911/1751 854/1914/1754 889/1984/1824
s 42
f 489/1908/1748 487/1985/1825 890/1986/1826 853/1909/1749
g default
v 0.000000 23.732119 0.000000
v -0.000003 38.910366 -0.000004
v 28.313675 23.732119 -9.199668
v 29.114063 23.732119 -10.071216
v 29.473482 23.732119 -8.965032
v 6.607007 38.910366 -2.146748
v 7.252206 38.910366 -1.744902
v 6.892787 38.910366 -2.851086
v 24.085045 23.732119 -17.498810
v 24.576942 23.732119 -18.575035
v 25.260601 23.732119 -17.634060
v 5.620257 38.910366 -4.083360
v 6.358056 38.910366 -3.900560
v 5.674397 38.910366 -4.841536
v 17.498810 23.732119 -24.085043
v 17.634060 23.732119 -25.260599
v 18.575035 23.732119 -24.576941
v 4.083351 38.910366 -5.620264
v 4.841527 38.910366 -5.674405
v 3.900551 38.910366 -6.358062
v 9.199667 23.732119 -28.313671
v 8.965032 23.732119 -29.473480
v 10.071215 23.732119 -29.114059
v 2.146743 38.910366 -6.607009
v 2.851082 38.910366 -6.892790
v 1.744898 38.910366 -7.252209
v 0.000000 23.732119 -29.770748
v -0.581555 23.732119 -30.801294
v 0.581555 23.732119 -30.801294
v -0.000003 38.910366 -6.947019
v 0.581552 38.910366 -7.436466
v -0.581558 38.910366 -7.436466
v -9.199667 23.732119 -28.313669
v -10.071214 23.732119 -29.114058
v -8.965032 23.732119 -29.473478
v -2.146746 38.910366 -6.607009
v -1.744901 38.910366 -7.252210
v -2.851085 38.910366 -6.892790
v -17.498806 23.732119 -24.085037
v -18.575035 23.732119 -24.576935
v -17.634056 23.732119 -25.260593
v -4.083358 38.910366 -5.620264
v -3.900558 38.910366 -6.358061
v -4.841535 38.910366 -5.674404
v -24.085035 23.732119 -17.498804
v -25.260592 23.732119 -17.634054
v -24.576933 23.732119 -18.575035
v -5.620262 38.910366 -4.083360
v -5.674402 38.910366 -4.841537
v -6.358060 38.910366 -3.900560
v -28.313663 23.732119 -9.199665
v -29.473473 23.732119 -8.965029
v -29.114052 23.732119 -10.071214
v -6.607007 38.910366 -2.146748
v -6.892788 38.910366 -2.851086
v -7.252208 38.910366 -1.744903
v -29.770742 23.732119 0.000000
v -30.801289 23.732119 0.581555
v -30.801289 23.732119 -0.581555
v -6.947018 38.910366 -0.000004
v -7.436462 38.910366 -0.581559
v -7.436464 38.910366 0.581551
v -28.313663 23.732119 9.199665
v -29.114052 23.732119 10.071214
v -29.473473 23.732119 8.965029
v -6.607007 38.910366 2.146742
v -7.252207 38.910366 1.744896
v -6.892787 38.910366 2.851080
v -24.085033 23.732119 17.498802
v -24.576931 23.732119 18.575033
v -25.260590 23.732119 17.634052
v -5.620259 38.910366 4.083348
v -6.358059 38.910366 3.900549
v -5.674401 38.910366 4.841525
v -17.498802 23.732119 24.085032
v -17.634052 23.732119 25.260588
v -18.575033 23.732119 24.576931
v -4.083358 38.910366 5.620254
v -4.841534 38.910366 5.674393
v -3.900558 38.910366 6.358051
v -9.199664 23.732119 28.313654
v -8.965029 23.732119 29.473469
v -10.071214 23.732119 29.114048
v -2.146746 38.910366 6.606997
v -2.851085 38.910366 6.892779
v -1.744901 38.910366 7.252198
v -0.000001 23.732119 29.770742
v 0.581554 23.732119 30.801285
v -0.581556 23.732119 30.801285
v -0.000003 38.910366 6.947007
v -0.581558 38.910366 7.436454
v 0.581552 38.910366 7.436454
v 9.199662 23.732119 28.313652
v 10.071211 23.732119 29.114046
v 8.965026 23.732119 29.473467
v 2.146741 38.910366 6.606997
v 1.744896 38.910366 7.252198
v 2.851079 38.910366 6.892779
v 17.498798 23.732119 24.085030
v 18.575029 23.732119 24.576931
v 17.634048 23.732119 25.260586
v 4.083350 38.910366 5.620254
v 3.900550 38.910366 6.358051
v 4.841527 38.910366 5.674394
v 24.085030 23.732119 17.498800
v 25.260584 23.732119 17.634050
v 24.576931 23.732119 18.575031
v 5.620254 38.910366 4.083348
v 5.674394 38.910366 4.841525
v 6.358052 38.910366 3.900549
v 28.313650 23.732119 9.199663
v 29.473465 23.732119 8.965027
v 29.114044 23.732119 10.071212
v 6.606999 38.910366 2.146740
v 6.892782 38.910366 2.851079
v 7.252202 38.910366 1.744895
v 29.770739 23.732119 0.000000
v 30.801283 23.732119 -0.581555
v 30.801281 23.732119 0.581555
v 6.947009 38.910366 -0.000004
v 7.436456 38.910366 0.581551
v 7.436456 38.910366 -0.581559
v 29.725325 24.169367 -9.046860
v 29.365906 24.169367 -10.153043
v 7.144629 39.347614 -2.932914
v 7.504047 39.347614 -1.826730
v 25.474833 24.169369 -17.789707
v 24.791172 24.169369 -18.730682
v 5.888628 39.347614 -4.997182
v 6.572286 39.347614 -4.056207
v 18.730682 24.169367 -24.791170
v 17.789707 24.169367 -25.474831
v 4.056198 39.347614 -6.572292
v 4.997174 39.347614 -5.888635
v 10.153042 24.169369 -29.365902
v 9.046860 24.169369 -29.725323
v 1.826726 39.347614 -7.504051
v 2.932910 39.347614 -7.144632
v 0.581555 24.169367 -31.066095
v -0.581555 24.169367 -31.066095
v -0.581558 39.347614 -7.701268
v 0.581552 39.347614 -7.701268
v -9.046862 24.169367 -29.725321
v -10.153043 24.169367 -29.365902
v -2.932914 39.347614 -7.144633
v -1.826730 39.347614 -7.504053
v -17.789703 24.169367 -25.474825
v -18.730682 24.169367 -24.791164
v -4.997181 39.347614 -5.888634
v -4.056205 39.347614 -6.572291
v -24.791162 24.169367 -18.730680
v -25.474823 24.169367 -17.789701
v -6.572289 39.347614 -4.056208
v -5.888631 39.347614 -4.997184
v -29.365896 24.169367 -10.153040
v -29.725317 24.169367 -9.046856
v -7.504051 39.347614 -1.826730
v -7.144631 39.347614 -2.932914
v -31.066090 24.169367 -0.581555
v -31.066090 24.169367 0.581555
v -7.701266 39.347614 0.581551
v -7.701265 39.347614 -0.581559
v -29.725317 24.169369 9.046856
v -29.365896 24.169369 10.153040
v -7.144629 39.347614 2.932908
v -7.504049 39.347614 1.826724
v -25.474819 24.169367 17.789700
v -24.791161 24.169367 18.730679
v -5.888631 39.347614 4.997172
v -6.572289 39.347614 4.056196
v -18.730679 24.169367 24.791161
v -17.789700 24.169367 25.474817
v -4.056204 39.347614 6.572281
v -4.997180 39.347614 5.888624
v -10.153040 24.169367 29.365892
v -9.046856 24.169367 29.725313
v -1.826729 39.347614 7.504040
v -2.932914 39.347614 7.144621
v -0.581556 24.169367 31.066086
v 0.581554 24.169367 31.066086
v 0.581552 39.347614 7.701256
v -0.581558 39.347614 7.701256
v 9.046855 24.169367 29.725311
v 10.153039 24.169367 29.365891
v 2.932908 39.347614 7.144621
v 1.826724 39.347614 7.504040
v 17.789696 24.169367 25.474815
v 18.730677 24.169367 24.791161
v 4.997173 39.347614 5.888624
v 4.056197 39.347614 6.572282
v 24.791159 24.169367 18.730677
v 25.474813 24.169367 17.789698
v 6.572281 39.347614 4.056197
v 5.888624 39.347614 4.997173
v 29.365889 24.169367 10.153038
v 29.725309 24.169367 9.046854
v 7.504043 39.347614 1.826723
v 7.144623 39.347614 2.932907
v 31.066082 24.169367 0.581555
v 31.066082 24.169367 -0.581555
v 7.701258 39.347614 -0.581559
v 7.701258 39.347614 0.581551
vt 0.940614 0.170776
vt 0.978104 0.182957
vt 0.971602 0.195716
vt 0.939712 0.172546
vt 0.938558 0.174134
vt 0.970449 0.197304
vt 0.960323 0.207430
vt 0.937153 0.175539
vt 0.935566 0.176693
vt 0.958736 0.208583
vt 0.945976 0.215084
vt 0.933795 0.177595
vt 0.931929 0.178201
vt 0.944110 0.215691
vt 0.929966 0.217931
vt 0.929966 0.178512
vt 0.928004 0.178512
vt 0.928004 0.217931
vt 0.913860 0.215691
vt 0.926041 0.178201
vt 0.924175 0.177595
vt 0.911994 0.215084
vt 0.899235 0.208583
vt 0.922404 0.176693
vt 0.920817 0.175539
vt 0.897647 0.207430
vt 0.887521 0.197304
vt 0.919412 0.174134
vt 0.918258 0.172546
vt 0.886368 0.195716
vt 0.879867 0.182957
vt 0.917356 0.170776
vt 0.916750 0.168910
vt 0.879260 0.181091
vt 0.877020 0.166947
vt 0.916439 0.166947
vt 0.916439 0.164985
vt 0.877020 0.164985
vt 0.879260 0.150841
vt 0.916750 0.163022
vt 0.917356 0.161156
vt 0.879867 0.148975
vt 0.886368 0.136215
vt 0.918258 0.159385
vt 0.919412 0.157798
vt 0.887521 0.134628
vt 0.897647 0.124502
vt 0.920817 0.156393
vt 0.922404 0.155239
vt 0.899235 0.123349
vt 0.911994 0.116848
vt 0.924175 0.154337
vt 0.926041 0.153731
vt 0.913860 0.116241
vt 0.928004 0.114001
vt 0.928004 0.153420
vt 0.929966 0.153420
vt 0.929966 0.114001
vt 0.944110 0.116241
vt 0.931929 0.153731
vt 0.933795 0.154337
vt 0.945976 0.116848
vt 0.958736 0.123349
vt 0.935566 0.155239
vt 0.937153 0.156393
vt 0.960323 0.124502
vt 0.970449 0.134628
vt 0.938558 0.157798
vt 0.939712 0.159385
vt 0.971602 0.136215
vt 0.978103 0.148975
vt 0.940614 0.161156
vt 0.941220 0.163022
vt 0.978710 0.150841
vt 0.980950 0.164985
vt 0.941531 0.164985
vt 0.941531 0.166947
vt 0.980950 0.166947
vt 0.978710 0.181091
vt 0.941220 0.168910
vt 0.865897 0.150445
vt 0.867853 0.150841
vt 0.870094 0.164985
vt 0.868355 0.165966
vt 0.818129 0.165966
vt 0.940132 0.169588
vt 0.938467 0.172855
vt 0.928985 0.165966
vt 0.858763 0.136444
vt 0.860746 0.136215
vt 0.867247 0.148975
vt 0.935874 0.175448
vt 0.847651 0.125332
vt 0.849467 0.124502
vt 0.859593 0.134628
vt 0.932607 0.177113
vt 0.833649 0.118198
vt 0.835120 0.116847
vt 0.847879 0.123349
vt 0.928985 0.177686
vt 0.818129 0.115740
vt 0.819110 0.114001
vt 0.833254 0.116241
vt 0.925363 0.177113
vt 0.802608 0.118198
vt 0.803004 0.116241
vt 0.817148 0.114001
vt 0.922096 0.175448
vt 0.788606 0.125332
vt 0.788378 0.123349
vt 0.801138 0.116847
vt 0.919503 0.172855
vt 0.777495 0.136444
vt 0.776665 0.134628
vt 0.786791 0.124502
vt 0.917838 0.169588
vt 0.770361 0.150445
vt 0.769010 0.148975
vt 0.775512 0.136215
vt 0.917265 0.165966
vt 0.767902 0.165966
vt 0.766164 0.164985
vt 0.768404 0.150841
vt 0.917838 0.162344
vt 0.770361 0.181487
vt 0.768404 0.181091
vt 0.766164 0.166947
vt 0.919503 0.159077
vt 0.777495 0.195488
vt 0.775512 0.195716
vt 0.769010 0.182957
vt 0.922096 0.156484
vt 0.788606 0.206600
vt 0.786791 0.207430
vt 0.776665 0.197304
vt 0.925363 0.154819
vt 0.802608 0.213734
vt 0.801138 0.215084
vt 0.788378 0.208583
vt 0.928985 0.154246
vt 0.818129 0.216192
vt 0.817148 0.217931
vt 0.803004 0.215691
vt 0.932607 0.154819
vt 0.833649 0.213734
vt 0.833254 0.215691
vt 0.819110 0.217931
vt 0.935874 0.156484
vt 0.847651 0.206600
vt 0.847879 0.208583
vt 0.835120 0.215084
vt 0.938467 0.159077
vt 0.858763 0.195488
vt 0.859592 0.197304
vt 0.849467 0.207430
vt 0.940132 0.162344
vt 0.865897 0.181487
vt 0.867247 0.182957
vt 0.860746 0.195716
vt 0.940705 0.165966
vt 0.870094 0.166947
vt 0.867853 0.181091
vt 0.979135 0.181229
vt 0.978528 0.183095
vt 0.941039 0.170914
vt 0.941645 0.169048
vt 0.971964 0.195979
vt 0.970810 0.197566
vt 0.938920 0.174397
vt 0.940073 0.172809
vt 0.960586 0.207791
vt 0.958998 0.208944
vt 0.935828 0.177054
vt 0.937416 0.175901
vt 0.946114 0.215509
vt 0.944248 0.216115
vt 0.932067 0.178626
vt 0.933933 0.178020
vt 0.929966 0.218377
vt 0.928004 0.218377
vt 0.928004 0.178959
vt 0.929966 0.178959
vt 0.913722 0.216115
vt 0.911856 0.215509
vt 0.924037 0.178020
vt 0.925903 0.178626
vt 0.898972 0.208944
vt 0.897385 0.207791
vt 0.920554 0.175901
vt 0.922142 0.177054
vt 0.887160 0.197566
vt 0.886006 0.195979
vt 0.917897 0.172809
vt 0.919050 0.174397
vt 0.879442 0.183095
vt 0.878835 0.181229
vt 0.916325 0.169048
vt 0.916931 0.170914
vt 0.876574 0.166947
vt 0.876574 0.164985
vt 0.915992 0.164985
vt 0.915992 0.166947
vt 0.878835 0.150703
vt 0.879442 0.148837
vt 0.916931 0.161018
vt 0.916325 0.162884
vt 0.886007 0.135953
vt 0.887160 0.134365
vt 0.919050 0.157535
vt 0.917897 0.159123
vt 0.897385 0.124141
vt 0.898972 0.122987
vt 0.922142 0.154878
vt 0.920554 0.156031
vt 0.911856 0.116423
vt 0.913722 0.115816
vt 0.925903 0.153306
vt 0.924037 0.153912
vt 0.928004 0.113554
vt 0.929966 0.113554
vt 0.929966 0.152973
vt 0.928004 0.152973
vt 0.944248 0.115816
vt 0.946114 0.116423
vt 0.933933 0.153912
vt 0.932067 0.153306
vt 0.958998 0.122987
vt 0.960586 0.124141
vt 0.937416 0.156031
vt 0.935828 0.154878
vt 0.970810 0.134365
vt 0.971964 0.135953
vt 0.940073 0.159123
vt 0.938920 0.157535
vt 0.978528 0.148837
vt 0.979135 0.150703
vt 0.941645 0.162884
vt 0.941039 0.161018
vt 0.981397 0.164985
vt 0.981397 0.166947
vt 0.941978 0.166947
vt 0.941978 0.164985
vt 0.867672 0.148837
vt 0.868278 0.150703
vt 0.284373 0.861792
vt 0.258766 0.899281
vt 0.258028 0.898856
vt 0.283635 0.861367
vt 0.251257 0.893509
vt 0.225650 0.856019
vt 0.226388 0.855594
vt 0.251995 0.893084
vt 0.859954 0.134365
vt 0.861107 0.135953
vt 0.615697 0.916492
vt 0.638867 0.942099
vt 0.638605 0.942837
vt 0.615435 0.917230
vt 0.646099 0.942099
vt 0.669269 0.916492
vt 0.669531 0.917230
vt 0.646362 0.942837
vt 0.848142 0.122987
vt 0.849729 0.124141
vt 0.262796 0.937048
vt 0.288404 0.905157
vt 0.289141 0.905519
vt 0.263534 0.937409
vt 0.320984 0.937409
vt 0.295377 0.905519
vt 0.296115 0.905157
vt 0.321722 0.937048
vt 0.833392 0.115816
vt 0.835258 0.116423
vt 0.193272 0.894659
vt 0.218879 0.857170
vt 0.219617 0.857594
vt 0.194010 0.895084
vt 0.186501 0.895086
vt 0.160894 0.857597
vt 0.161631 0.857172
vt 0.187239 0.894661
vt 0.817148 0.113554
vt 0.819110 0.113554
vt 0.517053 0.904402
vt 0.542660 0.864983
vt 0.543398 0.865429
vt 0.517791 0.904848
vt 0.510282 0.904848
vt 0.484675 0.865429
vt 0.485413 0.864983
vt 0.511020 0.904402
vt 0.801000 0.116423
vt 0.802866 0.115816
vt 0.128516 0.894661
vt 0.154123 0.857172
vt 0.154861 0.857597
vt 0.129253 0.895086
vt 0.121745 0.895113
vt 0.096138 0.857623
vt 0.096875 0.857198
vt 0.122482 0.894688
vt 0.786528 0.124141
vt 0.788116 0.122987
vt 0.327958 0.937048
vt 0.353565 0.905157
vt 0.354303 0.905519
vt 0.328695 0.937409
vt 0.386146 0.937401
vt 0.360539 0.905511
vt 0.361276 0.905149
vt 0.386883 0.937040
vt 0.775150 0.135953
vt 0.776303 0.134365
vt 0.677026 0.915029
vt 0.700196 0.940637
vt 0.699933 0.941374
vt 0.676763 0.915767
vt 0.707427 0.940172
vt 0.730597 0.914565
vt 0.730860 0.915303
vt 0.707690 0.940910
vt 0.767979 0.150703
vt 0.768586 0.148837
vt 0.063759 0.894718
vt 0.089367 0.857229
vt 0.090104 0.857653
vt 0.064497 0.895143
vt 0.032119 0.857281
vt 0.057726 0.894770
vt 0.056989 0.895195
vt 0.031381 0.857705
vt 0.765717 0.166947
vt 0.765717 0.164985
vt 0.452297 0.900777
vt 0.477904 0.861358
vt 0.478642 0.861805
vt 0.453034 0.901224
vt 0.420656 0.861358
vt 0.446264 0.900777
vt 0.445526 0.901224
vt 0.419919 0.861805
vt 0.768586 0.183095
vt 0.767979 0.181229
vt 0.001959 0.936609
vt 0.027566 0.899120
vt 0.028304 0.899545
vt 0.002697 0.937034
vt 0.035469 0.899120
vt 0.061076 0.936609
vt 0.060338 0.937034
vt 0.034731 0.899545
vt 0.776303 0.197566
vt 0.775150 0.195979
vt 0.738354 0.911461
vt 0.761524 0.937068
vt 0.761261 0.937806
vt 0.738092 0.912198
vt 0.768756 0.938296
vt 0.791926 0.912689
vt 0.792188 0.913427
vt 0.769018 0.939034
vt 0.788116 0.208944
vt 0.786528 0.207791
vt 0.393119 0.937039
vt 0.418726 0.905149
vt 0.419464 0.905510
vt 0.393857 0.937401
vt 0.451307 0.937401
vt 0.425700 0.905510
vt 0.426438 0.905149
vt 0.452045 0.937039
vt 0.802866 0.216115
vt 0.801000 0.215509
vt 0.067312 0.936557
vt 0.092919 0.899068
vt 0.093657 0.899493
vt 0.068050 0.936982
vt 0.125500 0.936952
vt 0.099893 0.899463
vt 0.100630 0.899038
vt 0.126238 0.936527
vt 0.819110 0.218377
vt 0.817148 0.218377
vt 0.387541 0.900777
vt 0.413148 0.861358
vt 0.413885 0.861805
vt 0.388278 0.901224
vt 0.380770 0.901224
vt 0.355162 0.861806
vt 0.355900 0.861359
vt 0.381507 0.900778
vt 0.835258 0.215509
vt 0.833392 0.216115
vt 0.132473 0.936501
vt 0.158081 0.899011
vt 0.158818 0.899436
vt 0.133211 0.936926
vt 0.190661 0.936926
vt 0.165054 0.899436
vt 0.165792 0.899011
vt 0.191399 0.936501
vt 0.849729 0.207791
vt 0.848142 0.208944
vt 0.458281 0.940664
vt 0.483888 0.908773
vt 0.484626 0.909135
vt 0.459018 0.941025
vt 0.516469 0.941025
vt 0.490861 0.909135
vt 0.491599 0.908773
vt 0.517206 0.940664
vt 0.861107 0.195979
vt 0.859954 0.197566
vt 0.799683 0.912689
vt 0.822852 0.938296
vt 0.822590 0.939034
vt 0.799420 0.913427
vt 0.830084 0.938286
vt 0.853254 0.912678
vt 0.853517 0.913416
vt 0.830347 0.939023
vt 0.868278 0.181229
vt 0.867672 0.183095
vt 0.223980 0.899434
vt 0.198373 0.936923
vt 0.197635 0.936498
vt 0.223242 0.899009
vt 0.255823 0.941121
vt 0.230216 0.903631
vt 0.230953 0.903206
vt 0.256561 0.940696
vt 0.870540 0.164985
vt 0.870540 0.166947
vt 0.349129 0.861813
vt 0.323522 0.901232
vt 0.322784 0.900785
vt 0.348392 0.861367
vt 0.316013 0.901232
vt 0.290406 0.861813
vt 0.291144 0.861367
vt 0.316751 0.900786
vn 0.489620 0.835485 -0.249474
vn 0.489620 0.835485 -0.249474
vn 0.489620 0.835485 -0.249474
vn 0.489620 0.835485 -0.249474
vn 0.388564 0.835485 -0.388565
vn 0.388564 0.835485 -0.388565
vn 0.388564 0.835485 -0.388565
vn 0.388564 0.835485 -0.388565
vn 0.249473 0.835485 -0.489620
vn 0.249473 0.835485 -0.489620
vn 0.249473 0.835485 -0.489620
vn 0.249473 0.835485 -0.489620
vn 0.085963 0.835485 -0.542747
vn 0.085963 0.835485 -0.542747
vn 0.085963 0.835485 -0.542747
vn 0.085963 0.835485 -0.542747
vn -0.085963 0.835485 -0.542747
vn -0.085963 0.835485 -0.542748
vn -0.085963 0.835485 -0.542747
vn -0.085963 0.835485 -0.542747
vn -0.249474 0.835485 -0.489620
vn -0.249474 0.835485 -0.489620
vn -0.249474 0.835485 -0.489620
vn -0.249474 0.835485 -0.489620
vn -0.388564 0.835485 -0.388565
vn -0.388564 0.835485 -0.388565
vn -0.388564 0.835485 -0.388565
vn -0.388564 0.835485 -0.388565
vn -0.489620 0.835485 -0.249474
vn -0.489620 0.835485 -0.249474
vn -0.489620 0.835485 -0.249474
vn -0.489620 0.835485 -0.249474
vn -0.542747 0.835485 -0.085963
vn -0.542747 0.835485 -0.085963
vn -0.542747 0.835485 -0.085963
vn -0.542747 0.835485 -0.085963
vn -0.542748 0.835485 0.085963
vn -0.542748 0.835485 0.085963
vn -0.542747 0.835485 0.085963
vn -0.542748 0.835485 0.085963
vn -0.489620 0.835485 0.249474
vn -0.489620 0.835485 0.249474
vn -0.489620 0.835485 0.249474
vn -0.489620 0.835485 0.249474
vn -0.388564 0.835485 0.388565
vn -0.388564 0.835485 0.388565
vn -0.388564 0.835485 0.388565
vn -0.388564 0.835485 0.388565
vn -0.249474 0.835485 0.489620
vn -0.249474 0.835485 0.489620
vn -0.249474 0.835485 0.489620
vn -0.249474 0.835485 0.489620
vn -0.085963 0.835485 0.542747
vn -0.085963 0.835485 0.542747
vn -0.085963 0.835485 0.542747
vn -0.085963 0.835485 0.542747
vn 0.085963 0.835485 0.542747
vn 0.085963 0.835485 0.542747
vn 0.085963 0.835485 0.542747
vn 0.085963 0.835485 0.542747
vn 0.249474 0.835485 0.489620
vn 0.249474 0.835485 0.489620
vn 0.249474 0.835485 0.489620
vn 0.249474 0.835485 0.489620
vn 0.388564 0.835485 0.388564
vn 0.388564 0.835485 0.388564
vn 0.388564 0.835485 0.388564
vn 0.388564 0.835485 0.388564
vn 0.489620 0.835485 0.249474
vn 0.489620 0.835485 0.249474
vn 0.489620 0.835485 0.249474
vn 0.489620 0.835485 0.249474
vn 0.542747 0.835485 0.085963
vn 0.542747 0.835485 0.085963
vn 0.542747 0.835485 0.085963
vn 0.542747 0.835485 0.085963
vn 0.542748 0.835485 -0.085962
vn 0.542747 0.835485 -0.085962
vn 0.542748 0.835485 -0.085962
vn 0.542747 0.835485 -0.085962
vn 0.000000 -1.000000 0.000000
vn 0.000000 -1.000000 0.000000
vn 0.000000 -1.000000 0.000000
vn 0.000000 -1.000000 0.000000
vn 0.000000 -1.000000 0.000000
vn 0.000000 1.000000 -0.000002
vn 0.000000 1.000000 0.000000
vn 0.000000 1.000000 -0.000000
vn 0.000000 1.000000 -0.000000
vn 0.000000 1.000000 -0.000000
vn 0.000000 -1.000000 -0.000000
vn 0.000000 -1.000000 0.000000
vn 0.000000 -1.000000 0.000000
vn 0.000000 1.000000 -0.000000
vn 0.000000 1.000000 0.000000
vn 0.000000 1.000000 -0.000001
vn 0.000000 -1.000000 -0.000000
vn 0.000000 -1.000000 -0.000000
vn 0.000000 -1.000000 -0.000000
vn 0.000000 1.000000 -0.000002
vn 0.000000 1.000000 -0.000002
vn 0.000000 1.000000 -0.000001
vn 0.000000 -1.000000 0.000000
vn 0.000000 -1.000000 0.000000
vn 0.000000 -1.000000 0.000000
vn 0.000000 1.000000 0.000000
vn 0.000000 1.000000 0.000000
vn 0.000000 1.000000 0.000000
vn 0.000000 -1.000000 0.000000
vn 0.000000 -1.000000 0.000000
vn 0.000000 -1.000000 0.000000
vn 0.000000 1.000000 0.000001
vn 0.000000 1.000000 0.000001
vn 0.000000 1.000000 0.000000
vn 0.000000 -1.000000 0.000000
vn 0.000000 -1.000000 0.000000
vn 0.000000 -1.000000 0.000000
vn 0.000000 1.000000 -0.000001
vn 0.000000 1.000000 -0.000001
vn 0.000000 1.000000 0.000000
vn 0.000000 -1.000000 0.000000
vn 0.000000 -1.000000 0.000000
vn 0.000000 -1.000000 0.000000
vn 0.000000 1.000000 0.000002
vn 0.000000 1.000000 0.000002
vn 0.000000 1.000000 0.000000
vn 0.000000 -1.000000 0.000000
vn 0.000000 -1.000000 0.000000
vn 0.000000 -1.000000 0.000000
vn 0.000000 1.000000 -0.000002
vn 0.000000 1.000000 -0.000002
vn 0.000000 1.000000 -0.000001
vn 0.000000 -1.000000 -0.000000
vn 0.000000 -1.000000 0.000000
vn 0.000000 -1.000000 0.000000
vn 0.000000 1.000000 0.000000
vn 0.000000 1.000000 0.000000
vn 0.000000 1.000000 0.000000
vn 0.000000 -1.000000 0.000000
vn 0.000000 -1.000000 -0.000000
vn 0.000000 -1.000000 -0.000000
vn 0.000000 1.000000 0.000000
vn 0.000000 1.000000 0.000000
vn 0.000000 1.000000 0.000000
vn 0.000000 -1.000000 0.000000
vn 0.000000 -1.000000 0.000000
vn 0.000000 -1.000000 0.000000
vn 0.000000 1.000000 0.000000
vn 0.000000 1.000000 -0.000000
vn 0.000000 1.000000 -0.000000
vn 0.000000 -1.000000 0.000000
vn 0.000000 -1.000000 -0.000000
vn 0.000000 -1.000000 0.000000
vn 0.000000 1.000000 -0.000000
vn 0.000000 1.000000 0.000000
vn 0.000000 1.000000 0.000001
vn 0.000000 -1.000000 -0.000000
vn 0.000000 -1.000000 0.000000
vn 0.000000 -1.000000 0.000000
vn 0.000000 1.000000 0.000002
vn 0.000000 1.000000 0.000002
vn 0.000000 1.000000 0.000001
vn 0.000000 -1.000000 -0.000000
vn 0.000000 -1.000000 -0.000000
vn 0.000000 -1.000000 -0.000000
vn 0.000000 1.000000 0.000000
vn 0.000000 1.000000 0.000000
vn 0.000000 1.000000 0.000000
vn 0.000000 -1.000000 0.000000
vn 0.000000 -1.000000 0.000000
vn 0.000000 -1.000000 0.000000
vn 0.000000 1.000000 0.000000
vn 0.000000 1.000000 0.000000
vn 0.000000 1.000000 0.000000
vn 0.000000 -1.000000 0.000000
vn 0.000000 -1.000000 0.000000
vn 0.000000 -1.000000 0.000000
vn 0.000000 1.000000 0.000001
vn 0.000000 1.000000 0.000001
vn 0.000000 1.000000 0.000000
vn 0.000000 -1.000000 -0.000000
vn 0.000000 -1.000000 -0.000000
vn 0.000000 -1.000000 0.000000
vn 0.000000 1.000000 0.000000
vn 0.000000 1.000000 -0.000000
vn 0.000000 1.000000 -0.000000
vn 0.000000 -1.000000 0.000000
vn 0.000000 -1.000000 0.000000
vn 0.000000 -1.000000 -0.000000
vn 0.000000 1.000000 -0.000000
vn 0.000000 1.000000 0.000000
vn 0.000000 1.000000 0.000000
vn 0.000000 -1.000000 0.000000
vn 0.000000 -1.000000 0.000000
vn 0.000000 -1.000000 0.000000
vn 0.000000 1.000000 0.000000
vn 0.000000 1.000000 0.000000
vn 0.000000 1.000000 -0.000002
vn 0.000000 -1.000000 0.000000
vn 0.000000 -1.000000 0.000000
vn 0.000000 1.000000 -0.000004
vn 0.000000 1.000000 -0.000004
vn 0.518102 0.838590 -0.168340
vn 0.518102 0.838590 -0.168340
vn 0.518102 0.838590 -0.168340
vn 0.518102 0.838590 -0.168340
vn 0.440723 0.838589 -0.320205
vn 0.440723 0.838589 -0.320205
vn 0.440723 0.838589 -0.320205
vn 0.440723 0.838589 -0.320205
vn 0.320204 0.838589 -0.440724
vn 0.320204 0.838589 -0.440724
vn 0.320204 0.838589 -0.440724
vn 0.320204 0.838589 -0.440724
vn 0.168341 0.838590 -0.518101
vn 0.168341 0.838590 -0.518101
vn 0.168341 0.838590 -0.518101
vn 0.168341 0.838590 -0.518101
vn 0.000000 0.838589 -0.544764
vn 0.000000 0.838589 -0.544764
vn 0.000000 0.838589 -0.544764
vn 0.000000 0.838589 -0.544764
vn -0.168341 0.838590 -0.518101
vn -0.168341 0.838590 -0.518101
vn -0.168341 0.838590 -0.518101
vn -0.168341 0.838590 -0.518101
vn -0.320204 0.838589 -0.440725
vn -0.320204 0.838589 -0.440725
vn -0.320204 0.838589 -0.440725
vn -0.320204 0.838589 -0.440725
vn -0.440724 0.838589 -0.320205
vn -0.440724 0.838589 -0.320205
vn -0.440724 0.838589 -0.320205
vn -0.440724 0.838589 -0.320205
vn -0.518102 0.838589 -0.168342
vn -0.518102 0.838589 -0.168342
vn -0.518102 0.838589 -0.168342
vn -0.518102 0.838589 -0.168342
vn -0.544764 0.838589 0.000000
vn -0.544764 0.838589 0.000000
vn -0.544764 0.838589 0.000000
vn -0.544764 0.838589 0.000000
vn -0.518102 0.838589 0.168341
vn -0.518102 0.838589 0.168341
vn -0.518101 0.838589 0.168341
vn -0.518101 0.838589 0.168341
vn -0.440725 0.838590 0.320202
vn -0.440725 0.838590 0.320202
vn -0.440725 0.838590 0.320202
vn -0.440725 0.838590 0.320201
vn -0.320204 0.838589 0.440724
vn -0.320204 0.838589 0.440724
vn -0.320204 0.838589 0.440724
vn -0.320204 0.838589 0.440724
vn -0.168342 0.838590 0.518101
vn -0.168342 0.838590 0.518101
vn -0.168342 0.838590 0.518101
vn -0.168341 0.838590 0.518101
vn 0.000000 0.838589 0.544764
vn 0.000000 0.838589 0.544764
vn 0.000000 0.838589 0.544764
vn 0.000000 0.838589 0.544764
vn 0.168341 0.838589 0.518102
vn 0.168341 0.838589 0.518102
vn 0.168341 0.838589 0.518102
vn 0.168341 0.838589 0.518102
vn 0.320203 0.838590 0.440724
vn 0.320203 0.838590 0.440724
vn 0.320203 0.838590 0.440724
vn 0.320203 0.838590 0.440724
vn 0.440724 0.838589 0.320203
vn 0.440724 0.838589 0.320203
vn 0.440724 0.838589 0.320203
vn 0.440724 0.838589 0.320203
vn 0.518102 0.838589 0.168342
vn 0.518102 0.838589 0.168342
vn 0.518102 0.838589 0.168342
vn 0.518102 0.838589 0.168342
vn 0.544764 0.838589 0.000000
vn 0.544764 0.838589 0.000000
vn 0.544764 0.838589 0.000000
vn 0.544764 0.838589 0.000000
vn 0.813502 -0.518023 -0.264323
vn 0.813502 -0.518023 -0.264323
vn 0.813502 -0.518023 -0.264323
vn 0.813502 -0.518023 -0.264323
vn -0.309018 0.000001 -0.951056
vn -0.309018 0.000001 -0.951056
vn -0.309018 0.000001 -0.951056
vn -0.309018 0.000001 -0.951056
vn -0.813504 0.518019 0.264323
vn -0.813504 0.518019 0.264323
vn -0.813504 0.518019 0.264323
vn -0.813504 0.518019 0.264323
vn 0.309017 -0.000001 0.951057
vn 0.309017 -0.000001 0.951057
vn 0.309017 -0.000001 0.951057
vn 0.309017 -0.000001 0.951057
vn 0.692006 -0.518020 -0.502775
vn 0.692006 -0.518020 -0.502775
vn 0.692006 -0.518020 -0.502775
vn 0.692006 -0.518020 -0.502775
vn -0.587787 0.000000 -0.809016
vn -0.587787 0.000000 -0.809016
vn -0.587787 0.000000 -0.809016
vn -0.587787 0.000000 -0.809016
vn -0.692008 0.518020 0.502772
vn -0.692008 0.518020 0.502772
vn -0.692008 0.518021 0.502772
vn -0.692008 0.518020 0.502772
vn 0.587787 -0.000003 0.809016
vn 0.587787 -0.000003 0.809016
vn 0.587787 -0.000003 0.809016
vn 0.587787 -0.000003 0.809016
vn 0.502772 -0.518024 -0.692006
vn 0.502772 -0.518024 -0.692006
vn 0.502772 -0.518024 -0.692006
vn 0.502772 -0.518024 -0.692006
vn -0.809017 -0.000002 -0.587785
vn -0.809017 -0.000002 -0.587785
vn -0.809017 -0.000002 -0.587785
vn -0.809017 -0.000002 -0.587785
vn -0.502773 0.518022 0.692006
vn -0.502773 0.518022 0.692006
vn -0.502773 0.518022 0.692006
vn -0.502773 0.518022 0.692006
vn 0.809017 -0.000000 0.587785
vn 0.809017 -0.000000 0.587785
vn 0.809017 -0.000000 0.587786
vn 0.809017 -0.000000 0.587785
vn 0.264324 -0.518019 -0.813505
vn 0.264324 -0.518019 -0.813505
vn 0.264324 -0.518019 -0.813505
vn 0.264324 -0.518019 -0.813505
vn -0.951057 -0.000001 -0.309016
vn -0.951057 -0.000001 -0.309016
vn -0.951057 -0.000001 -0.309016
vn -0.951057 -0.000001 -0.309016
vn -0.264322 0.518020 0.813505
vn -0.264322 0.518020 0.813505
vn -0.264322 0.518020 0.813505
vn -0.264322 0.518020 0.813505
vn 0.951057 0.000002 0.309015
vn 0.951057 0.000002 0.309015
vn 0.951057 0.000002 0.309015
vn 0.951057 0.000002 0.309015
vn 0.000000 -0.518018 -0.855370
vn 0.000000 -0.518018 -0.855370
vn 0.000000 -0.518018 -0.855370
vn 0.000000 -0.518018 -0.855370
vn -1.000000 -0.000000 -0.000000
vn -1.000000 -0.000000 -0.000000
vn -1.000000 -0.000000 -0.000000
vn -1.000000 -0.000000 -0.000000
vn 0.000000 0.518020 0.855369
vn 0.000000 0.518020 0.855369
vn 0.000000 0.518020 0.855369
vn 0.000000 0.518020 0.855369
vn 1.000000 0.000000 0.000000
vn 1.000000 0.000000 0.000000
vn 1.000000 0.000000 0.000000
vn 1.000000 0.000000 0.000000
vn -0.264324 -0.518022 -0.813502
vn -0.264324 -0.518022 -0.813502
vn -0.264324 -0.518022 -0.813502
vn -0.264324 -0.518022 -0.813502
vn -0.951057 -0.000001 0.309016
vn -0.951057 -0.000001 0.309016
vn -0.951057 -0.000001 0.309016
vn -0.951057 -0.000001 0.309016
vn 0.264322 0.518022 0.813503
vn 0.264322 0.518022 0.813503
vn 0.264322 0.518022 0.813503
vn 0.264322 0.518022 0.813503
vn 0.951056 0.000001 -0.309018
vn 0.951056 0.000001 -0.309018
vn 0.951056 0.000001 -0.309018
vn 0.951056 0.000001 -0.309018
vn -0.502772 -0.518020 -0.692009
vn -0.502771 -0.518020 -0.692009
vn -0.502771 -0.518020 -0.692009
vn -0.502771 -0.518020 -0.692009
vn -0.809016 -0.000001 0.587786
vn -0.809016 -0.000001 0.587786
vn -0.809016 -0.000001 0.587786
vn -0.809016 -0.000001 0.587786
vn 0.502771 0.518021 0.692008
vn 0.502771 0.518021 0.692008
vn 0.502771 0.518021 0.692008
vn 0.502771 0.518021 0.692008
vn 0.809016 -0.000000 -0.587787
vn 0.809016 -0.000000 -0.587787
vn 0.809016 -0.000000 -0.587787
vn 0.809016 -0.000000 -0.587787
vn -0.692010 -0.518019 -0.502771
vn -0.692010 -0.518019 -0.502771
vn -0.692010 -0.518019 -0.502771
vn -0.692010 -0.518019 -0.502771
vn -0.587784 0.000000 0.809018
vn -0.587784 0.000000 0.809018
vn -0.587784 0.000000 0.809018
vn -0.587784 0.000000 0.809018
vn 0.692009 0.518020 0.502771
vn 0.692009 0.518020 0.502771
vn 0.692009 0.518020 0.502771
vn 0.692009 0.518020 0.502771
vn 0.587786 0.000000 -0.809017
vn 0.587786 0.000000 -0.809017
vn 0.587786 0.000000 -0.809017
vn 0.587786 0.000000 -0.809017
vn -0.813503 -0.518022 -0.264323
vn -0.813503 -0.518022 -0.264323
vn -0.813503 -0.518022 -0.264323
vn -0.813503 -0.518022 -0.264323
vn -0.309015 -0.000002 0.951057
vn -0.309015 -0.000002 0.951057
vn -0.309015 -0.000002 0.951057
vn -0.309015 -0.000002 0.951057
vn 0.813504 0.518020 0.264323
vn 0.813504 0.518020 0.264323
vn 0.813504 0.518020 0.264323
vn 0.813504 0.518020 0.264323
vn 0.309016 0.000004 -0.951057
vn 0.309016 0.000004 -0.951057
vn 0.309016 0.000004 -0.951057
vn 0.309016 0.000004 -0.951057
vn -0.855368 -0.518021 0.000000
vn -0.855368 -0.518021 0.000000
vn -0.855368 -0.518021 0.000000
vn -0.855368 -0.518021 0.000000
vn 0.000000 0.000000 1.000000
vn 0.000000 0.000000 1.000000
vn 0.000000 0.000000 1.000000
vn 0.000000 0.000000 1.000000
vn 0.855368 0.518020 0.000002
vn 0.855368 0.518020 0.000002
vn 0.855368 0.518020 0.000002
vn 0.855368 0.518020 0.000002
vn -0.000000 -0.000000 -1.000000
vn -0.000000 -0.000000 -1.000000
vn -0.000000 -0.000000 -1.000000
vn -0.000000 -0.000000 -1.000000
vn -0.813505 -0.518018 0.264324
vn -0.813505 -0.518018 0.264324
vn -0.813505 -0.518018 0.264324
vn -0.813505 -0.518018 0.264324
vn 0.309016 0.000002 0.951057
vn 0.309016 0.000002 0.951057
vn 0.309016 0.000002 0.951057
vn 0.309016 0.000002 0.951057
vn 0.813504 0.518020 -0.264323
vn 0.813504 0.518020 -0.264323
vn 0.813504 0.518020 -0.264323
vn 0.813504 0.518020 -0.264323
vn -0.309017 -0.000003 -0.951057
vn -0.309017 -0.000003 -0.951057
vn -0.309017 -0.000003 -0.951057
vn -0.309017 -0.000003 -0.951057
vn -0.692008 -0.518020 0.502772
vn -0.692008 -0.518020 0.502772
vn -0.692008 -0.518020 0.502772
vn -0.692008 -0.518020 0.502772
vn 0.587787 0.000002 0.809016
vn 0.587787 0.000002 0.809016
vn 0.587787 0.000002 0.809016
vn 0.587787 0.000002 0.809016
vn 0.692008 0.518019 -0.502774
vn 0.692008 0.518019 -0.502774
vn 0.692008 0.518019 -0.502774
vn 0.692008 0.518019 -0.502774
vn -0.587787 0.000000 -0.809016
vn -0.587787 0.000000 -0.809016
vn -0.587787 0.000000 -0.809016
vn -0.587787 0.000000 -0.809016
vn -0.502771 -0.518021 0.692009
vn -0.502771 -0.518021 0.692009
vn -0.502771 -0.518021 0.692009
vn -0.502771 -0.518021 0.692009
vn 0.809016 -0.000000 0.587787
vn 0.809016 -0.000000 0.587787
vn 0.809016 -0.000000 0.587787
vn 0.809016 -0.000000 0.587787
vn 0.502771 0.518021 -0.692008
vn 0.502771 0.518021 -0.692008
vn 0.502771 0.518021 -0.692008
vn 0.502771 0.518021 -0.692008
vn -0.809018 0.000001 -0.587784
vn -0.809018 0.000001 -0.587784
vn -0.809018 0.000001 -0.587784
vn -0.809018 0.000001 -0.587784
vn -0.264322 -0.518023 0.813502
vn -0.264322 -0.518023 0.813502
vn -0.264322 -0.518023 0.813502
vn -0.264322 -0.518023 0.813502
vn 0.951057 -0.000002 0.309016
vn 0.951057 -0.000002 0.309016
vn 0.951057 -0.000002 0.309016
vn 0.951057 -0.000002 0.309016
vn 0.264321 0.518017 -0.813506
vn 0.264321 0.518017 -0.813506
vn 0.264321 0.518017 -0.813506
vn 0.264321 0.518017 -0.813506
vn -0.951057 0.000002 -0.309016
vn -0.951057 0.000002 -0.309016
vn -0.951057 0.000002 -0.309016
vn -0.951057 0.000002 -0.309016
vn 0.000000 -0.518018 0.855370
vn 0.000000 -0.518018 0.855370
vn 0.000000 -0.518018 0.855370
vn 0.000000 -0.518018 0.855370
vn 1.000000 0.000000 -0.000000
vn 1.000000 0.000000 -0.000000
vn 1.000000 0.000000 -0.000000
vn 1.000000 0.000000 -0.000000
vn 0.000000 0.518019 -0.855369
vn 0.000000 0.518019 -0.855369
vn 0.000000 0.518019 -0.855369
vn 0.000000 0.518019 -0.855369
vn -1.000000 -0.000000 0.000000
vn -1.000000 -0.000000 0.000000
vn -1.000000 -0.000000 0.000000
vn -1.000000 -0.000000 0.000000
vn 0.264323 -0.518025 0.813501
vn 0.264323 -0.518025 0.813501
vn 0.264323 -0.518025 0.813501
vn 0.264323 -0.518025 0.813501
vn 0.951057 0.000003 -0.309016
vn 0.951057 0.000003 -0.309016
vn 0.951057 0.000003 -0.309016
vn 0.951057 0.000003 -0.309016
vn -0.264322 0.518020 -0.813504
vn -0.264322 0.518020 -0.813504
vn -0.264322 0.518020 -0.813504
vn -0.264322 0.518020 -0.813504
vn -0.951057 0.000000 0.309017
vn -0.951057 0.000000 0.309017
vn -0.951057 0.000000 0.309017
vn -0.951057 0.000000 0.309017
vn 0.502769 -0.518019 0.692011
vn 0.502769 -0.518019 0.692011
vn 0.502769 -0.518019 0.692011
vn 0.502769 -0.518019 0.692011
vn 0.809018 0.000000 -0.587784
vn 0.809018 0.000000 -0.587784
vn 0.809018 0.000000 -0.587784
vn 0.809018 0.000000 -0.587784
vn -0.502773 0.518023 -0.692005
vn -0.502773 0.518023 -0.692005
vn -0.502773 0.518023 -0.692005
vn -0.502773 0.518023 -0.692005
vn -0.809016 0.000001 0.587787
vn -0.809016 0.000001 0.587787
vn -0.809016 0.000001 0.587787
vn -0.809016 0.000001 0.587787
vn 0.692012 -0.518018 0.502769
vn 0.692012 -0.518018 0.502769
vn 0.692012 -0.518018 0.502769
vn 0.692012 -0.518018 0.502769
vn 0.587788 -0.000001 -0.809015
vn 0.587788 -0.000001 -0.809015
vn 0.587787 -0.000001 -0.809015
vn 0.587788 -0.000001 -0.809015
vn -0.692008 0.518021 -0.502771
vn -0.692008 0.518021 -0.502771
vn -0.692008 0.518021 -0.502771
vn -0.692008 0.518021 -0.502771
vn -0.587787 -0.000001 0.809016
vn -0.587787 -0.000001 0.809016
vn -0.587787 -0.000001 0.809016
vn -0.587787 -0.000001 0.809016
vn 0.813504 -0.518020 0.264323
vn 0.813504 -0.518020 0.264323
vn 0.813504 -0.518020 0.264323
vn 0.813504 -0.518020 0.264323
vn 0.309016 -0.000001 -0.951057
vn 0.309016 -0.000001 -0.951057
vn 0.309016 -0.000001 -0.951057
vn 0.309016 -0.000001 -0.951057
vn -0.813504 0.518020 -0.264323
vn -0.813504 0.518020 -0.264323
vn -0.813504 0.518020 -0.264323
vn -0.813504 0.518020 -0.264323
vn -0.309016 0.000002 0.951057
vn -0.309016 0.000002 0.951057
vn -0.309016 0.000002 0.951057
vn -0.309016 0.000002 0.951057
vn 0.855371 -0.518017 0.000001
vn 0.855371 -0.518017 0.000001
vn 0.855371 -0.518017 0.000001
vn 0.855371 -0.518017 0.000001
vn 0.000000 -0.000000 -1.000000
vn 0.000000 -0.000000 -1.000000
vn 0.000000 -0.000000 -1.000000
vn 0.000000 -0.000000 -1.000000
vn -0.855368 0.518020 -0.000002
vn -0.855368 0.518020 -0.000002
vn -0.855368 0.518020 -0.000002
vn -0.855368 0.518020 -0.000002
vn -0.000000 0.000000 1.000000
vn -0.000000 0.000000 1.000000
vn -0.000000 0.000000 1.000000
vn -0.000000 0.000000 1.000000
s off
g pCube35 polySurface101
usemtl initialShadingGroup
f 898/1987/1827 894/1988/1828 901/1989/1829 903/1990/1830
f 904/1991/1831 900/1992/1832 907/1993/1833 909/1994/1834
f 910/1995/1835 906/1996/1836 913/1997/1837 915/1998/1838
f 916/1999/1839 912/2000/1840 919/2001/1841 921/2002/1842
f 922/2003/1843 918/2004/1844 925/2005/1845 927/2006/1846
f 928/2007/1847 924/2008/1848 931/2009/1849 933/2010/1850
f 934/2011/1851 930/2012/1852 937/2013/1853 939/2014/1854
f 940/2015/1855 936/2016/1856 943/2017/1857 945/2018/1858
f 946/2019/1859 942/2020/1860 949/2021/1861 951/2022/1862
f 952/2023/1863 948/2024/1864 955/2025/1865 957/2026/1866
f 958/2027/1867 954/2028/1868 961/2029/1869 963/2030/1870
f 964/2031/1871 960/2032/1872 967/2033/1873 969/2034/1874
f 970/2035/1875 966/2036/1876 973/2037/1877 975/2038/1878
f 976/2039/1879 972/2040/1880 979/2041/1881 981/2042/1882
f 982/2043/1883 978/2044/1884 985/2045/1885 987/2046/1886
f 988/2047/1887 984/2048/1888 991/2049/1889 993/2050/1890
f 994/2051/1891 990/2052/1892 997/2053/1893 999/2054/1894
f 1000/2055/1895 996/2056/1896 1003/2057/1897 1005/2058/1898
f 1006/2059/1899 1002/2060/1900 1009/2061/1901 1011/2062/1902
f 1012/2063/1903 1008/2064/1904 895/2065/1905 897/2066/1906
s 1
f 893/2067/1907 895/2068/1908 1008/2069/1909 1007/2070/1910 891/2071/1911
s 2
f 896/2072/1912 898/1987/1913 903/1990/1914 902/2073/1915 892/2074/1916
s 1
f 899/2075/1917 901/2076/1918 894/2077/1919 893/2067/1907 891/2071/1911
s 2
f 902/2073/1915 904/1991/1920 909/1994/1921 908/2078/1922 892/2074/1916
s 1
f 905/2079/1923 907/2080/1924 900/2081/1925 899/2075/1917 891/2071/1911
s 2
f 908/2078/1922 910/1995/1926 915/1998/1927 914/2082/1928 892/2074/1916
s 1
f 911/2083/1929 913/2084/1930 906/2085/1931 905/2079/1923 891/2071/1911
s 2
f 914/2082/1928 916/1999/1932 921/2002/1933 920/2086/1934 892/2074/1916
s 1
f 917/2087/1935 919/2088/1936 912/2089/1937 911/2083/1929 891/2071/1911
s 2
f 920/2086/1934 922/2003/1938 927/2006/1939 926/2090/1940 892/2074/1916
s 1
f 923/2091/1941 925/2092/1942 918/2093/1943 917/2087/1935 891/2071/1911
s 2
f 926/2090/1940 928/2007/1944 933/2010/1945 932/2094/1946 892/2074/1916
s 1
f 929/2095/1947 931/2096/1948 924/2097/1949 923/2091/1941 891/2071/1911
s 2
f 932/2094/1946 934/2011/1950 939/2014/1951 938/2098/1952 892/2074/1916
s 1
f 935/2099/1953 937/2100/1954 930/2101/1955 929/2095/1947 891/2071/1911
s 2
f 938/2098/1952 940/2015/1956 945/2018/1957 944/2102/1958 892/2074/1916
s 1
f 941/2103/1959 943/2104/1960 936/2105/1961 935/2099/1953 891/2071/1911
s 2
f 944/2102/1958 946/2019/1962 951/2022/1963 950/2106/1964 892/2074/1916
s 1
f 947/2107/1965 949/2108/1966 942/2109/1967 941/2103/1959 891/2071/1911
s 2
f 950/2106/1964 952/2023/1968 957/2026/1969 956/2110/1970 892/2074/1916
s 1
f 953/2111/1971 955/2112/1972 948/2113/1973 947/2107/1965 891/2071/1911
s 2
f 956/2110/1970 958/2027/1974 963/2030/1975 962/2114/1976 892/2074/1916
s 1
f 959/2115/1977 961/2116/1978 954/2117/1979 953/2111/1971 891/2071/1911
s 2
f 962/2114/1976 964/2031/1980 969/2034/1981 968/2118/1982 892/2074/1916
s 1
f 965/2119/1983 967/2120/1984 960/2121/1985 959/2115/1977 891/2071/1911
s 2
f 968/2118/1982 970/2035/1986 975/2038/1987 974/2122/1988 892/2074/1916
s 1
f 971/2123/1989 973/2124/1990 966/2125/1991 965/2119/1983 891/2071/1911
s 2
f 974/2122/1988 976/2039/1992 981/2042/1993 980/2126/1994 892/2074/1916
s 1
f 977/2127/1995 979/2128/1996 972/2129/1997 971/2123/1989 891/2071/1911
s 2
f 980/2126/1994 982/2043/1998 987/2046/1999 986/2130/2000 892/2074/1916
s 1
f 983/2131/2001 985/2132/2002 978/2133/2003 977/2127/1995 891/2071/1911
s 2
f 986/2130/2000 988/2047/2004 993/2050/2005 992/2134/2006 892/2074/1916
s 1
f 989/2135/2007 991/2136/2008 984/2137/2009 983/2131/2001 891/2071/1911
s 2
f 992/2134/2006 994/2051/2010 999/2054/2011 998/2138/2012 892/2074/1916
s 1
f 995/2139/2013 997/2140/2014 990/2141/2015 989/2135/2007 891/2071/1911
s 2
f 998/2138/2012 1000/2055/2016 1005/2058/2017 1004/2142/2018 892/2074/1916
s 1
f 1001/2143/2019 1003/2144/2020 996/2145/2021 995/2139/2013 891/2071/1911
s 2
f 1004/2142/2018 1006/2059/2022 1011/2062/2023 1010/2146/2024 892/2074/1916
s 1
f 1007/2070/1910 1009/2147/2025 1002/2148/2026 1001/2143/2019 891/2071/1911
s 2
f 1010/2146/2024 1012/2063/2027 897/2066/2028 896/2072/1912 892/2074/1916
s off
f 1013/2149/2029 1014/2150/2030 1015/2151/2031 1016/2152/2032
f 1017/2153/2033 1018/2154/2034 1019/2155/2035 1020/2156/2036
f 1021/2157/2037 1022/2158/2038 1023/2159/2039 1024/2160/2040
f 1025/2161/2041 1026/2162/2042 1027/2163/2043 1028/2164/2044
f 1029/2165/2045 1030/2166/2046 1031/2167/2047 1032/2168/2048
f 1033/2169/2049 1034/2170/2050 1035/2171/2051 1036/2172/2052
f 1037/2173/2053 1038/2174/2054 1039/2175/2055 1040/2176/2056
f 1041/2177/2057 1042/2178/2058 1043/2179/2059 1044/2180/2060
f 1045/2181/2061 1046/2182/2062 1047/2183/2063 1048/2184/2064
f 1049/2185/2065 1050/2186/2066 1051/2187/2067 1052/2188/2068
f 1053/2189/2069 1054/2190/2070 1055/2191/2071 1056/2192/2072
f 1057/2193/2073 1058/2194/2074 1059/2195/2075 1060/2196/2076
f 1061/2197/2077 1062/2198/2078 1063/2199/2079 1064/2200/2080
f 1065/2201/2081 1066/2202/2082 1067/2203/2083 1068/2204/2084
f 1069/2205/2085 1070/2206/2086 1071/2207/2087 1072/2208/2088
f 1073/2209/2089 1074/2210/2090 1075/2211/2091 1076/2212/2092
f 1077/2213/2093 1078/2214/2094 1079/2215/2095 1080/2216/2096
f 1081/2217/2097 1082/2218/2098 1083/2219/2099 1084/2220/2100
f 1085/2221/2101 1086/2222/2102 1087/2223/2103 1088/2224/2104
f 1089/2225/2105 1090/2226/2106 1091/2227/2107 1092/2228/2108
s 1
f 893/2067/1907 894/2077/1919 895/2068/1908
s 2
f 896/2072/1912 897/2066/2028 898/1987/1913
s 1
f 899/2075/1917 900/2081/1925 901/2076/1918
s 2
f 902/2073/1915 903/1990/1914 904/1991/1920
s 1
f 905/2079/1923 906/2085/1931 907/2080/1924
s 2
f 908/2078/1922 909/1994/1921 910/1995/1926
s 1
f 911/2083/1929 912/2089/1937 913/2084/1930
s 2
f 914/2082/1928 915/1998/1927 916/1999/1932
s 1
f 917/2087/1935 918/2093/1943 919/2088/1936
s 2
f 920/2086/1934 921/2002/1933 922/2003/1938
s 1
f 923/2091/1941 924/2097/1949 925/2092/1942
s 2
f 926/2090/1940 927/2006/1939 928/2007/1944
s 1
f 929/2095/1947 930/2101/1955 931/2096/1948
s 2
f 932/2094/1946 933/2010/1945 934/2011/1950
s 1
f 935/2099/1953 936/2105/1961 937/2100/1954
s 2
f 938/2098/1952 939/2014/1951 940/2015/1956
s 1
f 941/2103/1959 942/2109/1967 943/2104/1960
s 2
f 944/2102/1958 945/2018/1957 946/2019/1962
s 1
f 947/2107/1965 948/2113/1973 949/2108/1966
s 2
f 950/2106/1964 951/2022/1963 952/2023/1968
s 1
f 953/2111/1971 954/2117/1979 955/2112/1972
s 2
f 956/2110/1970 957/2026/1969 958/2027/1974
s 1
f 959/2115/1977 960/2121/1985 961/2116/1978
s 2
f 962/2114/1976 963/2030/1975 964/2031/1980
s 1
f 965/2119/1983 966/2125/1991 967/2120/1984
s 2
f 968/2118/1982 969/2034/1981 970/2035/1986
s 1
f 971/2123/1989 972/2129/1997 973/2124/1990
s 2
f 974/2122/1988 975/2038/1987 976/2039/1992
s 1
f 977/2127/1995 978/2133/2003 979/2128/1996
s 2
f 980/2126/1994 981/2042/1993 982/2043/1998
s 1
f 983/2131/2001 984/2137/2009 985/2132/2002
s 2
f 986/2130/2000 987/2046/1999 988/2047/2004
s 1
f 989/2135/2007 990/2141/2015 991/2136/2008
s 2
f 992/2134/2006 993/2050/2005 994/2051/2010
s 1
f 995/2139/2013 996/2145/2021 997/2140/2014
s 2
f 998/2138/2012 999/2054/2011 1000/2055/2016
s 1
f 1001/2143/2019 1002/2148/2026 1003/2144/2020
s 2
f 1004/2142/2018 1005/2058/2017 1006/2059/2022
s 1
f 1007/2070/1910 1008/2069/1909 1009/2147/2025
s 2
f 1010/2146/2024 1011/2062/2023 1012/2063/2027
s off
f 895/2068/2109 894/2077/2110 1014/2229/2111 1013/2230/2112
f 894/2231/2113 898/2232/2114 1015/2233/2115 1014/2234/2116
f 898/1987/2117 897/2066/2118 1016/2152/2119 1015/2151/2120
f 897/2235/2121 895/2236/2122 1013/2237/2123 1016/2238/2124
f 901/2076/2125 900/2081/2126 1018/2239/2127 1017/2240/2128
f 900/2241/2129 904/2242/2130 1019/2243/2131 1018/2244/2132
f 904/1991/2133 903/1990/2134 1020/2156/2135 1019/2155/2136
f 903/2245/2137 901/2246/2138 1017/2247/2139 1020/2248/2140
f 907/2080/2141 906/2085/2142 1022/2249/2143 1021/2250/2144
f 906/2251/2145 910/2252/2146 1023/2253/2147 1022/2254/2148
f 910/1995/2149 909/1994/2150 1024/2160/2151 1023/2159/2152
f 909/2255/2153 907/2256/2154 1021/2257/2155 1024/2258/2156
f 913/2084/2157 912/2089/2158 1026/2259/2159 1025/2260/2160
f 912/2261/2161 916/2262/2162 1027/2263/2163 1026/2264/2164
f 916/1999/2165 915/1998/2166 1028/2164/2167 1027/2163/2168
f 915/2265/2169 913/2266/2170 1025/2267/2171 1028/2268/2172
f 919/2088/2173 918/2093/2174 1030/2269/2175 1029/2270/2176
f 918/2271/2177 922/2272/2178 1031/2273/2179 1030/2274/2180
f 922/2003/2181 921/2002/2182 1032/2168/2183 1031/2167/2184
f 921/2275/2185 919/2276/2186 1029/2277/2187 1032/2278/2188
f 925/2092/2189 924/2097/2190 1034/2279/2191 1033/2280/2192
f 924/2281/2193 928/2282/2194 1035/2283/2195 1034/2284/2196
f 928/2007/2197 927/2006/2198 1036/2172/2199 1035/2171/2200
f 927/2285/2201 925/2286/2202 1033/2287/2203 1036/2288/2204
f 931/2096/2205 930/2101/2206 1038/2289/2207 1037/2290/2208
f 930/2291/2209 934/2292/2210 1039/2293/2211 1038/2294/2212
f 934/2011/2213 933/2010/2214 1040/2176/2215 1039/2175/2216
f 933/2295/2217 931/2296/2218 1037/2297/2219 1040/2298/2220
f 937/2100/2221 936/2105/2222 1042/2299/2223 1041/2300/2224
f 936/2301/2225 940/2302/2226 1043/2303/2227 1042/2304/2228
f 940/2015/2229 939/2014/2230 1044/2180/2231 1043/2179/2232
f 939/2305/2233 937/2306/2234 1041/2307/2235 1044/2308/2236
f 943/2104/2237 942/2109/2238 1046/2309/2239 1045/2310/2240
f 942/2311/2241 946/2312/2242 1047/2313/2243 1046/2314/2244
f 946/2019/2245 945/2018/2246 1048/2184/2247 1047/2183/2248
f 945/2315/2249 943/2316/2250 1045/2317/2251 1048/2318/2252
f 949/2108/2253 948/2113/2254 1050/2319/2255 1049/2320/2256
f 948/2321/2257 952/2322/2258 1051/2323/2259 1050/2324/2260
f 952/2023/2261 951/2022/2262 1052/2188/2263 1051/2187/2264
f 951/2325/2265 949/2326/2266 1049/2327/2267 1052/2328/2268
f 955/2112/2269 954/2117/2270 1054/2329/2271 1053/2330/2272
f 954/2331/2273 958/2332/2274 1055/2333/2275 1054/2334/2276
f 958/2027/2277 957/2026/2278 1056/2192/2279 1055/2191/2280
f 957/2335/2281 955/2336/2282 1053/2337/2283 1056/2338/2284
f 961/2116/2285 960/2121/2286 1058/2339/2287 1057/2340/2288
f 960/2341/2289 964/2342/2290 1059/2343/2291 1058/2344/2292
f 964/2031/2293 963/2030/2294 1060/2196/2295 1059/2195/2296
f 963/2345/2297 961/2346/2298 1057/2347/2299 1060/2348/2300
f 967/2120/2301 966/2125/2302 1062/2349/2303 1061/2350/2304
f 966/2351/2305 970/2352/2306 1063/2353/2307 1062/2354/2308
f 970/2035/2309 969/2034/2310 1064/2200/2311 1063/2199/2312
f 969/2355/2313 967/2356/2314 1061/2357/2315 1064/2358/2316
f 973/2124/2317 972/2129/2318 1066/2359/2319 1065/2360/2320
f 972/2361/2321 976/2362/2322 1067/2363/2323 1066/2364/2324
f 976/2039/2325 975/2038/2326 1068/2204/2327 1067/2203/2328
f 975/2365/2329 973/2366/2330 1065/2367/2331 1068/2368/2332
f 979/2128/2333 978/2133/2334 1070/2369/2335 1069/2370/2336
f 978/2371/2337 982/2372/2338 1071/2373/2339 1070/2374/2340
f 982/2043/2341 981/2042/2342 1072/2208/2343 1071/2207/2344
f 981/2375/2345 979/2376/2346 1069/2377/2347 1072/2378/2348
f 985/2132/2349 984/2137/2350 1074/2379/2351 1073/2380/2352
f 984/2381/2353 988/2382/2354 1075/2383/2355 1074/2384/2356
f 988/2047/2357 987/2046/2358 1076/2212/2359 1075/2211/2360
f 987/2385/2361 985/2386/2362 1073/2387/2363 1076/2388/2364
f 991/2136/2365 990/2141/2366 1078/2389/2367 1077/2390/2368
f 990/2391/2369 994/2392/2370 1079/2393/2371 1078/2394/2372
f 994/2051/2373 993/2050/2374 1080/2216/2375 1079/2215/2376
f 993/2395/2377 991/2396/2378 1077/2397/2379 1080/2398/2380
f 997/2140/2381 996/2145/2382 1082/2399/2383 1081/2400/2384
f 996/2401/2385 1000/2402/2386 1083/2403/2387 1082/2404/2388
f 1000/2055/2389 999/2054/2390 1084/2220/2391 1083/2219/2392
f 999/2405/2393 997/2406/2394 1081/2407/2395 1084/2408/2396
f 1003/2144/2397 1002/2148/2398 1086/2409/2399 1085/2410/2400
f 1002/2411/2401 1006/2412/2402 1087/2413/2403 1086/2414/2404
f 1006/2059/2405 1005/2058/2406 1088/2224/2407 1087/2223/2408
f 1005/2415/2409 1003/2416/2410 1085/2417/2411 1088/2418/2412
f 1009/2147/2413 1008/2069/2414 1090/2419/2415 1089/2420/2416
f 1008/2421/2417 1012/2422/2418 1091/2423/2419 1090/2424/2420
f 1012/2063/2421 1011/2062/2422 1092/2228/2423 1091/2227/2424
f 1011/2425/2425 1009/2426/2426 1089/2427/2427 1092/2428/2428
g default
v 0.000000 -32.598152 0.000000
v 0.000000 -26.278618 0.000000
v 15.650653 -30.681665 -27.107712
v 14.723216 -30.681665 -28.334505
v 17.176807 -30.681665 -26.917925
v 15.650653 -26.278618 -27.107712
v 17.176807 -26.278618 -26.917925
v 14.723216 -26.278618 -28.334505
v -15.650640 -30.681665 -27.107718
v -17.176798 -30.681665 -26.917931
v -14.723203 -30.681665 -28.334511
v -15.650640 -26.278618 -27.107718
v -14.723203 -26.278618 -28.334511
v -17.176798 -26.278618 -26.917931
v -31.301292 -30.681665 -0.000005
v -31.900011 -30.681665 1.416579
v -31.900011 -30.681665 -1.416588
v -31.301292 -26.278618 -0.000005
v -31.900011 -26.278618 -1.416588
v -31.900011 -26.278618 1.416579
v -15.650650 -30.681665 27.107714
v -14.723210 -30.681665 28.334507
v -17.176804 -30.681665 26.917927
v -15.650650 -26.278618 27.107714
v -17.176804 -26.278618 26.917927
v -14.723210 -26.278618 28.334507
v 15.650644 -30.681665 27.107716
v 17.176802 -30.681665 26.917929
v 14.723207 -30.681665 28.334509
v 15.650644 -26.278618 27.107716
v 14.723207 -26.278618 28.334509
v 17.176802 -26.278618 26.917929
v 31.301292 -30.681665 0.000000
v 31.900011 -30.681665 -1.416584
v 31.900011 -30.681665 1.416583
v 31.301292 -26.278618 0.000000
v 31.900011 -26.278618 1.416583
v 31.900011 -26.278618 -1.416584
vt 0.657598 0.805477
vt 0.665026 0.805477
vt 0.665026 0.855156
vt 0.657598 0.855156
vt 0.103041 0.293739
vt 0.095612 0.293739
vt 0.095612 0.250716
vt 0.103041 0.250716
vt 0.103041 0.245936
vt 0.095612 0.245936
vt 0.095612 0.202912
vt 0.103041 0.202912
vt 0.680358 0.855156
vt 0.672930 0.855156
vt 0.672930 0.805477
vt 0.680358 0.805477
vt 0.089579 0.293739
vt 0.082151 0.293739
vt 0.082151 0.250716
vt 0.089579 0.250716
vt 0.089579 0.245936
vt 0.082151 0.245936
vt 0.082151 0.202912
vt 0.089579 0.202912
vt 0.766992 0.029406
vt 0.767313 0.026832
vt 0.810336 0.001992
vt 0.812726 0.003002
vt 0.812726 0.055811
vt 0.961951 0.029406
vt 0.964021 0.030971
vt 0.964021 0.080650
vt 0.961951 0.082215
vt 0.916218 0.055811
vt 0.766992 0.082215
vt 0.764923 0.080650
vt 0.764923 0.030971
vt 0.961631 0.084790
vt 0.918608 0.109629
vt 0.916218 0.108619
vt 0.812726 0.108619
vt 0.810336 0.109629
vt 0.767313 0.084790
vt 0.913828 0.109629
vt 0.870804 0.084790
vt 0.870484 0.082215
vt 0.858459 0.082215
vt 0.858139 0.084790
vt 0.815116 0.109629
vt 0.868414 0.080650
vt 0.868414 0.030971
vt 0.870484 0.029406
vt 0.858459 0.029406
vt 0.860529 0.030971
vt 0.860529 0.080650
vt 0.870804 0.026832
vt 0.913828 0.001992
vt 0.916218 0.003002
vt 0.815116 0.001992
vt 0.858139 0.026832
vt 0.918608 0.001992
vt 0.961631 0.026832
vt 0.665026 0.801337
vt 0.657598 0.801337
vt 0.665026 0.859295
vt 0.657598 0.859295
vt 0.672930 0.859295
vt 0.680358 0.859295
vt 0.672930 0.801338
vt 0.680358 0.801338
vn 0.044363 0.000000 -0.999016
vn 0.044363 0.000000 -0.999016
vn 0.000000 0.000000 -1.000000
vn 0.000000 0.000000 -1.000000
vn -0.842991 0.000000 -0.537928
vn -0.842991 0.000000 -0.537928
vn -0.866025 0.000000 -0.500000
vn -0.866025 0.000000 -0.500000
vn -0.887355 0.000000 0.461088
vn -0.887355 0.000000 0.461088
vn -0.866026 0.000000 0.500000
vn -0.866026 0.000000 0.500000
vn -0.044363 0.000000 0.999016
vn -0.044363 0.000000 0.999016
vn -0.000000 0.000000 1.000000
vn -0.000000 0.000000 1.000000
vn 0.842991 0.000000 0.537928
vn 0.842991 0.000000 0.537928
vn 0.866025 0.000000 0.500000
vn 0.866025 0.000000 0.500000
vn 0.887354 0.000000 -0.461088
vn 0.887354 0.000000 -0.461088
vn 0.866025 0.000000 -0.500000
vn 0.866025 0.000000 -0.500000
vn 0.028067 -0.998423 -0.048613
vn 0.056147 -0.997896 -0.032416
vn 0.056147 -0.997896 -0.032416
vn 0.056134 -0.998423 0.000000
vn -0.000000 -1.000000 0.000000
vn 0.000000 1.000000 0.000000
vn 0.000000 1.000000 0.000000
vn 0.000000 1.000000 0.000000
vn 0.000000 1.000000 -0.000000
vn 0.000000 1.000000 0.000000
vn -0.028067 -0.998423 -0.048613
vn 0.000000 -0.997896 -0.064833
vn 0.000000 -0.997896 -0.064833
vn 0.000000 1.000000 -0.000000
vn 0.000000 1.000000 -0.000000
vn 0.000000 1.000000 -0.000000
vn -0.056134 -0.998423 0.000000
vn -0.056147 -0.997896 -0.032416
vn -0.056147 -0.997896 -0.032416
vn 0.000000 1.000000 0.000000
vn 0.000000 1.000000 0.000000
vn 0.000000 1.000000 -0.000000
vn -0.028067 -0.998423 0.048613
vn -0.056147 -0.997896 0.032416
vn -0.056147 -0.997896 0.032416
vn 0.000000 1.000000 -0.000000
vn 0.000000 1.000000 -0.000000
vn 0.000000 1.000000 0.000000
vn 0.028067 -0.998423 0.048613
vn -0.000000 -0.997896 0.064833
vn -0.000000 -0.997896 0.064833
vn 0.000000 1.000000 0.000000
vn 0.000000 1.000000 0.000000
vn 0.000000 1.000000 0.000000
vn 0.056147 -0.997896 0.032416
vn 0.056147 -0.997896 0.032416
vn 0.000000 1.000000 0.000000
vn 0.000000 1.000000 0.000000
vn 0.500000 0.000000 -0.866026
vn 0.500000 0.000000 -0.866026
vn -0.499999 0.000000 -0.866026
vn -0.499999 0.000000 -0.866026
vn -1.000000 0.000000 0.000000
vn -1.000000 0.000000 0.000000
vn -0.499999 0.000000 0.866026
vn -0.499999 0.000000 0.866026
vn 0.499999 0.000000 0.866026
vn 0.499999 0.000000 0.866026
vn 1.000000 0.000000 0.000000
vn 1.000000 0.000000 0.000000
s 1
g pCube35 polySurface102
usemtl initialShadingGroup
f 1100/2429/2429 1096/2430/2430 1103/2431/2431 1105/2432/2432
s 2
f 1106/2433/2433 1102/2434/2434 1109/2435/2435 1111/2436/2436
s 3
f 1112/2437/2437 1108/2438/2438 1115/2439/2439 1117/2440/2440
s 4
f 1118/2441/2441 1114/2442/2442 1121/2443/2443 1123/2444/2444
s 5
f 1124/2445/2445 1120/2446/2446 1127/2447/2447 1129/2448/2448
s 6
f 1130/2449/2449 1126/2450/2450 1097/2451/2451 1099/2452/2452
s 7
f 1095/2453/2453 1097/2454/2454 1126/2455/2455 1125/2456/2456 1093/2457/2457
s 8
f 1098/2458/2458 1100/2459/2459 1105/2460/2460 1104/2461/2461 1094/2462/2462
s 7
f 1101/2463/2463 1103/2464/2464 1096/2465/2465 1095/2453/2453 1093/2457/2457
s 8
f 1104/2461/2461 1106/2466/2466 1111/2467/2467 1110/2468/2468 1094/2462/2462
s 7
f 1107/2469/2469 1109/2470/2470 1102/2471/2471 1101/2463/2463 1093/2457/2457
s 8
f 1110/2468/2468 1112/2472/2472 1117/2473/2473 1116/2474/2474 1094/2462/2462
s 7
f 1113/2475/2475 1115/2476/2476 1108/2477/2477 1107/2469/2469 1093/2457/2457
s 8
f 1116/2474/2474 1118/2478/2478 1123/2479/2479 1122/2480/2480 1094/2462/2462
s 7
f 1119/2481/2481 1121/2482/2482 1114/2483/2483 1113/2475/2475 1093/2457/2457
s 8
f 1122/2480/2480 1124/2484/2484 1129/2485/2485 1128/2486/2486 1094/2462/2462
s 7
f 1125/2456/2456 1127/2487/2487 1120/2488/2488 1119/2481/2481 1093/2457/2457
s 8
f 1128/2486/2486 1130/2489/2489 1099/2490/2490 1098/2458/2458 1094/2462/2462
s 1
f 1097/2491/2491 1096/2430/2430 1100/2429/2429 1099/2492/2492
s 2
f 1103/2431/2493 1102/2493/2434 1106/2494/2433 1105/2432/2494
s 3
f 1109/2435/2495 1108/2438/2438 1112/2437/2437 1111/2436/2496
s 4
f 1115/2495/2497 1114/2442/2442 1118/2441/2441 1117/2496/2498
s 5
f 1121/2443/2499 1120/2497/2446 1124/2498/2445 1123/2444/2500
s 6
f 1127/2447/2501 1126/2450/2450 1130/2449/2449 1129/2448/2502
s 7
f 1095/2453/2453 1096/2465/2465 1097/2454/2454
s 8
f 1098/2458/2458 1099/2490/2490 1100/2459/2459
s 7
f 1101/2463/2463 1102/2471/2471 1103/2464/2464
s 8
f 1104/2461/2461 1105/2460/2460 1106/2466/2466
s 7
f 1107/2469/2469 1108/2477/2477 1109/2470/2470
s 8
f 1110/2468/2468 1111/2467/2467 1112/2472/2472
s 7
f 1113/2475/2475 1114/2483/2483 1115/2476/2476
s 8
f 1116/2474/2474 1117/2473/2473 1118/2478/2478
s 7
f 1119/2481/2481 1120/2488/2488 1121/2482/2482
s 8
f 1122/2480/2480 1123/2479/2479 1124/2484/2484
s 7
f 1125/2456/2456 1126/2455/2455 1127/2487/2487
s 8
f 1128/2486/2486 1129/2485/2485 1130/2489/2489
g default
v 13.413405 38.683876 -4.358279
v 11.410125 38.683876 -8.289941
v 8.289941 38.683876 -11.410125
v 4.358278 38.683876 -13.413405
v 0.000000 38.683876 -14.103684
v -4.358278 38.683876 -13.413401
v -8.289937 38.683876 -11.410119
v -11.410118 38.683876 -8.289936
v -13.413399 38.683876 -4.358277
v -14.103683 38.683876 0.000000
v -13.413399 38.683876 4.358277
v -11.410117 38.683876 8.289935
v -8.289935 38.683876 11.410117
v -4.358277 38.683876 13.413399
v -0.000000 38.683876 14.103683
v 4.358277 38.683876 13.413399
v 8.289933 38.683876 11.410117
v 11.410117 38.683876 8.289934
v 13.413399 38.683876 4.358277
v 14.103678 38.683876 0.000000
v 3.268780 42.798870 -1.062092
v 2.780592 42.798870 -2.020220
v 2.020216 42.798870 -2.780596
v 1.062090 42.798870 -3.268782
v -0.000001 42.798870 -3.437001
v -1.062091 42.798870 -3.268782
v -2.020220 42.798870 -2.780596
v -2.780594 42.798870 -2.020220
v -3.268782 42.798870 -1.062092
v -3.436999 42.798870 -0.000002
v -3.268782 42.798870 1.062089
v -2.780594 42.798870 2.020215
v -2.020220 42.798870 2.780590
v -1.062091 42.798870 3.268778
v -0.000001 42.798870 3.436996
v 1.062088 42.798870 3.268778
v 2.020216 42.798870 2.780590
v 2.780590 42.798870 2.020215
v 3.268778 42.798870 1.062088
v 3.436996 42.798870 -0.000002
v 0.000000 38.683876 0.000000
v 1.453243 42.798870 -0.472189
v 1.236202 42.798870 -0.898157
v 0.898153 42.798870 -1.236207
v 0.472186 42.798870 -1.453246
v -0.000001 42.798870 -1.528033
v -0.472188 42.798870 -1.453246
v -0.898156 42.798870 -1.236207
v -1.236206 42.798870 -0.898157
v -1.453245 42.798870 -0.472189
v -1.528032 42.798870 -0.000002
v -1.453245 42.798870 0.472185
v -1.236206 42.798870 0.898152
v -0.898156 42.798870 1.236201
v -0.472188 42.798870 1.453241
v -0.000002 42.798870 1.528028
v 0.472186 42.798870 1.453241
v 0.898153 42.798870 1.236201
v 1.236202 42.798870 0.898152
v 1.453242 42.798870 0.472185
v 1.528029 42.798870 -0.000002
v 1.453243 43.081326 -0.472189
v 1.236202 43.081326 -0.898157
v 0.898153 43.081326 -1.236207
v 0.472186 43.081326 -1.453246
v -0.000001 43.081326 -1.528033
v -0.472188 43.081326 -1.453246
v -0.898156 43.081326 -1.236207
v -1.236206 43.081326 -0.898157
v -1.453245 43.081326 -0.472189
v -1.528032 43.081326 -0.000002
v -1.453245 43.081326 0.472185
v -1.236206 43.081326 0.898152
v -0.898156 43.081326 1.236201
v -0.472188 43.081326 1.453241
v -0.000002 43.081326 1.528028
v 0.472186 43.081326 1.453241
v 0.898153 43.081326 1.236201
v 1.236202 43.081326 0.898152
v 1.453242 43.081326 0.472185
v 1.528029 43.081326 -0.000002
v 0.550823 43.081326 -0.178976
v 0.468558 43.081326 -0.340431
v 0.340427 43.081326 -0.468562
v 0.178972 43.081326 -0.550826
v -0.000002 43.081326 -0.579174
v -0.178975 43.081326 -0.550826
v -0.340430 43.081326 -0.468562
v -0.468561 43.081326 -0.340431
v -0.550826 43.081326 -0.178976
v -0.579173 43.081326 -0.000002
v -0.550826 43.081326 0.178971
v -0.468561 43.081326 0.340426
v -0.340430 43.081326 0.468557
v -0.178975 43.081326 0.550822
v -0.000002 43.081326 0.579169
v 0.178972 43.081326 0.550822
v 0.340427 43.081326 0.468557
v 0.468558 43.081326 0.340426
v 0.550822 43.081326 0.178971
v 0.579170 43.081326 -0.000002
v 0.550823 43.410797 -0.178976
v 0.468558 43.410797 -0.340431
v 0.340427 43.410797 -0.468562
v 0.178972 43.410797 -0.550826
v -0.000002 43.410797 -0.579174
v -0.178975 43.410797 -0.550826
v -0.340430 43.410797 -0.468562
v -0.468561 43.410797 -0.340431
v -0.550826 43.410797 -0.178976
v -0.579173 43.410797 -0.000002
v -0.550826 43.410797 0.178971
v -0.468561 43.410797 0.340426
v -0.340430 43.410797 0.468557
v -0.178975 43.410797 0.550822
v -0.000002 43.410797 0.579169
v 0.178972 43.410797 0.550822
v 0.340427 43.410797 0.468557
v 0.468558 43.410797 0.340426
v 0.550822 43.410797 0.178971
v 0.579170 43.410797 -0.000002
v 0.341327 43.410797 -0.110907
v 0.290349 43.410797 -0.210955
v 0.210951 43.410797 -0.290353
v 0.110903 43.410797 -0.341330
v -0.000002 43.410797 -0.358896
v -0.110906 43.410797 -0.341330
v -0.210954 43.410797 -0.290353
v -0.290353 43.410797 -0.210955
v -0.341329 43.410797 -0.110907
v -0.358895 43.410797 -0.000002
v -0.341329 43.410797 0.110902
v -0.290353 43.410797 0.210950
v -0.210954 43.410797 0.290349
v -0.110906 43.410797 0.341325
v -0.000002 43.410797 0.358891
v 0.110903 43.410797 0.341325
v 0.210951 43.410797 0.290349
v 0.290349 43.410797 0.210950
v 0.341326 43.410797 0.110902
v 0.358892 43.410797 -0.000002
v 0.099383 48.533497 -0.032295
v 0.084540 48.533497 -0.061426
v -0.000002 48.533497 -0.000002
v 0.061422 48.533497 -0.084544
v 0.032291 48.533497 -0.099387
v -0.000002 48.533497 -0.104502
v -0.032294 48.533497 -0.099387
v -0.061425 48.533497 -0.084544
v -0.084544 48.533497 -0.061426
v -0.099386 48.533497 -0.032295
v -0.104501 48.533497 -0.000002
v -0.099386 48.533497 0.032290
v -0.084544 48.533497 0.061421
v -0.061425 48.533497 0.084539
v -0.032294 48.533497 0.099382
v -0.000002 48.533497 0.104497
v 0.032291 48.533497 0.099382
v 0.061422 48.533497 0.084539
v 0.084540 48.533497 0.061421
v 0.099383 48.533497 0.032290
v 0.104498 48.533497 -0.000002
vt 0.649477 0.896125
vt 0.646097 0.902759
vt 0.631539 0.892181
vt 0.632362 0.890564
vt 0.640833 0.908023
vt 0.630256 0.893464
vt 0.634200 0.911402
vt 0.628639 0.894287
vt 0.626847 0.912567
vt 0.626847 0.894571
vt 0.619494 0.911402
vt 0.625055 0.894287
vt 0.612861 0.908023
vt 0.623439 0.893464
vt 0.607597 0.902759
vt 0.622156 0.892181
vt 0.604218 0.896125
vt 0.621333 0.890564
vt 0.603053 0.888773
vt 0.621049 0.888773
vt 0.604218 0.881420
vt 0.621333 0.886981
vt 0.607597 0.874787
vt 0.622156 0.885364
vt 0.612861 0.869523
vt 0.623439 0.884081
vt 0.619494 0.866143
vt 0.625055 0.883258
vt 0.626847 0.864978
vt 0.626847 0.882974
vt 0.634200 0.866143
vt 0.628639 0.883258
vt 0.640833 0.869523
vt 0.630256 0.884081
vt 0.646097 0.874787
vt 0.631539 0.885364
vt 0.649477 0.881420
vt 0.632362 0.886981
vt 0.650642 0.888773
vt 0.632646 0.888773
vt 0.592476 0.874791
vt 0.595855 0.881424
vt 0.573225 0.888777
vt 0.587211 0.869527
vt 0.580578 0.866147
vt 0.573225 0.864983
vt 0.565873 0.866147
vt 0.559240 0.869527
vt 0.553975 0.874791
vt 0.550596 0.881424
vt 0.549431 0.888777
vt 0.550596 0.896130
vt 0.553975 0.902763
vt 0.559240 0.908027
vt 0.565873 0.911407
vt 0.573225 0.912571
vt 0.580578 0.911407
vt 0.587211 0.908027
vt 0.592475 0.902763
vt 0.595855 0.896130
vt 0.597020 0.888777
vt 0.155702 0.990716
vt 0.155751 0.990741
vt 0.155648 0.990883
vt 0.155791 0.990780
vt 0.155816 0.990829
vt 0.155824 0.990883
vt 0.155816 0.990938
vt 0.155791 0.990987
vt 0.155751 0.991026
vt 0.155702 0.991051
vt 0.155648 0.991059
vt 0.155593 0.991051
vt 0.155544 0.991026
vt 0.155505 0.990987
vt 0.155480 0.990938
vt 0.155472 0.990883
vt 0.155480 0.990829
vt 0.155505 0.990780
vt 0.155544 0.990741
vt 0.155593 0.990716
vt 0.155648 0.990707
vt 0.628933 0.890288
vt 0.629299 0.889569
vt 0.628363 0.890858
vt 0.627644 0.891224
vt 0.626847 0.891351
vt 0.626051 0.891224
vt 0.625332 0.890858
vt 0.624762 0.890288
vt 0.624396 0.889569
vt 0.624269 0.888773
vt 0.624396 0.887976
vt 0.624762 0.887257
vt 0.625332 0.886687
vt 0.626051 0.886321
vt 0.626847 0.886195
vt 0.627644 0.886321
vt 0.628363 0.886687
vt 0.628933 0.887257
vt 0.629299 0.887976
vt 0.629425 0.888773
vt 0.791872 0.982986
vt 0.791872 0.982268
vt 0.792348 0.982268
vt 0.792348 0.982986
vt 0.791872 0.981697
vt 0.792348 0.981697
vt 0.555140 0.992863
vt 0.555140 0.993582
vt 0.554663 0.993582
vt 0.554663 0.992863
vt 0.555140 0.994378
vt 0.554663 0.994378
vt 0.555140 0.995175
vt 0.554663 0.995175
vt 0.555140 0.995894
vt 0.554663 0.995894
vt 0.785362 0.985868
vt 0.785362 0.985298
vt 0.785839 0.985298
vt 0.785839 0.985868
vt 0.785362 0.984579
vt 0.785839 0.984579
vt 0.785362 0.983783
vt 0.785839 0.983783
vt 0.785362 0.982986
vt 0.785839 0.982986
vt 0.785362 0.982267
vt 0.785839 0.982267
vt 0.785362 0.981697
vt 0.785839 0.981697
vt 0.548154 0.995894
vt 0.548154 0.995175
vt 0.548630 0.995175
vt 0.548630 0.995894
vt 0.548154 0.994378
vt 0.548630 0.994378
vt 0.548154 0.993582
vt 0.548630 0.993582
vt 0.548154 0.992863
vt 0.548630 0.992863
vt 0.791872 0.985869
vt 0.791872 0.985298
vt 0.792348 0.985298
vt 0.792348 0.985869
vt 0.791872 0.984580
vt 0.792348 0.984580
vt 0.791872 0.983783
vt 0.792348 0.983783
vt 0.935292 0.883675
vt 0.936011 0.884042
vt 0.935070 0.885337
vt 0.934798 0.885198
vt 0.936581 0.884612
vt 0.935286 0.885553
vt 0.936948 0.885330
vt 0.935425 0.885825
vt 0.937074 0.886127
vt 0.935473 0.886127
vt 0.936948 0.886924
vt 0.935425 0.886429
vt 0.936581 0.887642
vt 0.935286 0.886701
vt 0.936011 0.888213
vt 0.935070 0.886918
vt 0.935292 0.888579
vt 0.934798 0.887056
vt 0.934496 0.888705
vt 0.934496 0.887104
vt 0.933699 0.888579
vt 0.934194 0.887056
vt 0.932981 0.888213
vt 0.933921 0.886918
vt 0.932410 0.887642
vt 0.933705 0.886701
vt 0.932044 0.886924
vt 0.933566 0.886429
vt 0.931918 0.886127
vt 0.933519 0.886127
vt 0.932044 0.885330
vt 0.933566 0.885825
vt 0.932410 0.884612
vt 0.933705 0.885553
vt 0.932981 0.884042
vt 0.933921 0.885337
vt 0.933699 0.883675
vt 0.934194 0.885198
vt 0.934496 0.883549
vt 0.934496 0.885150
vt 0.017483 0.996715
vt 0.017483 0.996443
vt 0.018038 0.996443
vt 0.018038 0.996715
vt 0.017483 0.996226
vt 0.018038 0.996226
vt 0.094699 0.990220
vt 0.094699 0.990493
vt 0.094143 0.990493
vt 0.094143 0.990220
vt 0.094699 0.990795
vt 0.094143 0.990795
vt 0.094699 0.991097
vt 0.094143 0.991097
vt 0.094699 0.991369
vt 0.094143 0.991369
vt 0.025149 0.997808
vt 0.025149 0.997591
vt 0.025705 0.997591
vt 0.025705 0.997808
vt 0.025149 0.997319
vt 0.025705 0.997319
vt 0.025149 0.997017
vt 0.025705 0.997017
vt 0.025149 0.996715
vt 0.025705 0.996715
vt 0.025149 0.996443
vt 0.025705 0.996443
vt 0.025149 0.996226
vt 0.025705 0.996226
vt 0.101809 0.991845
vt 0.101809 0.991572
vt 0.102365 0.991572
vt 0.102365 0.991845
vt 0.101809 0.991270
vt 0.102365 0.991270
vt 0.101809 0.990969
vt 0.102365 0.990969
vt 0.101809 0.990696
vt 0.102365 0.990696
vt 0.017483 0.997808
vt 0.017483 0.997591
vt 0.018038 0.997591
vt 0.018038 0.997808
vt 0.017483 0.997319
vt 0.018038 0.997319
vt 0.017483 0.997017
vt 0.018038 0.997017
vt 0.385919 0.986207
vt 0.386192 0.986346
vt 0.385973 0.986647
vt 0.385804 0.986561
vt 0.386408 0.986562
vt 0.386107 0.986781
vt 0.386546 0.986835
vt 0.386193 0.986949
vt 0.386594 0.987136
vt 0.386223 0.987136
vt 0.386546 0.987438
vt 0.386193 0.987324
vt 0.386408 0.987711
vt 0.386107 0.987492
vt 0.386192 0.987927
vt 0.385973 0.987626
vt 0.385919 0.988066
vt 0.385804 0.987712
vt 0.385617 0.988114
vt 0.385617 0.987742
vt 0.385315 0.988066
vt 0.385430 0.987712
vt 0.385043 0.987927
vt 0.385261 0.987626
vt 0.384827 0.987711
vt 0.385127 0.987492
vt 0.384688 0.987438
vt 0.385041 0.987324
vt 0.384640 0.987136
vt 0.385012 0.987136
vt 0.384688 0.986835
vt 0.385041 0.986949
vt 0.384827 0.986562
vt 0.385127 0.986781
vt 0.385043 0.986346
vt 0.385261 0.986647
vt 0.385315 0.986207
vt 0.385430 0.986561
vt 0.385617 0.986159
vt 0.385617 0.986531
vt 0.746435 0.971499
vt 0.746603 0.971499
vt 0.746351 0.980142
vt 0.746302 0.980142
vt 0.746737 0.971499
vt 0.746390 0.980142
vt 0.754135 0.980142
vt 0.753967 0.980142
vt 0.753834 0.971499
vt 0.753883 0.971499
vt 0.753780 0.980142
vt 0.753780 0.971499
vt 0.753592 0.980142
vt 0.753725 0.971499
vt 0.753424 0.980142
vt 0.753676 0.971499
vt 0.761090 0.971499
vt 0.761224 0.971499
vt 0.761476 0.980142
vt 0.761437 0.980142
vt 0.761392 0.971499
vt 0.761525 0.980142
vt 0.761580 0.971499
vt 0.761580 0.980142
vt 0.761767 0.971499
vt 0.761634 0.980142
vt 0.761936 0.971499
vt 0.761683 0.980142
vt 0.762069 0.971499
vt 0.761722 0.980142
vt 0.768756 0.969673
vt 0.768925 0.969673
vt 0.769057 0.978316
vt 0.769008 0.978316
vt 0.769112 0.969673
vt 0.769112 0.978316
vt 0.769299 0.969673
vt 0.769166 0.978316
vt 0.769468 0.969673
vt 0.769215 0.978316
vt 0.745758 0.971499
vt 0.745892 0.971499
vt 0.746144 0.980142
vt 0.746105 0.980142
vt 0.746060 0.971499
vt 0.746193 0.980142
vt 0.746247 0.971499
vt 0.746247 0.980142
vn 0.342310 0.932981 -0.111222
vn 0.291186 0.932981 -0.211558
vn 0.291186 0.932981 -0.211558
vn 0.342310 0.932981 -0.111222
vn 0.211559 0.932981 -0.291186
vn 0.211559 0.932981 -0.291186
vn 0.111223 0.932981 -0.342309
vn 0.111223 0.932981 -0.342310
vn -0.000000 0.932981 -0.359925
vn -0.000000 0.932981 -0.359926
vn -0.111223 0.932981 -0.342309
vn -0.111223 0.932981 -0.342309
vn -0.211559 0.932981 -0.291185
vn -0.211559 0.932981 -0.291185
vn -0.291186 0.932981 -0.211559
vn -0.291186 0.932981 -0.211558
vn -0.342310 0.932981 -0.111223
vn -0.342310 0.932981 -0.111223
vn -0.359926 0.932981 0.000000
vn -0.359925 0.932981 -0.000000
vn -0.342310 0.932981 0.111223
vn -0.342310 0.932981 0.111223
vn -0.291186 0.932981 0.211559
vn -0.291186 0.932981 0.211559
vn -0.211559 0.932981 0.291185
vn -0.211559 0.932981 0.291185
vn -0.111223 0.932981 0.342309
vn -0.111223 0.932981 0.342309
vn 0.000000 0.932981 0.359925
vn -0.000000 0.932981 0.359925
vn 0.111223 0.932981 0.342309
vn 0.111223 0.932981 0.342309
vn 0.211559 0.932981 0.291186
vn 0.211559 0.932981 0.291186
vn 0.291186 0.932981 0.211559
vn 0.291186 0.932981 0.211559
vn 0.342310 0.932981 0.111222
vn 0.342310 0.932981 0.111222
vn 0.359926 0.932981 -0.000000
vn 0.359926 0.932981 0.000000
vn 0.000000 -1.000000 0.000000
vn 0.000000 -1.000000 0.000000
vn 0.000000 -1.000000 0.000000
vn 0.000000 -1.000000 0.000000
vn 0.000000 -1.000000 0.000000
vn 0.000000 -1.000000 0.000000
vn 0.000000 -1.000000 0.000000
vn 0.000000 -1.000000 0.000000
vn 0.000000 -1.000000 0.000000
vn 0.000000 -1.000000 -0.000001
vn 0.000000 -1.000000 0.000000
vn 0.000000 -1.000000 0.000000
vn 0.000000 -1.000000 -0.000000
vn 0.000000 -1.000000 0.000000
vn 0.000000 -1.000000 -0.000000
vn 0.000000 -1.000000 -0.000000
vn 0.000000 -1.000000 0.000000
vn 0.000000 -1.000000 0.000000
vn 0.000000 -1.000000 0.000000
vn 0.000000 -1.000000 0.000001
vn 0.000000 -1.000000 0.000001
vn 0.000000 1.000000 0.000000
vn 0.000000 1.000000 0.000000
vn 0.000000 1.000000 -0.000006
vn 0.000000 1.000000 0.000000
vn 0.000000 1.000000 0.000000
vn 0.000000 1.000000 0.000000
vn 0.000000 1.000000 -0.000035
vn 0.000000 1.000000 -0.000035
vn 0.000000 1.000000 0.000000
vn 0.000000 1.000000 0.000000
vn 0.000000 1.000000 0.000000
vn 0.000000 1.000000 0.000000
vn 0.000000 1.000000 0.000000
vn 0.000000 1.000000 0.000000
vn 0.000000 1.000000 0.000000
vn 0.000000 1.000000 -0.000026
vn 0.000000 1.000000 -0.000026
vn 0.000000 1.000000 0.000000
vn 0.000000 1.000000 0.000000
vn 0.000000 1.000000 0.000000
vn 0.000000 1.000000 0.000000
vn 0.000000 1.000000 0.000000
vn 0.000000 1.000000 0.000000
vn 0.000000 1.000000 0.000000
vn 0.000000 1.000000 0.000000
vn 0.000000 1.000000 0.000000
vn 0.000000 1.000000 0.000000
vn 0.000000 1.000000 0.000000
vn 0.000000 1.000000 0.000000
vn 0.000000 1.000000 0.000003
vn 0.000000 1.000000 0.000003
vn 0.000000 1.000000 0.000003
vn 0.000000 1.000000 0.000003
vn 0.000000 1.000000 0.000003
vn 0.000000 1.000000 0.000003
vn 0.000000 1.000000 0.000003
vn 0.000000 1.000000 0.000003
vn 0.000000 1.000000 -0.000003
vn 0.000000 1.000000 -0.000003
vn 0.000000 1.000000 -0.000003
vn 0.000000 1.000000 -0.000003
vn 0.000000 1.000000 0.000003
vn 0.000000 1.000000 0.000003
vn 0.000000 1.000000 0.000003
vn 0.000000 1.000000 0.000003
vn 0.000000 1.000000 0.000003
vn 0.000000 1.000000 0.000003
vn 0.000000 1.000000 0.000003
vn 0.000000 1.000000 0.000003
vn 0.000000 1.000000 0.000000
vn 0.000000 1.000000 0.000000
vn 0.000000 1.000000 0.000000
vn 0.000000 1.000000 0.000000
vn 0.000000 1.000000 -0.000005
vn 0.000000 1.000000 -0.000005
vn 0.000000 1.000000 -0.000005
vn 0.000000 1.000000 -0.000005
vn 0.000000 1.000000 0.000005
vn 0.000000 1.000000 0.000005
vn 0.000000 1.000000 0.000005
vn 0.000000 1.000000 0.000005
vn 0.000000 1.000000 0.000005
vn 0.000000 1.000000 0.000005
vn 0.000000 1.000000 0.000005
vn 0.000000 1.000000 0.000005
vn 0.000000 1.000000 0.000000
vn 0.000000 1.000000 0.000000
vn 0.000000 1.000000 0.000000
vn 0.000000 1.000000 0.000000
vn 0.000000 1.000000 -0.000003
vn 0.000000 1.000000 -0.000003
vn 0.000000 1.000000 -0.000003
vn 0.000000 1.000000 -0.000003
vn 0.000000 1.000000 0.000004
vn 0.000000 1.000000 0.000004
vn 0.000000 1.000000 0.000004
vn 0.000000 1.000000 0.000004
vn 0.000000 1.000000 -0.000001
vn 0.000000 1.000000 -0.000001
vn 0.000000 1.000000 -0.000001
vn 0.000000 1.000000 -0.000001
vn 0.000000 1.000000 -0.000003
vn 0.000000 1.000000 -0.000003
vn 0.000000 1.000000 -0.000003
vn 0.000000 1.000000 -0.000003
vn 0.000000 1.000000 0.000000
vn 0.000000 1.000000 0.000000
vn 0.000000 1.000000 0.000000
vn 0.000000 1.000000 0.000000
vn 0.000000 1.000000 0.000000
vn 0.000000 1.000000 0.000000
vn 0.000000 1.000000 0.000000
vn 0.000000 1.000000 0.000000
vn 0.000000 1.000000 0.000000
vn 0.000000 1.000000 0.000000
vn 0.000000 1.000000 0.000000
vn 0.000000 1.000000 0.000000
vn 0.000000 1.000000 0.000000
vn 0.000000 1.000000 0.000000
vn 0.000000 1.000000 0.000000
vn 0.000000 1.000000 0.000000
vn 0.891008 0.000000 -0.453988
vn 0.891008 0.000000 -0.453988
vn 0.891008 0.000000 -0.453988
vn 0.891008 0.000000 -0.453988
vn 0.707108 0.000000 -0.707106
vn 0.707108 0.000000 -0.707106
vn 0.707108 0.000000 -0.707106
vn 0.707108 0.000000 -0.707106
vn 0.453985 0.000000 -0.891009
vn 0.453985 0.000000 -0.891009
vn 0.453985 0.000000 -0.891009
vn 0.453985 0.000000 -0.891009
vn 0.156435 0.000000 -0.987688
vn 0.156435 0.000000 -0.987688
vn 0.156435 0.000000 -0.987688
vn 0.156435 0.000000 -0.987688
vn -0.156435 0.000000 -0.987688
vn -0.156435 0.000000 -0.987688
vn -0.156435 0.000000 -0.987688
vn -0.156435 0.000000 -0.987688
vn -0.453985 0.000000 -0.891009
vn -0.453985 0.000000 -0.891009
vn -0.453985 0.000000 -0.891009
vn -0.453985 0.000000 -0.891009
vn -0.707108 0.000000 -0.707106
vn -0.707108 0.000000 -0.707106
vn -0.707108 0.000000 -0.707106
vn -0.707108 0.000000 -0.707106
vn -0.891008 0.000000 -0.453988
vn -0.891008 0.000000 -0.453988
vn -0.891008 0.000000 -0.453988
vn -0.891008 0.000000 -0.453988
vn -0.987689 0.000000 -0.156434
vn -0.987689 0.000000 -0.156434
vn -0.987689 0.000000 -0.156434
vn -0.987689 0.000000 -0.156434
vn -0.987689 0.000000 0.156433
vn -0.987689 0.000000 0.156433
vn -0.987689 0.000000 0.156433
vn -0.987689 0.000000 0.156433
vn -0.891007 0.000000 0.453989
vn -0.891007 0.000000 0.453989
vn -0.891007 0.000000 0.453989
vn -0.891007 0.000000 0.453989
vn -0.707107 0.000000 0.707106
vn -0.707107 0.000000 0.707106
vn -0.707107 0.000000 0.707106
vn -0.707107 0.000000 0.707106
vn -0.453986 0.000000 0.891009
vn -0.453986 0.000000 0.891009
vn -0.453986 0.000000 0.891009
vn -0.453986 0.000000 0.891009
vn -0.156436 0.000000 0.987688
vn -0.156436 0.000000 0.987688
vn -0.156436 0.000000 0.987688
vn -0.156436 0.000000 0.987688
vn 0.156436 0.000000 0.987688
vn 0.156436 0.000000 0.987688
vn 0.156436 0.000000 0.987688
vn 0.156436 0.000000 0.987688
vn 0.453986 0.000000 0.891009
vn 0.453986 0.000000 0.891009
vn 0.453986 0.000000 0.891009
vn 0.453986 0.000000 0.891009
vn 0.707107 0.000000 0.707106
vn 0.707107 0.000000 0.707106
vn 0.707107 0.000000 0.707106
vn 0.707107 0.000000 0.707106
vn 0.891007 0.000000 0.453989
vn 0.891007 0.000000 0.453989
vn 0.891007 0.000000 0.453989
vn 0.891007 0.000000 0.453989
vn 0.987688 0.000000 0.156435
vn 0.987688 0.000000 0.156435
vn 0.987688 0.000000 0.156435
vn 0.987688 0.000000 0.156435
vn 0.987689 0.000000 -0.156432
vn 0.987689 0.000000 -0.156432
vn 0.987689 0.000000 -0.156432
vn 0.987689 0.000000 -0.156432
vn 0.000000 1.000000 0.000000
vn 0.000000 1.000000 0.000000
vn 0.000000 1.000000 0.000000
vn 0.000000 1.000000 0.000000
vn 0.000000 1.000000 0.000000
vn 0.000000 1.000000 0.000000
vn 0.000000 1.000000 0.000000
vn 0.000000 1.000000 0.000000
vn 0.000000 1.000000 0.000000
vn 0.000000 1.000000 0.000000
vn 0.000000 1.000000 0.000000
vn 0.000000 1.000000 0.000000
vn 0.000000 1.000000 0.000000
vn 0.000000 1.000000 0.000000
vn 0.000000 1.000000 0.000000
vn 0.000000 1.000000 0.000000
vn 0.000000 1.000000 0.000004
vn 0.000000 1.000000 0.000004
vn 0.000000 1.000000 0.000004
vn 0.000000 1.000000 0.000004
vn 0.000000 1.000000 -0.000003
vn 0.000000 1.000000 -0.000003
vn 0.000000 1.000000 -0.000003
vn 0.000000 1.000000 -0.000003
vn 0.000000 1.000000 0.000000
vn 0.000000 1.000000 0.000000
vn 0.000000 1.000000 0.000000
vn 0.000000 1.000000 0.000000
vn 0.000000 1.000000 0.000000
vn 0.000000 1.000000 0.000000
vn 0.000000 1.000000 0.000000
vn 0.000000 1.000000 0.000000
vn 0.000000 1.000000 0.000000
vn 0.000000 1.000000 0.000000
vn 0.000000 1.000000 0.000000
vn 0.000000 1.000000 0.000000
vn 0.000000 1.000000 0.000000
vn 0.000000 1.000000 0.000000
vn 0.000000 1.000000 0.000000
vn 0.000000 1.000000 0.000000
vn 0.000000 1.000000 -0.000012
vn 0.000000 1.000000 -0.000012
vn 0.000000 1.000000 -0.000012
vn 0.000000 1.000000 -0.000012
vn 0.000000 1.000000 0.000012
vn 0.000000 1.000000 0.000012
vn 0.000000 1.000000 0.000012
vn 0.000000 1.000000 0.000012
vn 0.000000 1.000000 0.000000
vn 0.000000 1.000000 0.000000
vn 0.000000 1.000000 0.000000
vn 0.000000 1.000000 0.000000
vn 0.000000 1.000000 -0.000003
vn 0.000000 1.000000 -0.000003
vn 0.000000 1.000000 -0.000003
vn 0.000000 1.000000 -0.000003
vn 0.000000 1.000000 0.000000
vn 0.000000 1.000000 0.000000
vn 0.000000 1.000000 0.000000
vn 0.000000 1.000000 0.000000
vn 0.000000 1.000000 0.000003
vn 0.000000 1.000000 0.000003
vn 0.000000 1.000000 0.000003
vn 0.000000 1.000000 0.000003
vn 0.000000 1.000000 0.000006
vn 0.000000 1.000000 0.000006
vn 0.000000 1.000000 0.000006
vn 0.000000 1.000000 0.000006
vn 0.000000 1.000000 0.000000
vn 0.000000 1.000000 0.000000
vn 0.000000 1.000000 0.000000
vn 0.000000 1.000000 0.000000
vn 0.000000 1.000000 -0.000012
vn 0.000000 1.000000 -0.000012
vn 0.000000 1.000000 -0.000012
vn 0.000000 1.000000 -0.000012
vn 0.000000 1.000000 0.000000
vn 0.000000 1.000000 0.000000
vn 0.000000 1.000000 0.000000
vn 0.000000 1.000000 0.000000
vn 0.891006 0.000000 -0.453992
vn 0.891006 0.000000 -0.453992
vn 0.891006 0.000000 -0.453992
vn 0.891006 0.000000 -0.453992
vn 0.707109 0.000000 -0.707105
vn 0.707109 0.000000 -0.707105
vn 0.707109 0.000000 -0.707105
vn 0.707109 0.000000 -0.707105
vn 0.453989 0.000000 -0.891007
vn 0.453989 0.000000 -0.891007
vn 0.453989 0.000000 -0.891007
vn 0.453989 0.000000 -0.891007
vn 0.156438 0.000000 -0.987688
vn 0.156438 0.000000 -0.987688
vn 0.156438 0.000000 -0.987688
vn 0.156438 0.000000 -0.987688
vn -0.156439 0.000000 -0.987688
vn -0.156439 0.000000 -0.987688
vn -0.156439 0.000000 -0.987688
vn -0.156439 0.000000 -0.987688
vn -0.453989 0.000000 -0.891007
vn -0.453989 0.000000 -0.891007
vn -0.453989 0.000000 -0.891007
vn -0.453989 0.000000 -0.891007
vn -0.707109 0.000000 -0.707105
vn -0.707109 0.000000 -0.707105
vn -0.707109 0.000000 -0.707105
vn -0.707109 0.000000 -0.707105
vn -0.891008 0.000000 -0.453989
vn -0.891008 0.000000 -0.453989
vn -0.891008 0.000000 -0.453989
vn -0.891008 0.000000 -0.453989
vn -0.987688 0.000000 -0.156439
vn -0.987688 0.000000 -0.156439
vn -0.987688 0.000000 -0.156439
vn -0.987688 0.000000 -0.156439
vn -0.987688 0.000000 0.156439
vn -0.987688 0.000000 0.156439
vn -0.987688 0.000000 0.156439
vn -0.987688 0.000000 0.156439
vn -0.891007 0.000000 0.453989
vn -0.891007 0.000000 0.453989
vn -0.891007 0.000000 0.453989
vn -0.891007 0.000000 0.453989
vn -0.707108 0.000000 0.707105
vn -0.707108 0.000000 0.707105
vn -0.707108 0.000000 0.707105
vn -0.707108 0.000000 0.707105
vn -0.453990 0.000000 0.891007
vn -0.453990 0.000000 0.891007
vn -0.453990 0.000000 0.891007
vn -0.453990 0.000000 0.891007
vn -0.156438 0.000000 0.987688
vn -0.156438 0.000000 0.987688
vn -0.156438 0.000000 0.987688
vn -0.156438 0.000000 0.987688
vn 0.156438 0.000000 0.987688
vn 0.156438 0.000000 0.987688
vn 0.156438 0.000000 0.987688
vn 0.156438 0.000000 0.987688
vn 0.453990 0.000000 0.891007
vn 0.453990 0.000000 0.891007
vn 0.453990 0.000000 0.891007
vn 0.453990 0.000000 0.891007
vn 0.707108 0.000000 0.707105
vn 0.707108 0.000000 0.707105
vn 0.707108 0.000000 0.707105
vn 0.707108 0.000000 0.707105
vn 0.891007 0.000000 0.453989
vn 0.891007 0.000000 0.453989
vn 0.891007 0.000000 0.453989
vn 0.891007 0.000000 0.453989
vn 0.987688 0.000000 0.156439
vn 0.987688 0.000000 0.156439
vn 0.987688 0.000000 0.156439
vn 0.987688 0.000000 0.156439
vn 0.987688 0.000000 -0.156435
vn 0.987688 0.000000 -0.156435
vn 0.987688 0.000000 -0.156435
vn 0.987688 0.000000 -0.156435
vn 0.000000 1.000000 0.000000
vn 0.000000 1.000000 0.000000
vn 0.000000 1.000000 0.000000
vn 0.000000 1.000000 0.000000
vn 0.000000 1.000000 0.000000
vn 0.000000 1.000000 0.000000
vn 0.000000 1.000000 0.000000
vn 0.000000 1.000000 0.000000
vn 0.000000 1.000000 0.000000
vn 0.000000 1.000000 0.000000
vn 0.000000 1.000000 0.000000
vn 0.000000 1.000000 0.000000
vn 0.000000 1.000000 0.000007
vn 0.000000 1.000000 0.000007
vn 0.000000 1.000000 0.000007
vn 0.000000 1.000000 0.000007
vn 0.000000 1.000000 -0.000000
vn 0.000000 1.000000 -0.000000
vn 0.000000 1.000000 -0.000000
vn 0.000000 1.000000 -0.000000
vn 0.000000 1.000000 -0.000015
vn 0.000000 1.000000 -0.000015
vn 0.000000 1.000000 -0.000015
vn 0.000000 1.000000 -0.000015
vn 0.000000 1.000000 0.000000
vn 0.000000 1.000000 0.000000
vn 0.000000 1.000000 0.000000
vn 0.000000 1.000000 0.000000
vn 0.000000 1.000000 0.000015
vn 0.000000 1.000000 0.000015
vn 0.000000 1.000000 0.000015
vn 0.000000 1.000000 0.000015
vn 0.000000 1.000000 0.000000
vn 0.000000 1.000000 0.000000
vn 0.000000 1.000000 0.000000
vn 0.000000 1.000000 0.000000
vn 0.000000 1.000000 0.000000
vn 0.000000 1.000000 0.000000
vn 0.000000 1.000000 0.000000
vn 0.000000 1.000000 0.000000
vn 0.000000 1.000000 0.000000
vn 0.000000 1.000000 0.000000
vn 0.000000 1.000000 0.000000
vn 0.000000 1.000000 0.000000
vn 0.000000 1.000000 0.000015
vn 0.000000 1.000000 0.000015
vn 0.000000 1.000000 0.000015
vn 0.000000 1.000000 0.000015
vn 0.000000 1.000000 0.000015
vn 0.000000 1.000000 0.000015
vn 0.000000 1.000000 0.000015
vn 0.000000 1.000000 0.000015
vn 0.000000 1.000000 0.000000
vn 0.000000 1.000000 0.000000
vn 0.000000 1.000000 0.000000
vn 0.000000 1.000000 0.000000
vn 0.000000 1.000000 0.000009
vn 0.000000 1.000000 0.000009
vn 0.000000 1.000000 0.000009
vn 0.000000 1.000000 0.000009
vn 0.000000 1.000000 0.000000
vn 0.000000 1.000000 0.000000
vn 0.000000 1.000000 0.000000
vn 0.000000 1.000000 0.000000
vn 0.000000 1.000000 0.000000
vn 0.000000 1.000000 0.000000
vn 0.000000 1.000000 0.000000
vn 0.000000 1.000000 0.000000
vn 0.000000 1.000000 0.000000
vn 0.000000 1.000000 0.000000
vn 0.000000 1.000000 0.000000
vn 0.000000 1.000000 0.000000
vn 0.000000 1.000000 0.000030
vn 0.000000 1.000000 0.000030
vn 0.000000 1.000000 0.000030
vn 0.000000 1.000000 0.000030
vn 0.000000 1.000000 -0.000030
vn 0.000000 1.000000 -0.000030
vn 0.000000 1.000000 -0.000030
vn 0.000000 1.000000 -0.000030
vn 0.889935 0.048990 -0.453448
vn 0.889935 0.048990 -0.453448
vn 0.889935 0.048990 -0.453448
vn 0.889935 0.048990 -0.453448
vn 0.706258 0.048990 -0.706257
vn 0.706258 0.048990 -0.706257
vn 0.706258 0.048990 -0.706257
vn 0.706258 0.048990 -0.706257
vn 0.453444 0.048990 -0.889937
vn 0.453444 0.048990 -0.889937
vn 0.453444 0.048990 -0.889937
vn 0.453444 0.048990 -0.889937
vn 0.156250 0.048990 -0.986502
vn 0.156250 0.048990 -0.986502
vn 0.156250 0.048990 -0.986502
vn 0.156250 0.048990 -0.986502
vn -0.156250 0.048990 -0.986502
vn -0.156250 0.048990 -0.986502
vn -0.156250 0.048990 -0.986502
vn -0.156250 0.048990 -0.986502
vn -0.453443 0.048990 -0.889938
vn -0.453443 0.048990 -0.889938
vn -0.453443 0.048990 -0.889938
vn -0.453443 0.048990 -0.889938
vn -0.706257 0.048990 -0.706258
vn -0.706257 0.048990 -0.706258
vn -0.706257 0.048990 -0.706258
vn -0.706257 0.048990 -0.706258
vn -0.889939 0.048990 -0.453442
vn -0.889939 0.048990 -0.453442
vn -0.889939 0.048990 -0.453442
vn -0.889939 0.048990 -0.453442
vn -0.986502 0.048990 -0.156250
vn -0.986502 0.048990 -0.156251
vn -0.986502 0.048990 -0.156251
vn -0.986502 0.048990 -0.156251
vn -0.986502 0.048990 0.156250
vn -0.986502 0.048990 0.156250
vn -0.986502 0.048990 0.156250
vn -0.986502 0.048990 0.156250
vn -0.889938 0.048990 0.453442
vn -0.889938 0.048990 0.453442
vn -0.889938 0.048990 0.453442
vn -0.889938 0.048990 0.453442
vn -0.706258 0.048990 0.706258
vn -0.706258 0.048990 0.706258
vn -0.706258 0.048990 0.706258
vn -0.706258 0.048990 0.706258
vn -0.453443 0.048990 0.889938
vn -0.453443 0.048990 0.889938
vn -0.453443 0.048990 0.889938
vn -0.453444 0.048990 0.889938
vn -0.156250 0.048990 0.986502
vn -0.156250 0.048990 0.986502
vn -0.156250 0.048990 0.986502
vn -0.156250 0.048990 0.986502
vn 0.156250 0.048990 0.986502
vn 0.156250 0.048990 0.986502
vn 0.156250 0.048990 0.986502
vn 0.156250 0.048990 0.986502
vn 0.453444 0.048990 0.889937
vn 0.453444 0.048990 0.889937
vn 0.453444 0.048990 0.889937
vn 0.453444 0.048990 0.889937
vn 0.706258 0.048990 0.706257
vn 0.706258 0.048990 0.706257
vn 0.706258 0.048990 0.706257
vn 0.706259 0.048990 0.706257
vn 0.889937 0.048990 0.453444
vn 0.889937 0.048990 0.453444
vn 0.889937 0.048990 0.453444
vn 0.889937 0.048990 0.453444
vn 0.986503 0.048990 0.156245
vn 0.986503 0.048990 0.156245
vn 0.986503 0.048990 0.156245
vn 0.986503 0.048990 0.156245
vn 0.986503 0.048990 -0.156243
vn 0.986503 0.048990 -0.156243
vn 0.986503 0.048990 -0.156243
vn 0.986503 0.048990 -0.156243
s 1
g pCube35 polySurface103
usemtl initialShadingGroup
f 1131/2499/2503 1132/2500/2504 1152/2501/2505 1151/2502/2506
f 1132/2500/2504 1133/2503/2507 1153/2504/2508 1152/2501/2505
f 1133/2503/2507 1134/2505/2509 1154/2506/2510 1153/2504/2508
f 1134/2505/2509 1135/2507/2511 1155/2508/2512 1154/2506/2510
f 1135/2507/2511 1136/2509/2513 1156/2510/2514 1155/2508/2512
f 1136/2509/2513 1137/2511/2515 1157/2512/2516 1156/2510/2514
f 1137/2511/2515 1138/2513/2517 1158/2514/2518 1157/2512/2516
f 1138/2513/2517 1139/2515/2519 1159/2516/2520 1158/2514/2518
f 1139/2515/2519 1140/2517/2521 1160/2518/2522 1159/2516/2520
f 1140/2517/2521 1141/2519/2523 1161/2520/2524 1160/2518/2522
f 1141/2519/2523 1142/2521/2525 1162/2522/2526 1161/2520/2524
f 1142/2521/2525 1143/2523/2527 1163/2524/2528 1162/2522/2526
f 1143/2523/2527 1144/2525/2529 1164/2526/2530 1163/2524/2528
f 1144/2525/2529 1145/2527/2531 1165/2528/2532 1164/2526/2530
f 1145/2527/2531 1146/2529/2533 1166/2530/2534 1165/2528/2532
f 1146/2529/2533 1147/2531/2535 1167/2532/2536 1166/2530/2534
f 1147/2531/2535 1148/2533/2537 1168/2534/2538 1167/2532/2536
f 1148/2533/2537 1149/2535/2539 1169/2536/2540 1168/2534/2538
f 1149/2535/2539 1150/2537/2541 1170/2538/2542 1169/2536/2540
f 1150/2537/2541 1131/2499/2503 1151/2502/2506 1170/2538/2542
s 2
f 1132/2539/2543 1131/2540/2544 1171/2541/2545
f 1133/2542/2546 1132/2539/2543 1171/2541/2545
f 1134/2543/2547 1133/2542/2546 1171/2541/2545
f 1135/2544/2548 1134/2543/2547 1171/2541/2545
f 1136/2545/2549 1135/2544/2548 1171/2541/2545
f 1137/2546/2550 1136/2545/2549 1171/2541/2545
f 1138/2547/2551 1137/2546/2550 1171/2541/2545
f 1139/2548/2552 1138/2547/2551 1171/2541/2545
f 1140/2549/2553 1139/2548/2552 1171/2541/2545
f 1141/2550/2554 1140/2549/2553 1171/2541/2545
f 1142/2551/2555 1141/2550/2554 1171/2541/2545
f 1143/2552/2556 1142/2551/2555 1171/2541/2545
f 1144/2553/2557 1143/2552/2556 1171/2541/2545
f 1145/2554/2558 1144/2553/2557 1171/2541/2545
f 1146/2555/2559 1145/2554/2558 1171/2541/2545
f 1147/2556/2560 1146/2555/2559 1171/2541/2545
f 1148/2557/2561 1147/2556/2560 1171/2541/2545
f 1149/2558/2562 1148/2557/2561 1171/2541/2545
f 1150/2559/2563 1149/2558/2562 1171/2541/2545
f 1131/2540/2544 1150/2559/2563 1171/2541/2545
s 3
f 1272/2560/2564 1273/2561/2565 1274/2562/2566
f 1273/2561/2565 1275/2563/2567 1274/2562/2566
f 1275/2563/2567 1276/2564/2568 1274/2562/2566
f 1276/2564/2568 1277/2565/2569 1274/2562/2566
f 1277/2565/2569 1278/2566/2570 1274/2562/2566
f 1278/2566/2570 1279/2567/2571 1274/2562/2566
f 1279/2567/2571 1280/2568/2572 1274/2562/2566
f 1280/2568/2572 1281/2569/2573 1274/2562/2566
f 1281/2569/2573 1282/2570/2574 1274/2562/2566
f 1282/2570/2574 1283/2571/2575 1274/2562/2566
f 1283/2571/2575 1284/2572/2576 1274/2562/2566
f 1284/2572/2576 1285/2573/2577 1274/2562/2566
f 1285/2573/2577 1286/2574/2578 1274/2562/2566
f 1286/2574/2578 1287/2575/2579 1274/2562/2566
f 1287/2575/2579 1288/2576/2580 1274/2562/2566
f 1288/2576/2580 1289/2577/2581 1274/2562/2566
f 1289/2577/2581 1290/2578/2582 1274/2562/2566
f 1290/2578/2582 1291/2579/2583 1274/2562/2566
f 1291/2579/2583 1292/2580/2584 1274/2562/2566
f 1292/2580/2584 1272/2560/2564 1274/2562/2566
s off
f 1151/2502/2585 1152/2501/2586 1173/2581/2587 1172/2582/2588
f 1152/2501/2589 1153/2504/2590 1174/2583/2591 1173/2581/2592
f 1153/2504/2593 1154/2506/2594 1175/2584/2595 1174/2583/2596
f 1154/2506/2597 1155/2508/2598 1176/2585/2599 1175/2584/2600
f 1155/2508/2601 1156/2510/2602 1177/2586/2603 1176/2585/2604
f 1156/2510/2605 1157/2512/2606 1178/2587/2607 1177/2586/2608
f 1157/2512/2609 1158/2514/2610 1179/2588/2611 1178/2587/2612
f 1158/2514/2613 1159/2516/2614 1180/2589/2615 1179/2588/2616
f 1159/2516/2617 1160/2518/2618 1181/2590/2619 1180/2589/2620
f 1160/2518/2621 1161/2520/2622 1182/2591/2623 1181/2590/2624
f 1161/2520/2625 1162/2522/2626 1183/2592/2627 1182/2591/2628
f 1162/2522/2629 1163/2524/2630 1184/2593/2631 1183/2592/2632
f 1163/2524/2633 1164/2526/2634 1185/2594/2635 1184/2593/2636
f 1164/2526/2637 1165/2528/2638 1186/2595/2639 1185/2594/2640
f 1165/2528/2641 1166/2530/2642 1187/2596/2643 1186/2595/2644
f 1166/2530/2645 1167/2532/2646 1188/2597/2647 1187/2596/2648
f 1167/2532/2649 1168/2534/2650 1189/2598/2651 1188/2597/2652
f 1168/2534/2653 1169/2536/2654 1190/2599/2655 1189/2598/2656
f 1169/2536/2657 1170/2538/2658 1191/2600/2659 1190/2599/2660
f 1170/2538/2661 1151/2502/2662 1172/2582/2663 1191/2600/2664
f 1172/2601/2665 1173/2602/2666 1193/2603/2667 1192/2604/2668
f 1173/2602/2669 1174/2605/2670 1194/2606/2671 1193/2603/2672
f 1174/2607/2673 1175/2608/2674 1195/2609/2675 1194/2610/2676
f 1175/2608/2677 1176/2611/2678 1196/2612/2679 1195/2609/2680
f 1176/2611/2681 1177/2613/2682 1197/2614/2683 1196/2612/2684
f 1177/2613/2685 1178/2615/2686 1198/2616/2687 1197/2614/2688
f 1178/2617/2689 1179/2618/2690 1199/2619/2691 1198/2620/2692
f 1179/2618/2693 1180/2621/2694 1200/2622/2695 1199/2619/2696
f 1180/2621/2697 1181/2623/2698 1201/2624/2699 1200/2622/2700
f 1181/2623/2701 1182/2625/2702 1202/2626/2703 1201/2624/2704
f 1182/2625/2705 1183/2627/2706 1203/2628/2707 1202/2626/2708
f 1183/2627/2709 1184/2629/2710 1204/2630/2711 1203/2628/2712
f 1184/2631/2713 1185/2632/2714 1205/2633/2715 1204/2634/2716
f 1185/2632/2717 1186/2635/2718 1206/2636/2719 1205/2633/2720
f 1186/2635/2721 1187/2637/2722 1207/2638/2723 1206/2636/2724
f 1187/2637/2725 1188/2639/2726 1208/2640/2727 1207/2638/2728
f 1188/2641/2729 1189/2642/2730 1209/2643/2731 1208/2644/2732
f 1189/2642/2733 1190/2645/2734 1210/2646/2735 1209/2643/2736
f 1190/2645/2737 1191/2647/2738 1211/2648/2739 1210/2646/2740
f 1191/2647/2741 1172/2601/2742 1192/2604/2743 1211/2648/2744
f 1192/2649/2745 1193/2650/2746 1213/2651/2747 1212/2652/2748
f 1193/2650/2749 1194/2653/2750 1214/2654/2751 1213/2651/2752
f 1194/2653/2753 1195/2655/2754 1215/2656/2755 1214/2654/2756
f 1195/2655/2757 1196/2657/2758 1216/2658/2759 1215/2656/2760
f 1196/2657/2761 1197/2659/2762 1217/2660/2763 1216/2658/2764
f 1197/2659/2765 1198/2661/2766 1218/2662/2767 1217/2660/2768
f 1198/2661/2769 1199/2663/2770 1219/2664/2771 1218/2662/2772
f 1199/2663/2773 1200/2665/2774 1220/2666/2775 1219/2664/2776
f 1200/2665/2777 1201/2667/2778 1221/2668/2779 1220/2666/2780
f 1201/2667/2781 1202/2669/2782 1222/2670/2783 1221/2668/2784
f 1202/2669/2785 1203/2671/2786 1223/2672/2787 1222/2670/2788
f 1203/2671/2789 1204/2673/2790 1224/2674/2791 1223/2672/2792
f 1204/2673/2793 1205/2675/2794 1225/2676/2795 1224/2674/2796
f 1205/2675/2797 1206/2677/2798 1226/2678/2799 1225/2676/2800
f 1206/2677/2801 1207/2679/2802 1227/2680/2803 1226/2678/2804
f 1207/2679/2805 1208/2681/2806 1228/2682/2807 1227/2680/2808
f 1208/2681/2809 1209/2683/2810 1229/2684/2811 1228/2682/2812
f 1209/2683/2813 1210/2685/2814 1230/2686/2815 1229/2684/2816
f 1210/2685/2817 1211/2687/2818 1231/2688/2819 1230/2686/2820
f 1211/2687/2821 1192/2649/2822 1212/2652/2823 1231/2688/2824
f 1212/2689/2825 1213/2690/2826 1233/2691/2827 1232/2692/2828
f 1213/2690/2829 1214/2693/2830 1234/2694/2831 1233/2691/2832
f 1214/2695/2833 1215/2696/2834 1235/2697/2835 1234/2698/2836
f 1215/2696/2837 1216/2699/2838 1236/2700/2839 1235/2697/2840
f 1216/2699/2841 1217/2701/2842 1237/2702/2843 1236/2700/2844
f 1217/2701/2845 1218/2703/2846 1238/2704/2847 1237/2702/2848
f 1218/2705/2849 1219/2706/2850 1239/2707/2851 1238/2708/2852
f 1219/2706/2853 1220/2709/2854 1240/2710/2855 1239/2707/2856
f 1220/2709/2857 1221/2711/2858 1241/2712/2859 1240/2710/2860
f 1221/2711/2861 1222/2713/2862 1242/2714/2863 1241/2712/2864
f 1222/2713/2865 1223/2715/2866 1243/2716/2867 1242/2714/2868
f 1223/2715/2869 1224/2717/2870 1244/2718/2871 1243/2716/2872
f 1224/2719/2873 1225/2720/2874 1245/2721/2875 1244/2722/2876
f 1225/2720/2877 1226/2723/2878 1246/2724/2879 1245/2721/2880
f 1226/2723/2881 1227/2725/2882 1247/2726/2883 1246/2724/2884
f 1227/2725/2885 1228/2727/2886 1248/2728/2887 1247/2726/2888
f 1228/2729/2889 1229/2730/2890 1249/2731/2891 1248/2732/2892
f 1229/2730/2893 1230/2733/2894 1250/2734/2895 1249/2731/2896
f 1230/2733/2897 1231/2735/2898 1251/2736/2899 1250/2734/2900
f 1231/2735/2901 1212/2689/2902 1232/2692/2903 1251/2736/2904
f 1232/2737/2905 1233/2738/2906 1253/2739/2907 1252/2740/2908
f 1233/2738/2909 1234/2741/2910 1254/2742/2911 1253/2739/2912
f 1234/2741/2913 1235/2743/2914 1255/2744/2915 1254/2742/2916
f 1235/2743/2917 1236/2745/2918 1256/2746/2919 1255/2744/2920
f 1236/2745/2921 1237/2747/2922 1257/2748/2923 1256/2746/2924
f 1237/2747/2925 1238/2749/2926 1258/2750/2927 1257/2748/2928
f 1238/2749/2929 1239/2751/2930 1259/2752/2931 1258/2750/2932
f 1239/2751/2933 1240/2753/2934 1260/2754/2935 1259/2752/2936
f 1240/2753/2937 1241/2755/2938 1261/2756/2939 1260/2754/2940
f 1241/2755/2941 1242/2757/2942 1262/2758/2943 1261/2756/2944
f 1242/2757/2945 1243/2759/2946 1263/2760/2947 1262/2758/2948
f 1243/2759/2949 1244/2761/2950 1264/2762/2951 1263/2760/2952
f 1244/2761/2953 1245/2763/2954 1265/2764/2955 1264/2762/2956
f 1245/2763/2957 1246/2765/2958 1266/2766/2959 1265/2764/2960
f 1246/2765/2961 1247/2767/2962 1267/2768/2963 1266/2766/2964
f 1247/2767/2965 1248/2769/2966 1268/2770/2967 1267/2768/2968
f 1248/2769/2969 1249/2771/2970 1269/2772/2971 1268/2770/2972
f 1249/2771/2973 1250/2773/2974 1270/2774/2975 1269/2772/2976
f 1250/2773/2977 1251/2775/2978 1271/2776/2979 1270/2774/2980
f 1251/2775/2981 1232/2737/2982 1252/2740/2983 1271/2776/2984
f 1252/2777/2985 1253/2778/2986 1273/2779/2987 1272/2780/2988
f 1253/2778/2989 1254/2781/2990 1275/2782/2991 1273/2779/2992
f 1254/2783/2993 1255/2784/2994 1276/2785/2995 1275/2786/2996
f 1255/2784/2997 1256/2787/2998 1277/2788/2999 1276/2785/3000
f 1256/2787/3001 1257/2789/3002 1278/2790/3003 1277/2788/3004
f 1257/2789/3005 1258/2791/3006 1279/2792/3007 1278/2790/3008
f 1258/2793/3009 1259/2794/3010 1280/2795/3011 1279/2796/3012
f 1259/2794/3013 1260/2797/3014 1281/2798/3015 1280/2795/3016
f 1260/2797/3017 1261/2799/3018 1282/2800/3019 1281/2798/3020
f 1261/2799/3021 1262/2801/3022 1283/2802/3023 1282/2800/3024
f 1262/2801/3025 1263/2803/3026 1284/2804/3027 1283/2802/3028
f 1263/2803/3029 1264/2805/3030 1285/2806/3031 1284/2804/3032
f 1264/2807/3033 1265/2808/3034 1286/2809/3035 1285/2810/3036
f 1265/2808/3037 1266/2811/3038 1287/2812/3039 1286/2809/3040
f 1266/2811/3041 1267/2813/3042 1288/2814/3043 1287/2812/3044
f 1267/2813/3045 1268/2815/3046 1289/2816/3047 1288/2814/3048
f 1268/2817/3049 1269/2818/3050 1290/2819/3051 1289/2820/3052
f 1269/2818/3053 1270/2821/3054 1291/2822/3055 1290/2819/3056
f 1270/2821/3057 1271/2823/3058 1292/2824/3059 1291/2822/3060
f 1271/2823/3061 1252/2777/3062 1272/2780/3063 1292/2824/3064
g default
v 2.282809 -145.084274 -0.741730
v 1.941874 -145.084274 -1.410854
v 1.410854 -145.084274 -1.941874
v 0.741730 -145.084274 -2.282809
v 0.000000 -145.084274 -2.400288
v -0.741730 -145.084274 -2.282809
v -1.410854 -145.084274 -1.941873
v -1.941873 -145.084274 -1.410853
v -2.282809 -145.084274 -0.741729
v -2.400287 -145.084274 0.000000
v -2.282809 -145.084274 0.741729
v -1.941873 -145.084274 1.410853
v -1.410853 -145.084274 1.941873
v -0.741729 -145.084274 2.282808
v -0.000000 -145.084274 2.400287
v 0.741729 -145.084274 2.282808
v 1.410853 -145.084274 1.941873
v 1.941873 -145.084274 1.410853
v 2.282808 -145.084274 0.741729
v 2.400286 -145.084274 0.000000
v 2.282809 -21.783226 -0.741730
v 1.941874 -21.783226 -1.410854
v 1.410854 -21.783226 -1.941874
v 0.741730 -21.783226 -2.282809
v 0.000000 -21.783226 -2.400288
v -0.741730 -21.783226 -2.282809
v -1.410854 -21.783226 -1.941873
v -1.941873 -21.783226 -1.410853
v -2.282809 -21.783226 -0.741729
v -2.400287 -21.783226 0.000000
v -2.282809 -21.783226 0.741729
v -1.941873 -21.783226 1.410853
v -1.410853 -21.783226 1.941873
v -0.741729 -21.783226 2.282808
v -0.000000 -21.783226 2.400287
v 0.741729 -21.783226 2.282808
v 1.410853 -21.783226 1.941873
v 1.941873 -21.783226 1.410853
v 2.282808 -21.783226 0.741729
v 2.400286 -21.783226 0.000000
v 0.000000 -145.084274 0.000000
v 0.000000 -21.783226 0.000000
vt 0.006486 0.001992
vt 0.007615 0.001992
vt 0.007615 0.210013
vt 0.006486 0.210013
vt 0.008511 0.001992
vt 0.008511 0.210013
vt 0.020327 0.210013
vt 0.019198 0.210013
vt 0.019198 0.001992
vt 0.020327 0.001992
vt 0.017946 0.210013
vt 0.017946 0.001992
vt 0.016695 0.210013
vt 0.016695 0.001992
vt 0.015566 0.210013
vt 0.015566 0.001992
vt 0.027065 0.001992
vt 0.027961 0.001992
vt 0.027961 0.210013
vt 0.027065 0.210013
vt 0.029090 0.001992
vt 0.029090 0.210013
vt 0.030341 0.001992
vt 0.030341 0.210013
vt 0.031593 0.001992
vt 0.031593 0.210013
vt 0.032722 0.001992
vt 0.032722 0.210013
vt 0.033617 0.001992
vt 0.033617 0.210013
vt 0.040481 0.001992
vt 0.041610 0.001992
vt 0.041610 0.210013
vt 0.040481 0.210013
vt 0.042861 0.001992
vt 0.042861 0.210013
vt 0.044112 0.001992
vt 0.044112 0.210013
vt 0.045241 0.001992
vt 0.045241 0.210013
vt 0.001959 0.001992
vt 0.002855 0.001992
vt 0.002855 0.210013
vt 0.001959 0.210013
vt 0.003984 0.001992
vt 0.003984 0.210013
vt 0.005235 0.001992
vt 0.005235 0.210013
vt 0.783747 0.971342
vt 0.784323 0.972471
vt 0.780471 0.973723
vt 0.782852 0.970446
vt 0.781723 0.969871
vt 0.780471 0.969673
vt 0.779220 0.969871
vt 0.778091 0.970446
vt 0.777195 0.971342
vt 0.776620 0.972471
vt 0.776422 0.973723
vt 0.776620 0.974974
vt 0.777195 0.976103
vt 0.778091 0.976999
vt 0.779220 0.977574
vt 0.780471 0.977772
vt 0.781723 0.977574
vt 0.782852 0.976999
vt 0.783747 0.976103
vt 0.784323 0.974974
vt 0.784521 0.973723
vt 0.799655 0.974974
vt 0.799080 0.976103
vt 0.795803 0.973723
vt 0.798184 0.976999
vt 0.797055 0.977574
vt 0.795803 0.977772
vt 0.794552 0.977574
vt 0.793423 0.976999
vt 0.792527 0.976103
vt 0.791952 0.974974
vt 0.791754 0.973723
vt 0.791952 0.972471
vt 0.792527 0.971342
vt 0.793423 0.970447
vt 0.794552 0.969871
vt 0.795803 0.969673
vt 0.797055 0.969871
vt 0.798184 0.970447
vt 0.799080 0.971342
vt 0.799655 0.972471
vt 0.799853 0.973723
vn 0.951057 0.000000 -0.309016
vn 0.809017 0.000000 -0.587785
vn 0.809017 0.000000 -0.587785
vn 0.951057 0.000000 -0.309016
vn 0.587785 0.000000 -0.809017
vn 0.587785 0.000000 -0.809017
vn 0.309017 0.000000 -0.951057
vn 0.309017 0.000000 -0.951057
vn -0.000000 0.000000 -1.000000
vn -0.000000 0.000000 -1.000000
vn -0.309017 0.000000 -0.951056
vn -0.309017 0.000000 -0.951056
vn -0.587785 0.000000 -0.809017
vn -0.587785 0.000000 -0.809017
vn -0.809017 0.000000 -0.587785
vn -0.809017 0.000000 -0.587785
vn -0.951057 0.000000 -0.309017
vn -0.951057 0.000000 -0.309017
vn -1.000000 0.000000 0.000000
vn -1.000000 0.000000 0.000000
vn -0.951057 0.000000 0.309017
vn -0.951057 0.000000 0.309017
vn -0.809017 0.000000 0.587785
vn -0.809017 0.000000 0.587785
vn -0.587785 0.000000 0.809017
vn -0.587785 0.000000 0.809017
vn -0.309017 0.000000 0.951057
vn -0.309017 0.000000 0.951057
vn 0.000000 0.000000 1.000000
vn 0.000000 0.000000 1.000000
vn 0.309017 0.000000 0.951057
vn 0.309017 0.000000 0.951057
vn 0.587785 0.000000 0.809017
vn 0.587785 0.000000 0.809017
vn 0.809017 0.000000 0.587785
vn 0.809017 0.000000 0.587785
vn 0.951057 0.000000 0.309017
vn 0.951057 0.000000 0.309017
vn 1.000000 0.000000 0.000001
vn 1.000000 0.000000 0.000001
vn 0.000000 -1.000000 -0.000009
vn 0.000000 -1.000000 0.000017
vn 0.000000 -1.000000 0.000002
vn 0.000000 -1.000000 -0.000004
vn 0.000000 -1.000000 0.000004
vn 0.000000 -1.000000 0.000000
vn 0.000000 -1.000000 0.000000
vn 0.000000 -1.000000 -0.000017
vn 0.000000 -1.000000 -0.000000
vn 0.000000 -1.000000 0.000000
vn 0.000000 -1.000000 0.000000
vn 0.000000 -1.000000 0.000017
vn 0.000000 -1.000000 0.000000
vn 0.000000 -1.000000 0.000004
vn 0.000000 -1.000000 0.000003
vn 0.000000 -1.000000 -0.000002
vn 0.000000 -1.000000 0.000000
vn 0.000000 -1.000000 0.000000
vn 0.000000 -1.000000 0.000000
vn 0.000000 -1.000000 0.000000
vn 0.000000 -1.000000 0.000017
vn 0.000000 1.000000 0.000002
vn 0.000000 1.000000 0.000000
vn 0.000000 1.000000 0.000000
vn 0.000000 1.000000 -0.000002
vn 0.000000 1.000000 0.000000
vn 0.000000 1.000000 0.000000
vn 0.000000 1.000000 0.000000
vn 0.000000 1.000000 0.000000
vn 0.000000 1.000000 0.000002
vn 0.000000 1.000000 0.000002
vn 0.000000 1.000000 0.000000
vn 0.000000 1.000000 0.000000
vn 0.000000 1.000000 -0.000002
vn 0.000000 1.000000 -0.000001
vn 0.000000 1.000000 0.000001
vn 0.000000 1.000000 0.000000
vn 0.000000 1.000000 0.000000
vn 0.000000 1.000000 -0.000001
vn 0.000000 1.000000 -0.000001
vn 0.000000 1.000000 0.000002
vn 0.000000 1.000000 0.000002
s 1
g pCube35 polySurface104
usemtl initialShadingGroup
f 1293/2825/3065 1294/2826/3066 1314/2827/3067 1313/2828/3068
f 1294/2826/3066 1295/2829/3069 1315/2830/3070 1314/2827/3067
f 1295/2831/3069 1296/2832/3071 1316/2833/3072 1315/2834/3070
f 1296/2832/3071 1297/2835/3073 1317/2836/3074 1316/2833/3072
f 1297/2835/3073 1298/2837/3075 1318/2838/3076 1317/2836/3074
f 1298/2837/3075 1299/2839/3077 1319/2840/3078 1318/2838/3076
f 1299/2841/3077 1300/2842/3079 1320/2843/3080 1319/2844/3078
f 1300/2842/3079 1301/2845/3081 1321/2846/3082 1320/2843/3080
f 1301/2845/3081 1302/2847/3083 1322/2848/3084 1321/2846/3082
f 1302/2847/3083 1303/2849/3085 1323/2850/3086 1322/2848/3084
f 1303/2849/3085 1304/2851/3087 1324/2852/3088 1323/2850/3086
f 1304/2851/3087 1305/2853/3089 1325/2854/3090 1324/2852/3088
f 1305/2855/3089 1306/2856/3091 1326/2857/3092 1325/2858/3090
f 1306/2856/3091 1307/2859/3093 1327/2860/3094 1326/2857/3092
f 1307/2859/3093 1308/2861/3095 1328/2862/3096 1327/2860/3094
f 1308/2861/3095 1309/2863/3097 1329/2864/3098 1328/2862/3096
f 1309/2865/3097 1310/2866/3099 1330/2867/3100 1329/2868/3098
f 1310/2866/3099 1311/2869/3101 1331/2870/3102 1330/2867/3100
f 1311/2869/3101 1312/2871/3103 1332/2872/3104 1331/2870/3102
f 1312/2871/3103 1293/2825/3065 1313/2828/3068 1332/2872/3104
s 2
f 1294/2873/3105 1293/2874/3106 1333/2875/3107
f 1295/2876/3108 1294/2873/3105 1333/2875/3107
f 1296/2877/3109 1295/2876/3108 1333/2875/3107
f 1297/2878/3110 1296/2877/3109 1333/2875/3107
f 1298/2879/3111 1297/2878/3110 1333/2875/3107
f 1299/2880/3112 1298/2879/3111 1333/2875/3107
f 1300/2881/3113 1299/2880/3112 1333/2875/3107
f 1301/2882/3114 1300/2881/3113 1333/2875/3107
f 1302/2883/3115 1301/2882/3114 1333/2875/3107
f 1303/2884/3116 1302/2883/3115 1333/2875/3107
f 1304/2885/3117 1303/2884/3116 1333/2875/3107
f 1305/2886/3118 1304/2885/3117 1333/2875/3107
f 1306/2887/3119 1305/2886/3118 1333/2875/3107
f 1307/2888/3120 1306/2887/3119 1333/2875/3107
f 1308/2889/3121 1307/2888/3120 1333/2875/3107
f 1309/2890/3122 1308/2889/3121 1333/2875/3107
f 1310/2891/3123 1309/2890/3122 1333/2875/3107
f 1311/2892/3124 1310/2891/3123 1333/2875/3107
f 1312/2893/3125 1311/2892/3124 1333/2875/3107
f 1293/2874/3106 1312/2893/3125 1333/2875/3107
s 3
f 1313/2894/3126 1314/2895/3127 1334/2896/3128
f 1314/2895/3127 1315/2897/3129 1334/2896/3128
f 1315/2897/3129 1316/2898/3130 1334/2896/3128
f 1316/2898/3130 1317/2899/3131 1334/2896/3128
f 1317/2899/3131 1318/2900/3132 1334/2896/3128
f 1318/2900/3132 1319/2901/3133 1334/2896/3128
f 1319/2901/3133 1320/2902/3134 1334/2896/3128
f 1320/2902/3134 1321/2903/3135 1334/2896/3128
f 1321/2903/3135 1322/2904/3136 1334/2896/3128
f 1322/2904/3136 1323/2905/3137 1334/2896/3128
f 1323/2905/3137 1324/2906/3138 1334/2896/3128
f 1324/2906/3138 1325/2907/3139 1334/2896/3128
f 1325/2907/3139 1326/2908/3140 1334/2896/3128
f 1326/2908/3140 1327/2909/3141 1334/2896/3128
f 1327/2909/3141 1328/2910/3142 1334/2896/3128
f 1328/2910/3142 1329/2911/3143 1334/2896/3128
f 1329/2911/3143 1330/2912/3144 1334/2896/3128
f 1330/2912/3144 1331/2913/3145 1334/2896/3128
f 1331/2913/3145 1332/2914/3146 1334/2896/3128
f 1332/2914/3146 1313/2894/3126 1334/2896/3128
g default
v 0.000000 -19.234787 -30.360447
v 0.000000 -19.355486 -30.651838
v 0.000000 -19.646875 -30.772535
v 0.000000 -19.938267 -30.651838
v 0.000000 -20.058964 -30.360447
v 0.000000 -19.938267 -30.069057
v 0.000000 -19.646875 -29.948360
v 0.000000 -19.355486 -30.069057
v -1.701200 -19.234787 -30.310362
v -1.718286 -19.355486 -30.601252
v -1.725363 -19.646875 -30.721741
v -1.718286 -19.938267 -30.601250
v -1.701200 -20.058964 -30.310362
v -1.684115 -19.938267 -30.019472
v -1.677038 -19.646875 -29.898983
v -1.684115 -19.355486 -30.019474
v -3.396636 -19.234787 -30.161591
v -3.430420 -19.355486 -30.451015
v -3.444414 -19.646875 -30.570900
v -3.430420 -19.938267 -30.451015
v -3.396636 -20.058964 -30.161591
v -3.362851 -19.938267 -29.872166
v -3.348858 -19.646875 -29.752281
v -3.362852 -19.355486 -29.872166
v -5.080847 -19.234787 -29.916424
v -5.130934 -19.355486 -30.203478
v -5.151681 -19.646875 -30.322378
v -5.130934 -19.938267 -30.203478
v -5.080847 -20.058964 -29.916424
v -5.030759 -19.938267 -29.629372
v -5.010012 -19.646875 -29.510469
v -5.030759 -19.355486 -29.629372
v -6.748662 -19.234787 -29.577171
v -6.814660 -19.355486 -29.860989
v -6.841997 -19.646875 -29.978550
v -6.814660 -19.938267 -29.860989
v -6.748662 -20.058964 -29.577171
v -6.682663 -19.938267 -29.293352
v -6.655326 -19.646875 -29.175793
v -6.682663 -19.355486 -29.293354
v -8.395139 -19.234787 -29.146093
v -8.476666 -19.355486 -29.425846
v -8.510436 -19.646875 -29.541723
v -8.476666 -19.938267 -29.425846
v -8.395139 -20.058964 -29.146093
v -8.313611 -19.938267 -28.866341
v -8.279841 -19.646875 -28.750463
v -8.313611 -19.355486 -28.866343
v -10.015498 -19.234787 -28.625376
v -10.112191 -19.355486 -28.900255
v -10.152243 -19.646875 -29.014114
v -10.112191 -19.938267 -28.900255
v -10.015498 -20.058964 -28.625376
v -9.918806 -19.938267 -28.350494
v -9.878755 -19.646875 -28.236637
v -9.918806 -19.355486 -28.350496
v -11.605060 -19.234787 -28.017092
v -11.716570 -19.355486 -28.286303
v -11.762759 -19.646875 -28.397812
v -11.716570 -19.938267 -28.286303
v -11.605060 -20.058964 -28.017092
v -11.493549 -19.938267 -27.747883
v -11.447361 -19.646875 -27.636374
v -11.493549 -19.355486 -27.747883
v -13.159170 -19.234787 -27.323223
v -13.285167 -19.355486 -27.585964
v -13.337357 -19.646875 -27.694796
v -13.285167 -19.938267 -27.585964
v -13.159170 -20.058964 -27.323223
v -13.033173 -19.938267 -27.060482
v -12.980983 -19.646875 -26.951653
v -13.033173 -19.355486 -27.060482
v -14.673141 -19.234787 -26.545660
v -14.813308 -19.355486 -26.801125
v -14.871367 -19.646875 -26.906940
v -14.813308 -19.938267 -26.801125
v -14.673141 -20.058964 -26.545660
v -14.532975 -19.938267 -26.290195
v -14.474916 -19.646875 -26.184380
v -14.532975 -19.355486 -26.290197
v -16.142193 -19.234787 -25.686243
v -16.296215 -19.355486 -25.933599
v -16.360012 -19.646875 -26.036058
v -16.296215 -19.938267 -25.933599
v -16.142193 -20.058964 -25.686243
v -15.988172 -19.938267 -25.438885
v -15.924374 -19.646875 -25.336426
v -15.988172 -19.355486 -25.438885
v -17.561405 -19.234787 -24.746807
v -17.728966 -19.355486 -24.985203
v -17.798370 -19.646875 -25.083948
v -17.728966 -19.938267 -24.985203
v -17.561405 -20.058964 -24.746807
v -17.393845 -19.938267 -24.508413
v -17.324440 -19.646875 -24.409666
v -17.393845 -19.355486 -24.508413
v -18.925680 -19.234787 -23.729250
v -19.106445 -19.355486 -23.957792
v -19.181322 -19.646875 -24.052458
v -19.106445 -19.938267 -23.957792
v -18.925680 -20.058964 -23.729250
v -18.744915 -19.938267 -23.500706
v -18.670040 -19.646875 -23.406040
v -18.744915 -19.355486 -23.500706
v -20.229733 -19.234787 -22.635593
v -20.423340 -19.355486 -22.853363
v -20.503536 -19.646875 -22.943567
v -20.423340 -19.938267 -22.853363
v -20.229733 -20.058964 -22.635593
v -20.036123 -19.938267 -22.417822
v -19.955929 -19.646875 -22.327620
v -20.036123 -19.355486 -22.417822
v -21.468079 -19.234787 -21.468079
v -21.674122 -19.355486 -21.674122
v -21.759468 -19.646875 -21.759468
v -21.674122 -19.938267 -21.674122
v -21.468079 -20.058964 -21.468079
v -21.262033 -19.938267 -21.262035
v -21.176687 -19.646875 -21.176689
v -21.262035 -19.355486 -21.262035
v -22.609270 -19.234787 -20.259298
v -22.826780 -19.355486 -20.453201
v -22.916874 -19.646875 -20.533518
v -22.826780 -19.938267 -20.453201
v -22.609270 -20.058964 -20.259298
v -22.391762 -19.938267 -20.065395
v -22.301666 -19.646875 -19.985079
v -22.391762 -19.355486 -20.065395
v -23.680052 -19.234787 -18.987711
v -23.908115 -19.355486 -19.169083
v -24.002583 -19.646875 -19.244209
v -23.908115 -19.938267 -19.169083
v -23.680052 -20.058964 -18.987711
v -23.451990 -19.938267 -18.806341
v -23.357523 -19.646875 -18.731215
v -23.451990 -19.355486 -18.806341
v -24.678328 -19.234787 -17.658430
v -24.916063 -19.355486 -17.826921
v -25.014538 -19.646875 -17.896713
v -24.916063 -19.938267 -17.826921
v -24.678328 -20.058964 -17.658430
v -24.440592 -19.938267 -17.489937
v -24.342117 -19.646875 -17.420145
v -24.440592 -19.355486 -17.489937
v -25.602200 -19.234787 -16.276392
v -25.848761 -19.355486 -16.431686
v -25.950890 -19.646875 -16.496012
v -25.848761 -19.938267 -16.431686
v -25.602200 -20.058964 -16.276392
v -25.355640 -19.938267 -16.121098
v -25.253511 -19.646875 -16.056772
v -25.355640 -19.355486 -16.121098
v -26.449898 -19.234787 -14.846362
v -26.704462 -19.355486 -14.988155
v -26.809906 -19.646875 -15.046887
v -26.704462 -19.938267 -14.988155
v -26.449898 -20.058964 -14.846362
v -26.195333 -19.938267 -14.704569
v -26.089890 -19.646875 -14.645836
v -26.195335 -19.355486 -14.704569
v -27.219709 -19.234787 -13.372939
v -27.481483 -19.355486 -13.500933
v -27.589914 -19.646875 -13.553949
v -27.481483 -19.938267 -13.500933
v -27.219709 -20.058964 -13.372939
v -26.957933 -19.938267 -13.244946
v -26.849503 -19.646875 -13.191929
v -26.957933 -19.355486 -13.244946
v -27.909760 -19.234787 -11.860966
v -28.177971 -19.355486 -11.974860
v -28.289066 -19.646875 -12.022037
v -28.177971 -19.938267 -11.974860
v -27.909760 -20.058964 -11.860966
v -27.641550 -19.938267 -11.747072
v -27.530455 -19.646875 -11.699895
v -27.641552 -19.355486 -11.747072
v -28.518776 -19.234787 -10.313703
v -28.792660 -19.355486 -10.413177
v -28.906107 -19.646875 -10.454381
v -28.792660 -19.938267 -10.413177
v -28.518776 -20.058964 -10.313703
v -28.244890 -19.938267 -10.214227
v -28.131443 -19.646875 -10.173023
v -28.244890 -19.355486 -10.214228
v -29.044453 -19.234787 -8.736602
v -29.323252 -19.355486 -8.821333
v -29.438734 -19.646875 -8.856430
v -29.323252 -19.938267 -8.821333
v -29.044453 -20.058964 -8.736602
v -28.765654 -19.938267 -8.651871
v -28.650171 -19.646875 -8.616774
v -28.765654 -19.355486 -8.651871
v -29.485033 -19.234787 -7.133645
v -29.767979 -19.355486 -7.203288
v -29.885178 -19.646875 -7.232135
v -29.767979 -19.938267 -7.203288
v -29.485033 -20.058964 -7.133645
v -29.202087 -19.938267 -7.064002
v -29.084888 -19.646875 -7.035154
v -29.202087 -19.355486 -7.064002
v -29.838503 -19.234787 -5.509258
v -30.124809 -19.355486 -5.563453
v -30.243401 -19.646875 -5.585901
v -30.124809 -19.938267 -5.563453
v -29.838503 -20.058964 -5.509258
v -29.552197 -19.938267 -5.455063
v -29.433605 -19.646875 -5.432615
v -29.552197 -19.355486 -5.455063
v -30.102770 -19.234787 -3.868004
v -30.391623 -19.355486 -3.906378
v -30.511269 -19.646875 -3.922273
v -30.391623 -19.938267 -3.906378
v -30.102770 -20.058964 -3.868004
v -29.813917 -19.938267 -3.829630
v -29.694271 -19.646875 -3.813735
v -29.813917 -19.355486 -3.829630
v -30.275688 -19.234787 -2.214638
v -30.566233 -19.355486 -2.236813
v -30.686581 -19.646875 -2.245999
v -30.566233 -19.938267 -2.236813
v -30.275688 -20.058964 -2.214638
v -29.985144 -19.938267 -2.192463
v -29.864796 -19.646875 -2.183277
v -29.985144 -19.355486 -2.192463
v -30.355131 -19.234787 -0.553245
v -30.646467 -19.355486 -0.558840
v -30.767141 -19.646875 -0.561157
v -30.646467 -19.938267 -0.558840
v -30.355131 -20.058964 -0.553245
v -30.063793 -19.938267 -0.547651
v -29.943119 -19.646875 -0.545333
v -30.063793 -19.355486 -0.547651
v -30.339157 -19.234787 1.108125
v -30.630333 -19.355486 1.119293
v -30.750942 -19.646875 1.123919
v -30.630333 -19.938267 1.119293
v -30.339157 -20.058964 1.108125
v -30.047981 -19.938267 1.096956
v -29.927372 -19.646875 1.092330
v -30.047981 -19.355486 1.096956
v -30.228331 -19.234787 2.766803
v -30.518410 -19.355486 2.794419
v -30.638565 -19.646875 2.805858
v -30.518410 -19.938267 2.794419
v -30.228331 -20.058964 2.766803
v -29.938253 -19.938267 2.739186
v -29.818098 -19.646875 2.727746
v -29.938253 -19.355486 2.739186
v -30.024723 -19.234787 4.416674
v -30.312820 -19.355486 4.460363
v -30.432154 -19.646875 4.478460
v -30.312820 -19.938267 4.460363
v -30.024723 -20.058964 4.416674
v -29.736628 -19.938267 4.372984
v -29.617294 -19.646875 4.354887
v -29.736628 -19.355486 4.372984
v -29.730486 -19.234787 6.052824
v -30.015760 -19.355486 6.112208
v -30.133924 -19.646875 6.136806
v -30.015760 -19.938267 6.112208
v -29.730486 -20.058964 6.052823
v -29.445211 -19.938267 5.993438
v -29.327047 -19.646875 5.968840
v -29.445211 -19.355486 5.993438
v -29.347750 -19.234787 7.670566
v -29.629400 -19.355486 7.745278
v -29.746063 -19.646875 7.776225
v -29.629400 -19.938267 7.745278
v -29.347750 -20.058964 7.670566
v -29.066101 -19.938267 7.595854
v -28.949438 -19.646875 7.564907
v -29.066101 -19.355486 7.595854
v -28.878586 -19.234787 9.265391
v -29.155832 -19.355486 9.355074
v -29.270670 -19.646875 9.392222
v -29.155832 -19.938267 9.355074
v -28.878586 -20.058964 9.265391
v -28.601339 -19.938267 9.175708
v -28.486502 -19.646875 9.138559
v -28.601341 -19.355486 9.175708
v -28.324974 -19.234787 10.832903
v -28.597052 -19.355486 10.937219
v -28.709749 -19.646875 10.980428
v -28.597052 -19.938267 10.937219
v -28.324974 -20.058964 10.832903
v -28.052895 -19.938267 10.728587
v -27.940197 -19.646875 10.685378
v -28.052896 -19.355486 10.728587
v -27.688801 -19.234787 12.368762
v -27.954950 -19.355486 12.487388
v -28.065193 -19.646875 12.536524
v -27.954950 -19.938267 12.487388
v -27.688801 -20.058964 12.368762
v -27.422649 -19.938267 12.250136
v -27.312407 -19.646875 12.200999
v -27.422649 -19.355486 12.250136
v -26.971865 -19.234787 13.868623
v -27.231323 -19.355486 14.001249
v -27.338793 -19.646875 14.056186
v -27.231323 -19.938267 14.001249
v -26.971865 -20.058964 13.868623
v -26.712406 -19.938267 13.735996
v -26.604937 -19.646875 13.681061
v -26.712406 -19.355486 13.735996
v -26.175903 -19.234787 15.328084
v -26.427889 -19.355486 15.474411
v -26.532265 -19.646875 15.535022
v -26.427889 -19.938267 15.474411
v -26.175903 -20.058964 15.328084
v -25.923918 -19.938267 15.181757
v -25.819542 -19.646875 15.121147
v -25.923918 -19.355486 15.181758
v -25.302620 -19.234787 16.742636
v -25.546331 -19.355486 16.902365
v -25.647280 -19.646875 16.968525
v -25.546331 -19.938267 16.902365
v -25.302620 -20.058964 16.742636
v -25.058908 -19.938267 16.582909
v -24.957960 -19.646875 16.516747
v -25.058910 -19.355486 16.582909
v -24.353746 -19.234787 18.107626
v -24.588354 -19.355486 18.280447
v -24.685532 -19.646875 18.352032
v -24.588354 -19.938267 18.280447
v -24.353746 -20.058964 18.107626
v -24.119139 -19.938267 17.934805
v -24.021959 -19.646875 17.863218
v -24.119139 -19.355486 17.934805
v -23.331083 -19.234787 19.418234
v -23.555727 -19.355486 19.603823
v -23.648779 -19.646875 19.680695
v -23.555727 -19.938267 19.603823
v -23.331083 -20.058964 19.418234
v -23.106438 -19.938267 19.232645
v -23.013388 -19.646875 19.155771
v -23.106438 -19.355486 19.232645
v -22.236586 -19.234787 20.669460
v -22.450377 -19.355486 20.867456
v -22.538931 -19.646875 20.949469
v -22.450377 -19.938267 20.867456
v -22.236586 -20.058964 20.669460
v -22.022797 -19.938267 20.471466
v -21.934242 -19.646875 20.389454
v -22.022797 -19.355486 20.471466
v -21.073114 -19.234787 21.855522
v -21.275166 -19.355486 22.065483
v -21.358856 -19.646875 22.152452
v -21.275166 -19.938267 22.065483
v -21.073114 -20.058964 21.855522
v -20.871065 -19.938267 21.645559
v -20.787373 -19.646875 21.558590
v -20.871065 -19.355486 21.645559
v -19.842159 -19.234787 22.974131
v -20.031925 -19.355486 23.195257
v -20.110529 -19.646875 23.286850
v -20.031925 -19.938267 23.195257
v -19.842159 -20.058964 22.974131
v -19.652393 -19.938267 22.753004
v -19.573790 -19.646875 22.661409
v -19.652393 -19.355486 22.753004
v -18.550781 -19.234787 24.020964
v -18.727896 -19.355486 24.252348
v -18.801258 -19.646875 24.348190
v -18.727896 -19.938267 24.252348
v -18.550781 -20.058964 24.020964
v -18.373665 -19.938267 23.789579
v -18.300303 -19.646875 23.693737
v -18.373665 -19.355486 23.789579
v -17.203373 -19.234787 24.994642
v -17.367502 -19.355486 25.235413
v -17.435486 -19.646875 25.335142
v -17.367500 -19.938267 25.235413
v -17.203373 -20.058964 24.994642
v -17.039246 -19.938267 24.753870
v -16.971262 -19.646875 24.654140
v -17.039246 -19.355486 24.753872
v -15.804818 -19.234787 25.893316
v -15.955646 -19.355486 26.142633
v -16.018120 -19.646875 26.245903
v -15.955646 -19.938267 26.142633
v -15.804818 -20.058964 25.893314
v -15.653991 -19.938267 25.643997
v -15.591516 -19.646875 25.540728
v -15.653991 -19.355486 25.643997
v -14.359819 -19.234787 26.715240
v -14.497046 -19.355486 26.972296
v -14.553886 -19.646875 27.078770
v -14.497046 -19.938267 26.972296
v -14.359819 -20.058964 26.715240
v -14.222592 -19.938267 26.458185
v -14.165751 -19.646875 26.351709
v -14.222592 -19.355486 26.458185
v -12.872931 -19.234787 27.458708
v -12.996258 -19.355486 27.722713
v -13.047341 -19.646875 27.832067
v -12.996258 -19.938267 27.722713
v -12.872931 -20.058964 27.458708
v -12.749604 -19.938267 27.194702
v -12.698521 -19.646875 27.085348
v -12.749604 -19.355486 27.194704
v -11.348211 -19.234787 28.122150
v -11.457329 -19.355486 28.392338
v -11.502526 -19.646875 28.504253
v -11.457329 -19.938267 28.392338
v -11.348211 -20.058964 28.122150
v -11.239094 -19.938267 27.851963
v -11.193896 -19.646875 27.740047
v -11.239094 -19.355486 27.851963
v -9.791144 -19.234787 28.703337
v -9.885742 -19.355486 28.978945
v -9.924926 -19.646875 29.093103
v -9.885742 -19.938267 28.978945
v -9.791144 -20.058964 28.703337
v -9.696547 -19.938267 28.427729
v -9.657363 -19.646875 28.313568
v -9.696547 -19.355486 28.427729
v -8.204940 -19.234787 29.200867
v -8.284680 -19.355486 29.481133
v -8.317710 -19.646875 29.597223
v -8.284680 -19.938267 29.481133
v -8.204940 -20.058964 29.200865
v -8.125198 -19.938267 28.920599
v -8.092169 -19.646875 28.804508
v -8.125198 -19.355486 28.920599
v -6.594342 -19.234787 29.612637
v -6.658876 -19.355486 29.896791
v -6.685607 -19.646875 30.014492
v -6.658876 -19.938267 29.896791
v -6.594342 -20.058964 29.612637
v -6.529807 -19.938267 29.328484
v -6.503076 -19.646875 29.210783
v -6.529808 -19.355486 29.328484
v -4.963817 -19.234787 29.936609
v -5.012780 -19.355486 30.223856
v -5.033062 -19.646875 30.342836
v -5.012780 -19.938267 30.223856
v -4.963817 -20.058964 29.936607
v -4.914854 -19.938267 29.649361
v -4.894573 -19.646875 29.530380
v -4.914854 -19.355486 29.649361
v -3.317986 -19.234787 30.170666
v -3.351002 -19.355486 30.460178
v -3.364678 -19.646875 30.580099
v -3.351002 -19.938267 30.460178
v -3.317986 -20.058964 30.170666
v -3.284970 -19.938267 29.881151
v -3.271294 -19.646875 29.761230
v -3.284970 -19.355486 29.881151
v -1.661681 -19.234787 30.312656
v -1.678374 -19.355486 30.603567
v -1.685288 -19.646875 30.724068
v -1.678374 -19.938267 30.603567
v -1.661681 -20.058964 30.312656
v -1.644989 -19.938267 30.021744
v -1.638075 -19.646875 29.901245
v -1.644989 -19.355486 30.021744
v -0.000000 -19.234787 30.360447
v -0.000000 -19.355486 30.651838
v -0.000000 -19.646875 30.772535
v -0.000000 -19.938267 30.651838
v 0.000000 -20.058964 30.360447
v 0.000000 -19.938267 30.069057
v 0.000000 -19.646875 29.948360
v 0.000000 -19.355486 30.069057
v 1.661681 -19.234787 30.312656
v 1.678374 -19.355486 30.603567
v 1.685288 -19.646875 30.724068
v 1.678374 -19.938267 30.603567
v 1.661681 -20.058964 30.312656
v 1.644989 -19.938267 30.021744
v 1.638075 -19.646875 29.901245
v 1.644989 -19.355486 30.021744
v 3.317986 -19.234787 30.170666
v 3.351002 -19.355486 30.460178
v 3.364678 -19.646875 30.580099
v 3.351002 -19.938267 30.460178
v 3.317986 -20.058964 30.170666
v 3.284970 -19.938267 29.881151
v 3.271294 -19.646875 29.761230
v 3.284970 -19.355486 29.881151
v 4.963817 -19.234787 29.936609
v 5.012780 -19.355486 30.223856
v 5.033062 -19.646875 30.342836
v 5.012780 -19.938267 30.223856
v 4.963817 -20.058964 29.936607
v 4.914854 -19.938267 29.649361
v 4.894573 -19.646875 29.530380
v 4.914854 -19.355486 29.649361
v 6.594342 -19.234787 29.612637
v 6.658876 -19.355486 29.896791
v 6.685607 -19.646875 30.014492
v 6.658876 -19.938267 29.896791
v 6.594342 -20.058964 29.612637
v 6.529807 -19.938267 29.328484
v 6.503076 -19.646875 29.210783
v 6.529808 -19.355486 29.328484
v 8.204940 -19.234787 29.200867
v 8.284680 -19.355486 29.481133
v 8.317710 -19.646875 29.597223
v 8.284680 -19.938267 29.481133
v 8.204940 -20.058964 29.200865
v 8.125198 -19.938267 28.920599
v 8.092169 -19.646875 28.804508
v 8.125198 -19.355486 28.920599
v 9.791144 -19.234787 28.703337
v 9.885742 -19.355486 28.978945
v 9.924926 -19.646875 29.093103
v 9.885742 -19.938267 28.978945
v 9.791144 -20.058964 28.703337
v 9.696547 -19.938267 28.427729
v 9.657363 -19.646875 28.313568
v 9.696547 -19.355486 28.427729
v 11.348211 -19.234787 28.122150
v 11.457329 -19.355486 28.392338
v 11.502526 -19.646875 28.504253
v 11.457329 -19.938267 28.392338
v 11.348211 -20.058964 28.122150
v 11.239094 -19.938267 27.851963
v 11.193896 -19.646875 27.740047
v 11.239094 -19.355486 27.851963
v 12.872931 -19.234787 27.458708
v 12.996258 -19.355486 27.722713
v 13.047341 -19.646875 27.832067
v 12.996258 -19.938267 27.722713
v 12.872931 -20.058964 27.458708
v 12.749604 -19.938267 27.194702
v 12.698521 -19.646875 27.085348
v 12.749604 -19.355486 27.194704
v 14.359819 -19.234787 26.715240
v 14.497046 -19.355486 26.972296
v 14.553886 -19.646875 27.078770
v 14.497046 -19.938267 26.972296
v 14.359819 -20.058964 26.715240
v 14.222592 -19.938267 26.458185
v 14.165751 -19.646875 26.351709
v 14.222592 -19.355486 26.458185
v 15.804818 -19.234787 25.893316
v 15.955646 -19.355486 26.142633
v 16.018120 -19.646875 26.245903
v 15.955646 -19.938267 26.142633
v 15.804818 -20.058964 25.893314
v 15.653991 -19.938267 25.643997
v 15.591516 -19.646875 25.540728
v 15.653991 -19.355486 25.643997
v 17.203373 -19.234787 24.994642
v 17.367502 -19.355486 25.235413
v 17.435486 -19.646875 25.335142
v 17.367500 -19.938267 25.235413
v 17.203373 -20.058964 24.994642
v 17.039246 -19.938267 24.753870
v 16.971262 -19.646875 24.654140
v 17.039246 -19.355486 24.753872
v 18.550781 -19.234787 24.020964
v 18.727896 -19.355486 24.252348
v 18.801258 -19.646875 24.348190
v 18.727896 -19.938267 24.252348
v 18.550781 -20.058964 24.020964
v 18.373665 -19.938267 23.789579
v 18.300303 -19.646875 23.693737
v 18.373665 -19.355486 23.789579
v 19.842159 -19.234787 22.974131
v 20.031925 -19.355486 23.195257
v 20.110529 -19.646875 23.286850
v 20.031925 -19.938267 23.195257
v 19.842159 -20.058964 22.974131
v 19.652393 -19.938267 22.753004
v 19.573790 -19.646875 22.661409
v 19.652393 -19.355486 22.753004
v 21.073114 -19.234787 21.855522
v 21.275166 -19.355486 22.065483
v 21.358856 -19.646875 22.152452
v 21.275166 -19.938267 22.065483
v 21.073114 -20.058964 21.855522
v 20.871065 -19.938267 21.645559
v 20.787373 -19.646875 21.558590
v 20.871065 -19.355486 21.645559
v 22.236586 -19.234787 20.669460
v 22.450377 -19.355486 20.867456
v 22.538931 -19.646875 20.949469
v 22.450377 -19.938267 20.867456
v 22.236586 -20.058964 20.669460
v 22.022797 -19.938267 20.471466
v 21.934242 -19.646875 20.389454
v 22.022797 -19.355486 20.471466
v 23.331083 -19.234787 19.418234
v 23.555727 -19.355486 19.603823
v 23.648779 -19.646875 19.680695
v 23.555727 -19.938267 19.603823
v 23.331083 -20.058964 19.418234
v 23.106438 -19.938267 19.232645
v 23.013388 -19.646875 19.155771
v 23.106438 -19.355486 19.232645
v 24.353746 -19.234787 18.107626
v 24.588354 -19.355486 18.280447
v 24.685532 -19.646875 18.352032
v 24.588354 -19.938267 18.280447
v 24.353746 -20.058964 18.107626
v 24.119139 -19.938267 17.934805
v 24.021959 -19.646875 17.863218
v 24.119139 -19.355486 17.934805
v 25.302620 -19.234787 16.742636
v 25.546331 -19.355486 16.902365
v 25.647280 -19.646875 16.968525
v 25.546331 -19.938267 16.902365
v 25.302620 -20.058964 16.742636
v 25.058908 -19.938267 16.582909
v 24.957960 -19.646875 16.516747
v 25.058910 -19.355486 16.582909
v 26.175903 -19.234787 15.328084
v 26.427889 -19.355486 15.474411
v 26.532265 -19.646875 15.535022
v 26.427889 -19.938267 15.474411
v 26.175903 -20.058964 15.328084
v 25.923918 -19.938267 15.181757
v 25.819542 -19.646875 15.121147
v 25.923918 -19.355486 15.181758
v 26.971865 -19.234787 13.868623
v 27.231323 -19.355486 14.001249
v 27.338793 -19.646875 14.056186
v 27.231323 -19.938267 14.001249
v 26.971865 -20.058964 13.868623
v 26.712406 -19.938267 13.735996
v 26.604937 -19.646875 13.681061
v 26.712406 -19.355486 13.735996
v 27.688801 -19.234787 12.368762
v 27.954950 -19.355486 12.487388
v 28.065193 -19.646875 12.536524
v 27.954950 -19.938267 12.487388
v 27.688801 -20.058964 12.368762
v 27.422649 -19.938267 12.250136
v 27.312407 -19.646875 12.200999
v 27.422649 -19.355486 12.250136
v 28.324974 -19.234787 10.832903
v 28.597052 -19.355486 10.937219
v 28.709749 -19.646875 10.980428
v 28.597052 -19.938267 10.937219
v 28.324974 -20.058964 10.832903
v 28.052895 -19.938267 10.728587
v 27.940197 -19.646875 10.685378
v 28.052896 -19.355486 10.728587
v 28.878586 -19.234787 9.265391
v 29.155832 -19.355486 9.355074
v 29.270670 -19.646875 9.392222
v 29.155832 -19.938267 9.355074
v 28.878586 -20.058964 9.265391
v 28.601339 -19.938267 9.175708
v 28.486502 -19.646875 9.138559
v 28.601341 -19.355486 9.175708
v 29.347750 -19.234787 7.670566
v 29.629400 -19.355486 7.745278
v 29.746063 -19.646875 7.776225
v 29.629400 -19.938267 7.745278
v 29.347750 -20.058964 7.670566
v 29.066101 -19.938267 7.595854
v 28.949438 -19.646875 7.564907
v 29.066101 -19.355486 7.595854
v 29.730486 -19.234787 6.052824
v 30.015760 -19.355486 6.112208
v 30.133924 -19.646875 6.136806
v 30.015760 -19.938267 6.112208
v 29.730486 -20.058964 6.052823
v 29.445211 -19.938267 5.993438
v 29.327047 -19.646875 5.968840
v 29.445211 -19.355486 5.993438
v 30.024723 -19.234787 4.416674
v 30.312820 -19.355486 4.460363
v 30.432154 -19.646875 4.478460
v 30.312820 -19.938267 4.460363
v 30.024723 -20.058964 4.416674
v 29.736628 -19.938267 4.372984
v 29.617294 -19.646875 4.354887
v 29.736628 -19.355486 4.372984
v 30.228331 -19.234787 2.766803
v 30.518410 -19.355486 2.794419
v 30.638565 -19.646875 2.805858
v 30.518410 -19.938267 2.794419
v 30.228331 -20.058964 2.766803
v 29.938253 -19.938267 2.739186
v 29.818098 -19.646875 2.727746
v 29.938253 -19.355486 2.739186
v 30.339157 -19.234787 1.108125
v 30.630333 -19.355486 1.119293
v 30.750942 -19.646875 1.123919
v 30.630333 -19.938267 1.119293
v 30.339157 -20.058964 1.108125
v 30.047981 -19.938267 1.096956
v 29.927372 -19.646875 1.092330
v 30.047981 -19.355486 1.096956
v 30.355131 -19.234787 -0.553245
v 30.646467 -19.355486 -0.558840
v 30.767141 -19.646875 -0.561157
v 30.646467 -19.938267 -0.558840
v 30.355131 -20.058964 -0.553245
v 30.063793 -19.938267 -0.547651
v 29.943119 -19.646875 -0.545333
v 30.063793 -19.355486 -0.547651
v 30.275688 -19.234787 -2.214638
v 30.566233 -19.355486 -2.236813
v 30.686581 -19.646875 -2.245999
v 30.566233 -19.938267 -2.236813
v 30.275688 -20.058964 -2.214638
v 29.985144 -19.938267 -2.192463
v 29.864796 -19.646875 -2.183277
v 29.985144 -19.355486 -2.192463
v 30.102770 -19.234787 -3.868004
v 30.391623 -19.355486 -3.906378
v 30.511269 -19.646875 -3.922273
v 30.391623 -19.938267 -3.906378
v 30.102770 -20.058964 -3.868004
v 29.813917 -19.938267 -3.829630
v 29.694271 -19.646875 -3.813735
v 29.813917 -19.355486 -3.829630
v 29.838503 -19.234787 -5.509258
v 30.124809 -19.355486 -5.563453
v 30.243401 -19.646875 -5.585901
v 30.124809 -19.938267 -5.563453
v 29.838503 -20.058964 -5.509258
v 29.552197 -19.938267 -5.455063
v 29.433605 -19.646875 -5.432615
v 29.552197 -19.355486 -5.455063
v 29.485033 -19.234787 -7.133645
v 29.767979 -19.355486 -7.203288
v 29.885178 -19.646875 -7.232135
v 29.767979 -19.938267 -7.203288
v 29.485033 -20.058964 -7.133645
v 29.202087 -19.938267 -7.064002
v 29.084888 -19.646875 -7.035154
v 29.202087 -19.355486 -7.064002
v 29.044453 -19.234787 -8.736602
v 29.323252 -19.355486 -8.821333
v 29.438734 -19.646875 -8.856430
v 29.323252 -19.938267 -8.821333
v 29.044453 -20.058964 -8.736602
v 28.765654 -19.938267 -8.651871
v 28.650171 -19.646875 -8.616774
v 28.765654 -19.355486 -8.651871
v 28.518776 -19.234787 -10.313703
v 28.792660 -19.355486 -10.413177
v 28.906107 -19.646875 -10.454381
v 28.792660 -19.938267 -10.413177
v 28.518776 -20.058964 -10.313703
v 28.244890 -19.938267 -10.214227
v 28.131443 -19.646875 -10.173023
v 28.244890 -19.355486 -10.214228
v 27.909760 -19.234787 -11.860966
v 28.177971 -19.355486 -11.974860
v 28.289066 -19.646875 -12.022037
v 28.177971 -19.938267 -11.974860
v 27.909760 -20.058964 -11.860966
v 27.641550 -19.938267 -11.747072
v 27.530455 -19.646875 -11.699895
v 27.641552 -19.355486 -11.747072
v 27.219709 -19.234787 -13.372939
v 27.481483 -19.355486 -13.500933
v 27.589914 -19.646875 -13.553949
v 27.481483 -19.938267 -13.500933
v 27.219709 -20.058964 -13.372939
v 26.957933 -19.938267 -13.244946
v 26.849503 -19.646875 -13.191929
v 26.957933 -19.355486 -13.244946
v 26.449898 -19.234787 -14.846362
v 26.704462 -19.355486 -14.988155
v 26.809906 -19.646875 -15.046887
v 26.704462 -19.938267 -14.988155
v 26.449898 -20.058964 -14.846362
v 26.195333 -19.938267 -14.704569
v 26.089890 -19.646875 -14.645836
v 26.195335 -19.355486 -14.704569
v 25.602200 -19.234787 -16.276392
v 25.848761 -19.355486 -16.431686
v 25.950890 -19.646875 -16.496012
v 25.848761 -19.938267 -16.431686
v 25.602200 -20.058964 -16.276392
v 25.355640 -19.938267 -16.121098
v 25.253511 -19.646875 -16.056772
v 25.355640 -19.355486 -16.121098
v 24.678328 -19.234787 -17.658430
v 24.916063 -19.355486 -17.826921
v 25.014538 -19.646875 -17.896713
v 24.916063 -19.938267 -17.826921
v 24.678328 -20.058964 -17.658430
v 24.440592 -19.938267 -17.489937
v 24.342117 -19.646875 -17.420145
v 24.440592 -19.355486 -17.489937
v 23.680052 -19.234787 -18.987711
v 23.908115 -19.355486 -19.169083
v 24.002583 -19.646875 -19.244209
v 23.908115 -19.938267 -19.169083
v 23.680052 -20.058964 -18.987711
v 23.451990 -19.938267 -18.806341
v 23.357523 -19.646875 -18.731215
v 23.451990 -19.355486 -18.806341
v 22.609270 -19.234787 -20.259298
v 22.826780 -19.355486 -20.453201
v 22.916874 -19.646875 -20.533518
v 22.826780 -19.938267 -20.453201
v 22.609270 -20.058964 -20.259298
v 22.391762 -19.938267 -20.065395
v 22.301666 -19.646875 -19.985079
v 22.391762 -19.355486 -20.065395
v 21.468079 -19.234787 -21.468079
v 21.674122 -19.355486 -21.674122
v 21.759468 -19.646875 -21.759468
v 21.674122 -19.938267 -21.674122
v 21.468079 -20.058964 -21.468079
v 21.262035 -19.938267 -21.262033
v 21.176689 -19.646875 -21.176687
v 21.262035 -19.355486 -21.262035
v 20.229733 -19.234787 -22.635593
v 20.423340 -19.355486 -22.853363
v 20.503536 -19.646875 -22.943567
v 20.423340 -19.938267 -22.853363
v 20.229733 -20.058964 -22.635593
v 20.036123 -19.938267 -22.417822
v 19.955929 -19.646875 -22.327620
v 20.036123 -19.355486 -22.417822
v 18.925680 -19.234787 -23.729250
v 19.106445 -19.355486 -23.957792
v 19.181322 -19.646875 -24.052458
v 19.106445 -19.938267 -23.957792
v 18.925680 -20.058964 -23.729250
v 18.744915 -19.938267 -23.500706
v 18.670040 -19.646875 -23.406040
v 18.744915 -19.355486 -23.500706
v 17.561405 -19.234787 -24.746807
v 17.728966 -19.355486 -24.985203
v 17.798370 -19.646875 -25.083948
v 17.728966 -19.938267 -24.985203
v 17.561405 -20.058964 -24.746807
v 17.393845 -19.938267 -24.508413
v 17.324440 -19.646875 -24.409666
v 17.393845 -19.355486 -24.508413
v 16.142193 -19.234787 -25.686243
v 16.296215 -19.355486 -25.933599
v 16.360012 -19.646875 -26.036058
v 16.296215 -19.938267 -25.933599
v 16.142193 -20.058964 -25.686243
v 15.988172 -19.938267 -25.438885
v 15.924374 -19.646875 -25.336426
v 15.988172 -19.355486 -25.438885
v 14.673141 -19.234787 -26.545660
v 14.813308 -19.355486 -26.801125
v 14.871367 -19.646875 -26.906940
v 14.813308 -19.938267 -26.801125
v 14.673141 -20.058964 -26.545660
v 14.532975 -19.938267 -26.290195
v 14.474916 -19.646875 -26.184380
v 14.532975 -19.355486 -26.290197
v 13.159170 -19.234787 -27.323223
v 13.285167 -19.355486 -27.585964
v 13.337357 -19.646875 -27.694796
v 13.285167 -19.938267 -27.585964
v 13.159170 -20.058964 -27.323223
v 13.033173 -19.938267 -27.060482
v 12.980983 -19.646875 -26.951653
v 13.033173 -19.355486 -27.060482
v 11.605060 -19.234787 -28.017092
v 11.716570 -19.355486 -28.286303
v 11.762759 -19.646875 -28.397812
v 11.716570 -19.938267 -28.286303
v 11.605060 -20.058964 -28.017092
v 11.493549 -19.938267 -27.747883
v 11.447361 -19.646875 -27.636374
v 11.493549 -19.355486 -27.747883
v 10.015498 -19.234787 -28.625376
v 10.112191 -19.355486 -28.900255
v 10.152243 -19.646875 -29.014114
v 10.112191 -19.938267 -28.900255
v 10.015498 -20.058964 -28.625376
v 9.918806 -19.938267 -28.350494
v 9.878755 -19.646875 -28.236637
v 9.918806 -19.355486 -28.350496
v 8.395139 -19.234787 -29.146093
v 8.476666 -19.355486 -29.425846
v 8.510436 -19.646875 -29.541723
v 8.476666 -19.938267 -29.425846
v 8.395139 -20.058964 -29.146093
v 8.313611 -19.938267 -28.866341
v 8.279841 -19.646875 -28.750463
v 8.313611 -19.355486 -28.866343
v 6.748662 -19.234787 -29.577171
v 6.814660 -19.355486 -29.860989
v 6.841997 -19.646875 -29.978550
v 6.814660 -19.938267 -29.860989
v 6.748662 -20.058964 -29.577171
v 6.682663 -19.938267 -29.293352
v 6.655326 -19.646875 -29.175793
v 6.682663 -19.355486 -29.293354
v 5.080847 -19.234787 -29.916424
v 5.130934 -19.355486 -30.203478
v 5.151681 -19.646875 -30.322378
v 5.130934 -19.938267 -30.203478
v 5.080847 -20.058964 -29.916424
v 5.030759 -19.938267 -29.629372
v 5.010012 -19.646875 -29.510469
v 5.030759 -19.355486 -29.629372
v 3.396636 -19.234787 -30.161591
v 3.430420 -19.355486 -30.451015
v 3.444414 -19.646875 -30.570900
v 3.430420 -19.938267 -30.451015
v 3.396636 -20.058964 -30.161591
v 3.362851 -19.938267 -29.872166
v 3.348858 -19.646875 -29.752281
v 3.362852 -19.355486 -29.872166
v 1.701200 -19.234787 -30.310362
v 1.718286 -19.355486 -30.601252
v 1.725363 -19.646875 -30.721741
v 1.718286 -19.938267 -30.601250
v 1.701200 -20.058964 -30.310362
v 1.684115 -19.938267 -30.019472
v 1.677038 -19.646875 -29.898983
v 1.684115 -19.355486 -30.019474
v 0.000000 -19.234787 -30.360447
v 0.000000 -19.355486 -30.651838
v 0.000000 -19.646875 -30.772535
v 0.000000 -19.938267 -30.651838
v 0.000000 -20.058964 -30.360447
v 0.000000 -19.938267 -30.069057
v 0.000000 -19.646875 -29.948360
v 0.000000 -19.355486 -30.069057
vt 0.707980 0.305629
vt 0.707980 0.306121
vt 0.705081 0.306035
vt 0.705110 0.305544
vt 0.523442 0.908773
vt 0.523934 0.908773
vt 0.523934 0.911684
vt 0.523442 0.911672
vt 0.524425 0.908773
vt 0.524425 0.911672
vt 0.598540 0.202705
vt 0.598540 0.203197
vt 0.595670 0.203281
vt 0.595641 0.202791
vt 0.598540 0.203688
vt 0.595699 0.203772
vt 0.569438 0.916496
vt 0.569930 0.916496
vt 0.569930 0.919326
vt 0.569438 0.919338
vt 0.570422 0.916496
vt 0.570422 0.919338
vt 0.707980 0.305137
vt 0.705139 0.305054
vt 0.702193 0.305782
vt 0.702250 0.305293
vt 0.523934 0.914584
vt 0.523442 0.914561
vt 0.524425 0.914561
vt 0.592809 0.203532
vt 0.592752 0.203044
vt 0.592866 0.204021
vt 0.569930 0.922146
vt 0.569438 0.922170
vt 0.570422 0.922170
vt 0.702307 0.304805
vt 0.699324 0.305364
vt 0.699408 0.304880
vt 0.523934 0.917465
vt 0.523442 0.917430
vt 0.524425 0.917430
vt 0.589968 0.203946
vt 0.589883 0.203462
vt 0.590052 0.204430
vt 0.569930 0.924949
vt 0.569438 0.924984
vt 0.570422 0.924984
vt 0.699493 0.304395
vt 0.696483 0.304786
vt 0.696595 0.304307
vt 0.523934 0.920316
vt 0.523442 0.920270
vt 0.524425 0.920270
vt 0.587154 0.204518
vt 0.587043 0.204039
vt 0.587265 0.204997
vt 0.569930 0.927725
vt 0.569438 0.927771
vt 0.570422 0.927771
vt 0.696706 0.303829
vt 0.693679 0.304052
vt 0.693817 0.303580
vt 0.523934 0.923131
vt 0.523442 0.923074
vt 0.524425 0.923074
vt 0.584376 0.205246
vt 0.584239 0.204774
vt 0.584514 0.205717
vt 0.569930 0.930465
vt 0.569438 0.930522
vt 0.570422 0.930522
vt 0.693954 0.303108
vt 0.690920 0.303165
vt 0.691083 0.302702
vt 0.523934 0.925901
vt 0.523442 0.925834
vt 0.524425 0.925834
vt 0.581643 0.206124
vt 0.581479 0.205660
vt 0.581806 0.206588
vt 0.569930 0.933163
vt 0.569438 0.933230
vt 0.570422 0.933230
vt 0.691246 0.302238
vt 0.688213 0.302130
vt 0.688401 0.301675
vt 0.523934 0.928618
vt 0.523442 0.928540
vt 0.524425 0.928540
vt 0.578961 0.207150
vt 0.578773 0.206696
vt 0.579149 0.207604
vt 0.569930 0.935809
vt 0.569438 0.935887
vt 0.570422 0.935887
vt 0.688589 0.301221
vt 0.685567 0.300948
vt 0.685779 0.300505
vt 0.523934 0.931275
vt 0.523442 0.931187
vt 0.524425 0.931187
vt 0.576339 0.208321
vt 0.576126 0.207878
vt 0.576551 0.208764
vt 0.569930 0.938397
vt 0.569438 0.938485
vt 0.570422 0.938485
vt 0.685992 0.300062
vt 0.682989 0.299624
vt 0.683225 0.299193
vt 0.523934 0.933863
vt 0.523442 0.933765
vt 0.524425 0.933765
vt 0.573785 0.209633
vt 0.573548 0.209202
vt 0.574021 0.210064
vt 0.569930 0.940917
vt 0.569438 0.941015
vt 0.570422 0.941015
vt 0.683462 0.298762
vt 0.680487 0.298160
vt 0.680747 0.297743
vt 0.523934 0.936374
vt 0.523442 0.936267
vt 0.524425 0.936267
vt 0.571306 0.211083
vt 0.571046 0.210665
vt 0.571566 0.211500
vt 0.569930 0.943362
vt 0.569438 0.943470
vt 0.570422 0.943470
vt 0.681007 0.297326
vt 0.678070 0.296560
vt 0.678352 0.296158
vt 0.076118 0.289408
vt 0.075626 0.289581
vt 0.075626 0.287975
vt 0.076118 0.287808
vt 0.075134 0.289408
vt 0.075134 0.287808
vt 0.568912 0.212668
vt 0.568629 0.212265
vt 0.569195 0.213070
vt 0.033036 0.213938
vt 0.033528 0.214111
vt 0.033528 0.215675
vt 0.033036 0.215508
vt 0.034019 0.213938
vt 0.034019 0.215508
vt 0.678635 0.295756
vt 0.675746 0.294827
vt 0.676051 0.294441
vt 0.075626 0.286234
vt 0.076118 0.286075
vt 0.075134 0.286075
vt 0.566610 0.214384
vt 0.566305 0.213999
vt 0.566915 0.214770
vt 0.033528 0.217368
vt 0.033036 0.217208
vt 0.034019 0.217208
vt 0.676356 0.294056
vt 0.673524 0.292964
vt 0.673851 0.292596
vt 0.075626 0.284364
vt 0.076118 0.284211
vt 0.075134 0.284211
vt 0.564410 0.216229
vt 0.564084 0.215862
vt 0.564737 0.216597
vt 0.033528 0.219187
vt 0.033036 0.219035
vt 0.034019 0.219035
vt 0.674177 0.292229
vt 0.671414 0.290974
vt 0.671762 0.290627
vt 0.075626 0.282366
vt 0.076118 0.282222
vt 0.075134 0.282222
vt 0.562321 0.218199
vt 0.561973 0.217851
vt 0.562669 0.218547
vt 0.033528 0.221129
vt 0.033036 0.220985
vt 0.034019 0.220985
vt 0.672109 0.290279
vt 0.669469 0.288914
vt 0.669836 0.288587
vt 0.075626 0.280298
vt 0.076118 0.280162
vt 0.075134 0.280162
vt 0.560396 0.220238
vt 0.560029 0.219911
vt 0.560763 0.220566
vt 0.033528 0.223139
vt 0.033036 0.223004
vt 0.034019 0.223004
vt 0.670203 0.288260
vt 0.667645 0.286748
vt 0.668030 0.286442
vt 0.075626 0.278122
vt 0.076118 0.277996
vt 0.075134 0.277996
vt 0.558589 0.222384
vt 0.558204 0.222078
vt 0.558974 0.222690
vt 0.033528 0.225255
vt 0.033036 0.225128
vt 0.034019 0.225128
vt 0.668414 0.286136
vt 0.665944 0.284484
vt 0.666345 0.284199
vt 0.075626 0.275849
vt 0.076118 0.275731
vt 0.075134 0.275731
vt 0.556905 0.224626
vt 0.556504 0.224342
vt 0.557306 0.224911
vt 0.033528 0.227467
vt 0.033036 0.227349
vt 0.034019 0.227349
vt 0.666746 0.283915
vt 0.664371 0.282130
vt 0.664787 0.281868
vt 0.075626 0.273486
vt 0.076118 0.273377
vt 0.075134 0.273377
vt 0.555346 0.226958
vt 0.554930 0.226696
vt 0.555762 0.227220
vt 0.033528 0.229767
vt 0.033036 0.229658
vt 0.034019 0.229658
vt 0.665203 0.281606
vt 0.662927 0.279694
vt 0.663357 0.279455
vt 0.075626 0.271041
vt 0.076118 0.270942
vt 0.075134 0.270942
vt 0.553916 0.229371
vt 0.553487 0.229131
vt 0.554346 0.229610
vt 0.033528 0.232147
vt 0.033036 0.232048
vt 0.034019 0.232048
vt 0.663786 0.279216
vt 0.661616 0.277185
vt 0.662058 0.276969
vt 0.075626 0.268522
vt 0.076118 0.268433
vt 0.075134 0.268433
vt 0.552617 0.231856
vt 0.552176 0.231640
vt 0.553059 0.232072
vt 0.033528 0.234600
vt 0.033036 0.234511
vt 0.034019 0.234511
vt 0.662499 0.276753
vt 0.660441 0.274611
vt 0.660894 0.274418
vt 0.075626 0.265938
vt 0.076118 0.265858
vt 0.075134 0.265858
vt 0.551453 0.234407
vt 0.551001 0.234215
vt 0.551906 0.234599
vt 0.033528 0.237117
vt 0.033036 0.237038
vt 0.034019 0.237038
vt 0.661346 0.274226
vt 0.659404 0.271976
vt 0.659866 0.271808
vt 0.075626 0.263293
vt 0.076118 0.263223
vt 0.075134 0.263223
vt 0.550426 0.237018
vt 0.549964 0.236850
vt 0.550888 0.237185
vt 0.033528 0.239693
vt 0.033036 0.239624
vt 0.034019 0.239624
vt 0.660328 0.271640
vt 0.658509 0.269290
vt 0.658979 0.269147
vt 0.075626 0.260597
vt 0.076118 0.260538
vt 0.075134 0.260538
vt 0.549539 0.239678
vt 0.549069 0.239535
vt 0.550009 0.239821
vt 0.033528 0.242319
vt 0.033036 0.242260
vt 0.034019 0.242260
vt 0.659450 0.269004
vt 0.657759 0.266560
vt 0.658236 0.266443
vt 0.075626 0.257857
vt 0.076118 0.257808
vt 0.075134 0.257808
vt 0.548796 0.242383
vt 0.548318 0.242265
vt 0.549273 0.242500
vt 0.033528 0.244987
vt 0.033036 0.244939
vt 0.034019 0.244939
vt 0.658713 0.266325
vt 0.657157 0.263794
vt 0.657640 0.263702
vt 0.075626 0.255079
vt 0.076118 0.255042
vt 0.075134 0.255042
vt 0.548199 0.245123
vt 0.547716 0.245032
vt 0.548682 0.245215
vt 0.033528 0.247691
vt 0.033036 0.247653
vt 0.034019 0.247653
vt 0.658123 0.263611
vt 0.656707 0.260998
vt 0.657194 0.260933
vt 0.075626 0.252273
vt 0.076118 0.252246
vt 0.075134 0.252246
vt 0.547753 0.247892
vt 0.547266 0.247827
vt 0.548241 0.247957
vt 0.033528 0.250422
vt 0.033036 0.250395
vt 0.034019 0.250395
vt 0.657681 0.260869
vt 0.656412 0.258182
vt 0.656902 0.258144
vt 0.075626 0.249445
vt 0.076118 0.249429
vt 0.075134 0.249429
vt 0.547462 0.250682
vt 0.546971 0.250644
vt 0.547952 0.250719
vt 0.033528 0.253173
vt 0.033036 0.253157
vt 0.034019 0.253157
vt 0.657392 0.258107
vt 0.656277 0.255351
vt 0.656768 0.255341
vt 0.075626 0.246602
vt 0.076118 0.246598
vt 0.075134 0.246598
vt 0.547328 0.253485
vt 0.546836 0.253475
vt 0.547819 0.253494
vt 0.033528 0.255936
vt 0.033036 0.255932
vt 0.034019 0.255932
vt 0.657260 0.255332
vt 0.656304 0.252519
vt 0.656795 0.252538
vt 0.075626 0.243759
vt 0.076118 0.243767
vt 0.075134 0.243767
vt 0.547355 0.256287
vt 0.546863 0.256306
vt 0.547846 0.256269
vt 0.033528 0.258699
vt 0.033036 0.258707
vt 0.034019 0.258707
vt 0.657286 0.252557
vt 0.656493 0.249693
vt 0.656982 0.249740
vt 0.075626 0.240922
vt 0.076118 0.240941
vt 0.075134 0.240941
vt 0.547542 0.259086
vt 0.547052 0.259132
vt 0.548031 0.259039
vt 0.033528 0.261458
vt 0.033036 0.261478
vt 0.034019 0.261478
vt 0.657471 0.249787
vt 0.656839 0.246883
vt 0.657326 0.246956
vt 0.075626 0.238100
vt 0.076118 0.238130
vt 0.075134 0.238130
vt 0.547885 0.261869
vt 0.547399 0.261943
vt 0.548371 0.261796
vt 0.033528 0.264203
vt 0.033036 0.264234
vt 0.034019 0.264234
vt 0.657812 0.247030
vt 0.657341 0.244096
vt 0.657822 0.244196
vt 0.075626 0.235302
vt 0.076118 0.235344
vt 0.075134 0.235344
vt 0.548381 0.264630
vt 0.547900 0.264730
vt 0.548863 0.264529
vt 0.033528 0.266926
vt 0.033036 0.266968
vt 0.034019 0.266968
vt 0.658303 0.244296
vt 0.657993 0.241341
vt 0.658468 0.241467
vt 0.075626 0.232536
vt 0.076118 0.232588
vt 0.075134 0.232588
vt 0.549027 0.267359
vt 0.548552 0.267485
vt 0.549502 0.267233
vt 0.033528 0.269619
vt 0.033036 0.269671
vt 0.034019 0.269671
vt 0.658943 0.241593
vt 0.658791 0.238625
vt 0.659259 0.238776
vt 0.075626 0.229810
vt 0.076118 0.229872
vt 0.075134 0.229872
vt 0.549819 0.270050
vt 0.549351 0.270201
vt 0.550286 0.269898
vt 0.033528 0.272274
vt 0.033036 0.272337
vt 0.034019 0.272337
vt 0.659727 0.238927
vt 0.659734 0.235956
vt 0.660193 0.236132
vt 0.075626 0.227130
vt 0.076118 0.227203
vt 0.075134 0.227203
vt 0.550753 0.272694
vt 0.550294 0.272870
vt 0.551212 0.272518
vt 0.033528 0.274884
vt 0.033036 0.274957
vt 0.034019 0.274957
vt 0.660652 0.236308
vt 0.660817 0.233340
vt 0.661267 0.233540
vt 0.075626 0.224505
vt 0.076118 0.224588
vt 0.075134 0.224588
vt 0.551826 0.275285
vt 0.551377 0.275485
vt 0.552275 0.275085
vt 0.033528 0.277441
vt 0.033036 0.277524
vt 0.034019 0.277524
vt 0.661716 0.233741
vt 0.662038 0.230786
vt 0.662476 0.231010
vt 0.075626 0.221941
vt 0.076118 0.222034
vt 0.075134 0.222034
vt 0.553036 0.277816
vt 0.552598 0.278039
vt 0.553473 0.277592
vt 0.033528 0.279938
vt 0.033036 0.280030
vt 0.034019 0.280030
vt 0.662914 0.231234
vt 0.663394 0.228301
vt 0.663819 0.228548
vt 0.075626 0.219446
vt 0.076118 0.219549
vt 0.075134 0.219549
vt 0.554378 0.280278
vt 0.553953 0.280525
vt 0.554804 0.280031
vt 0.033528 0.282367
vt 0.033036 0.282469
vt 0.034019 0.282469
vt 0.664244 0.228795
vt 0.664881 0.225892
vt 0.665292 0.226161
vt 0.075626 0.217028
vt 0.076118 0.217139
vt 0.075134 0.217139
vt 0.555852 0.282664
vt 0.555441 0.282934
vt 0.556263 0.282395
vt 0.033528 0.284722
vt 0.033036 0.284833
vt 0.034019 0.284833
vt 0.665703 0.226431
vt 0.666497 0.223567
vt 0.666893 0.223858
vt 0.075626 0.214694
vt 0.076118 0.214814
vt 0.075134 0.214814
vt 0.557453 0.284967
vt 0.557057 0.285259
vt 0.557848 0.284676
vt 0.033528 0.286993
vt 0.033036 0.287114
vt 0.034019 0.287114
vt 0.667289 0.224150
vt 0.668239 0.221334
vt 0.668618 0.221647
vt 0.075626 0.212452
vt 0.076118 0.212582
vt 0.075134 0.212582
vt 0.559178 0.287178
vt 0.558799 0.287492
vt 0.559557 0.286865
vt 0.033528 0.289174
vt 0.033036 0.289304
vt 0.034019 0.289304
vt 0.668997 0.221960
vt 0.670104 0.219202
vt 0.670465 0.219536
vt 0.075626 0.210312
vt 0.076118 0.210450
vt 0.075134 0.210450
vt 0.561024 0.289289
vt 0.560664 0.289623
vt 0.561385 0.288955
vt 0.033528 0.291255
vt 0.033036 0.291394
vt 0.034019 0.291394
vt 0.670826 0.219870
vt 0.672087 0.217181
vt 0.672428 0.217535
vt 0.075626 0.208282
vt 0.076118 0.208429
vt 0.075134 0.208429
vt 0.562987 0.291290
vt 0.562646 0.291645
vt 0.563328 0.290936
vt 0.033528 0.293228
vt 0.033036 0.293375
vt 0.034019 0.293375
vt 0.672769 0.217890
vt 0.674184 0.215275
vt 0.674505 0.215648
vt 0.075626 0.206368
vt 0.076118 0.206523
vt 0.075134 0.206523
vt 0.565064 0.293178
vt 0.564744 0.293551
vt 0.565384 0.292805
vt 0.033528 0.295088
vt 0.033036 0.295243
vt 0.034019 0.295243
vt 0.674825 0.216021
vt 0.676384 0.213492
vt 0.676683 0.213882
vt 0.075626 0.204578
vt 0.076118 0.204739
vt 0.075134 0.204739
vt 0.567243 0.294944
vt 0.566944 0.295334
vt 0.567542 0.294553
vt 0.033528 0.296830
vt 0.033036 0.296992
vt 0.034019 0.296992
vt 0.676982 0.214272
vt 0.678680 0.211833
vt 0.678956 0.212239
vt 0.075626 0.202912
vt 0.076118 0.203081
vt 0.075134 0.203081
vt 0.569516 0.296586
vt 0.569239 0.296993
vt 0.569793 0.296180
vt 0.033528 0.298450
vt 0.033036 0.298619
vt 0.034019 0.298619
vt 0.679233 0.212646
vt 0.681062 0.210303
vt 0.681316 0.210723
vt 0.635583 0.860113
vt 0.635091 0.860228
vt 0.635091 0.857837
vt 0.635583 0.857731
vt 0.634600 0.860113
vt 0.634600 0.857731
vt 0.571875 0.298103
vt 0.571621 0.298523
vt 0.572130 0.297682
vt 0.689245 0.858831
vt 0.688754 0.858717
vt 0.688754 0.856389
vt 0.689245 0.856494
vt 0.688262 0.858831
vt 0.688262 0.856494
vt 0.681570 0.211144
vt 0.683522 0.208903
vt 0.683754 0.209336
vt 0.635091 0.855366
vt 0.635583 0.855270
vt 0.634600 0.855270
vt 0.574313 0.299489
vt 0.574082 0.299923
vt 0.574545 0.299056
vt 0.688754 0.853983
vt 0.689245 0.854079
vt 0.688262 0.854079
vt 0.683985 0.209770
vt 0.686054 0.207637
vt 0.686262 0.208082
vt 0.635091 0.852825
vt 0.635583 0.852738
vt 0.634600 0.852738
vt 0.576822 0.300744
vt 0.576614 0.301189
vt 0.577030 0.300298
vt 0.688754 0.851508
vt 0.689245 0.851594
vt 0.688262 0.851594
vt 0.686470 0.208528
vt 0.688651 0.206507
vt 0.688835 0.206963
vt 0.635091 0.850218
vt 0.635583 0.850142
vt 0.634600 0.850142
vt 0.579394 0.301863
vt 0.579210 0.302319
vt 0.579578 0.301407
vt 0.688754 0.848970
vt 0.689245 0.849046
vt 0.688262 0.849046
vt 0.689019 0.207419
vt 0.691302 0.205517
vt 0.691462 0.205982
vt 0.635091 0.847557
vt 0.635583 0.847491
vt 0.634600 0.847491
vt 0.582021 0.302843
vt 0.581862 0.303308
vt 0.582181 0.302378
vt 0.688754 0.846377
vt 0.689245 0.846443
vt 0.688262 0.846443
vt 0.691621 0.206447
vt 0.694003 0.204670
vt 0.694138 0.205143
vt 0.635091 0.844845
vt 0.635583 0.844790
vt 0.634600 0.844790
vt 0.584697 0.303683
vt 0.584563 0.304156
vt 0.584832 0.303210
vt 0.688754 0.843737
vt 0.689245 0.843792
vt 0.688262 0.843792
vt 0.694272 0.205616
vt 0.696746 0.203969
vt 0.696855 0.204448
vt 0.635091 0.842092
vt 0.635583 0.842047
vt 0.634600 0.842047
vt 0.587415 0.304377
vt 0.587306 0.304857
vt 0.587523 0.303898
vt 0.688754 0.841056
vt 0.689245 0.841101
vt 0.688262 0.841101
vt 0.696964 0.204928
vt 0.699523 0.203417
vt 0.699606 0.203902
vt 0.635091 0.839304
vt 0.635583 0.839269
vt 0.634600 0.839269
vt 0.590165 0.304924
vt 0.590083 0.305409
vt 0.590248 0.304439
vt 0.688754 0.838342
vt 0.689245 0.838376
vt 0.688262 0.838376
vt 0.699688 0.204386
vt 0.702327 0.203018
vt 0.702383 0.203507
vt 0.635091 0.836489
vt 0.635583 0.836466
vt 0.634600 0.836466
vt 0.592942 0.305319
vt 0.592886 0.305807
vt 0.592998 0.304830
vt 0.688754 0.835603
vt 0.689245 0.835626
vt 0.688262 0.835626
vt 0.702438 0.203995
vt 0.705149 0.202777
vt 0.705177 0.203267
vt 0.635091 0.833656
vt 0.635583 0.833644
vt 0.634600 0.833644
vt 0.595736 0.305558
vt 0.595708 0.306049
vt 0.595765 0.305068
vt 0.688754 0.832848
vt 0.689245 0.832860
vt 0.688262 0.832860
vt 0.705205 0.203758
vt 0.707980 0.202695
vt 0.707980 0.203187
vt 0.635091 0.830812
vt 0.635583 0.830812
vt 0.634600 0.830812
vt 0.598540 0.305639
vt 0.598540 0.306131
vt 0.598540 0.305147
vt 0.688754 0.830084
vt 0.689245 0.830084
vt 0.688262 0.830084
vt 0.707980 0.203678
vt 0.710812 0.202777
vt 0.710784 0.203267
vt 0.635091 0.827969
vt 0.635583 0.827981
vt 0.634600 0.827981
vt 0.601343 0.305558
vt 0.601371 0.306049
vt 0.601315 0.305068
vt 0.688754 0.827321
vt 0.689245 0.827309
vt 0.688262 0.827309
vt 0.710756 0.203758
vt 0.713634 0.203018
vt 0.713578 0.203507
vt 0.635091 0.825136
vt 0.635583 0.825159
vt 0.634600 0.825159
vt 0.604138 0.305319
vt 0.604193 0.305807
vt 0.604082 0.304830
vt 0.688754 0.824565
vt 0.689245 0.824542
vt 0.688262 0.824542
vt 0.713522 0.203995
vt 0.716437 0.203417
vt 0.716355 0.203902
vt 0.635091 0.822321
vt 0.635583 0.822355
vt 0.634600 0.822355
vt 0.606914 0.304924
vt 0.606997 0.305409
vt 0.606832 0.304439
vt 0.688754 0.821827
vt 0.689245 0.821793
vt 0.688262 0.821793
vt 0.716272 0.204386
vt 0.719214 0.203969
vt 0.719106 0.204448
vt 0.635091 0.819533
vt 0.635583 0.819578
vt 0.634600 0.819578
vt 0.609665 0.304377
vt 0.609774 0.304857
vt 0.609556 0.303898
vt 0.688754 0.819113
vt 0.689245 0.819068
vt 0.688262 0.819068
vt 0.718997 0.204928
vt 0.721957 0.204670
vt 0.721823 0.205143
vt 0.635091 0.816780
vt 0.635583 0.816835
vt 0.634600 0.816835
vt 0.612382 0.303683
vt 0.612517 0.304156
vt 0.612248 0.303210
vt 0.688754 0.816432
vt 0.689245 0.816376
vt 0.688262 0.816376
vt 0.721688 0.205616
vt 0.724658 0.205517
vt 0.724499 0.205982
vt 0.635091 0.814068
vt 0.635583 0.814134
vt 0.634600 0.814134
vt 0.615058 0.302843
vt 0.615218 0.303308
vt 0.614899 0.302378
vt 0.688754 0.813792
vt 0.689245 0.813725
vt 0.688262 0.813725
vt 0.724339 0.206447
vt 0.727310 0.206507
vt 0.727126 0.206963
vt 0.635091 0.811406
vt 0.635583 0.811483
vt 0.634600 0.811483
vt 0.617685 0.301863
vt 0.617869 0.302319
vt 0.617501 0.301407
vt 0.688754 0.811199
vt 0.689245 0.811123
vt 0.688262 0.811123
vt 0.726942 0.207419
vt 0.729906 0.207637
vt 0.729698 0.208082
vt 0.635091 0.808800
vt 0.635583 0.808886
vt 0.634600 0.808886
vt 0.620258 0.300744
vt 0.620466 0.301189
vt 0.620050 0.300298
vt 0.688754 0.808661
vt 0.689245 0.808574
vt 0.688262 0.808574
vt 0.729490 0.208528
vt 0.732438 0.208903
vt 0.732207 0.209336
vt 0.635091 0.806258
vt 0.635583 0.806354
vt 0.634600 0.806354
vt 0.622766 0.299489
vt 0.622998 0.299923
vt 0.622535 0.299056
vt 0.688754 0.806185
vt 0.689245 0.806090
vt 0.688262 0.806090
vt 0.731975 0.209770
vt 0.734899 0.210303
vt 0.734645 0.210723
vt 0.635091 0.803788
vt 0.635583 0.803894
vt 0.634600 0.803894
vt 0.625204 0.298103
vt 0.625459 0.298523
vt 0.624950 0.297682
vt 0.688754 0.803780
vt 0.689245 0.803675
vt 0.688262 0.803675
vt 0.734390 0.211144
vt 0.737281 0.211833
vt 0.737004 0.212239
vt 0.635091 0.801397
vt 0.635583 0.801512
vt 0.634600 0.801512
vt 0.627564 0.296586
vt 0.627841 0.296993
vt 0.627287 0.296180
vt 0.688754 0.801452
vt 0.689245 0.801337
vt 0.688262 0.801337
vt 0.736727 0.212646
vt 0.739576 0.213492
vt 0.739277 0.213882
vt 0.069101 0.289413
vt 0.068610 0.289581
vt 0.068610 0.287916
vt 0.069101 0.287754
vt 0.068118 0.289413
vt 0.068118 0.287754
vt 0.629837 0.294944
vt 0.630136 0.295334
vt 0.629538 0.294553
vt 0.026020 0.213938
vt 0.026511 0.214107
vt 0.026511 0.215727
vt 0.026020 0.215565
vt 0.027003 0.213938
vt 0.027003 0.215565
vt 0.738979 0.214272
vt 0.741776 0.215275
vt 0.741456 0.215648
vt 0.068610 0.286125
vt 0.069101 0.285971
vt 0.068118 0.285971
vt 0.632016 0.293178
vt 0.632336 0.293551
vt 0.631695 0.292805
vt 0.026511 0.217469
vt 0.026020 0.217314
vt 0.027003 0.217314
vt 0.741136 0.216021
vt 0.743874 0.217181
vt 0.743533 0.217535
vt 0.068610 0.284211
vt 0.069101 0.284065
vt 0.068118 0.284065
vt 0.634092 0.291290
vt 0.634433 0.291645
vt 0.633751 0.290936
vt 0.026511 0.219329
vt 0.026020 0.219182
vt 0.027003 0.219182
vt 0.743192 0.217890
vt 0.745856 0.219202
vt 0.745496 0.219536
vt 0.068610 0.282182
vt 0.069101 0.282043
vt 0.068118 0.282043
vt 0.636055 0.289289
vt 0.636416 0.289623
vt 0.635694 0.288955
vt 0.026511 0.221302
vt 0.026020 0.221163
vt 0.027003 0.221163
vt 0.745135 0.219870
vt 0.747721 0.221334
vt 0.747342 0.221647
vt 0.068610 0.280041
vt 0.069101 0.279912
vt 0.068118 0.279912
vt 0.637902 0.287178
vt 0.638281 0.287492
vt 0.637523 0.286865
vt 0.026511 0.223383
vt 0.026020 0.223253
vt 0.027003 0.223253
vt 0.746963 0.221960
vt 0.749463 0.223567
vt 0.749067 0.223858
vt 0.068610 0.277800
vt 0.069101 0.277679
vt 0.068118 0.277679
vt 0.639627 0.284967
vt 0.640023 0.285259
vt 0.639231 0.284676
vt 0.026511 0.225564
vt 0.026020 0.225443
vt 0.027003 0.225443
vt 0.748672 0.224150
vt 0.751080 0.225892
vt 0.750668 0.226161
vt 0.068610 0.275466
vt 0.069101 0.275354
vt 0.068118 0.275354
vt 0.641228 0.282664
vt 0.641639 0.282934
vt 0.640817 0.282395
vt 0.026511 0.227835
vt 0.026020 0.227724
vt 0.027003 0.227724
vt 0.750257 0.226431
vt 0.752567 0.228301
vt 0.752142 0.228548
vt 0.068610 0.273047
vt 0.069101 0.272945
vt 0.068118 0.272945
vt 0.642701 0.280278
vt 0.643126 0.280525
vt 0.642276 0.280031
vt 0.026511 0.230190
vt 0.026020 0.230087
vt 0.027003 0.230087
vt 0.751716 0.228795
vt 0.753922 0.230786
vt 0.753484 0.231010
vt 0.068610 0.270552
vt 0.069101 0.270460
vt 0.068118 0.270460
vt 0.644044 0.277816
vt 0.644482 0.278039
vt 0.643606 0.277592
vt 0.026511 0.232619
vt 0.026020 0.232527
vt 0.027003 0.232527
vt 0.753047 0.231234
vt 0.755143 0.233340
vt 0.754694 0.233540
vt 0.068610 0.267988
vt 0.069101 0.267905
vt 0.068118 0.267905
vt 0.645254 0.275285
vt 0.645703 0.275485
vt 0.644805 0.275085
vt 0.026511 0.235116
vt 0.026020 0.235033
vt 0.027003 0.235033
vt 0.754245 0.233741
vt 0.756226 0.235956
vt 0.755767 0.236132
vt 0.068610 0.265363
vt 0.069101 0.265290
vt 0.068118 0.265290
vt 0.646327 0.272694
vt 0.646786 0.272870
vt 0.645868 0.272518
vt 0.026511 0.237673
vt 0.026020 0.237600
vt 0.027003 0.237600
vt 0.755308 0.236308
vt 0.757169 0.238625
vt 0.756701 0.238776
vt 0.068610 0.262684
vt 0.069101 0.262621
vt 0.068118 0.262621
vt 0.647261 0.270050
vt 0.647729 0.270201
vt 0.646793 0.269898
vt 0.026511 0.240283
vt 0.026020 0.240220
vt 0.027003 0.240220
vt 0.756234 0.238927
vt 0.757968 0.241341
vt 0.757493 0.241467
vt 0.068610 0.259957
vt 0.069101 0.259905
vt 0.068118 0.259905
vt 0.648052 0.267359
vt 0.648528 0.267485
vt 0.647577 0.267233
vt 0.026511 0.242938
vt 0.026020 0.242886
vt 0.027003 0.242886
vt 0.757018 0.241593
vt 0.758620 0.244096
vt 0.758139 0.244196
vt 0.068610 0.257191
vt 0.069101 0.257150
vt 0.068118 0.257150
vt 0.648698 0.264630
vt 0.649179 0.264730
vt 0.648217 0.264529
vt 0.026511 0.245631
vt 0.026020 0.245589
vt 0.027003 0.245589
vt 0.757657 0.244296
vt 0.759121 0.246883
vt 0.758635 0.246956
vt 0.068610 0.254394
vt 0.069101 0.254363
vt 0.068118 0.254363
vt 0.649195 0.261869
vt 0.649681 0.261943
vt 0.648708 0.261796
vt 0.026511 0.248353
vt 0.026020 0.248323
vt 0.027003 0.248323
vt 0.758149 0.247030
vt 0.759468 0.249693
vt 0.758978 0.249740
vt 0.068610 0.251572
vt 0.069101 0.251552
vt 0.068118 0.251552
vt 0.649538 0.259086
vt 0.650027 0.259132
vt 0.649049 0.259039
vt 0.026511 0.251099
vt 0.026020 0.251079
vt 0.027003 0.251079
vt 0.758489 0.249787
vt 0.759657 0.252519
vt 0.759165 0.252538
vt 0.068610 0.248734
vt 0.069101 0.248726
vt 0.068118 0.248726
vt 0.649725 0.256287
vt 0.650216 0.256306
vt 0.649234 0.256269
vt 0.026511 0.253858
vt 0.026020 0.253850
vt 0.027003 0.253850
vt 0.758674 0.252557
vt 0.759684 0.255351
vt 0.759192 0.255341
vt 0.068610 0.245891
vt 0.069101 0.245895
vt 0.068118 0.245895
vt 0.649752 0.253485
vt 0.650243 0.253475
vt 0.649260 0.253494
vt 0.026511 0.256621
vt 0.026020 0.256625
vt 0.027003 0.256625
vt 0.758701 0.255332
vt 0.759549 0.258182
vt 0.759058 0.258144
vt 0.068610 0.243049
vt 0.069101 0.243064
vt 0.068118 0.243064
vt 0.649618 0.250682
vt 0.650108 0.250644
vt 0.649128 0.250719
vt 0.026511 0.259384
vt 0.026020 0.259400
vt 0.027003 0.259400
vt 0.758568 0.258107
vt 0.759254 0.260998
vt 0.758767 0.260933
vt 0.068610 0.240221
vt 0.069101 0.240248
vt 0.068118 0.240248
vt 0.649326 0.247892
vt 0.649814 0.247827
vt 0.648839 0.247957
vt 0.026511 0.262135
vt 0.026020 0.262162
vt 0.027003 0.262162
vt 0.758279 0.260869
vt 0.758804 0.263794
vt 0.758321 0.263702
vt 0.068610 0.237414
vt 0.069101 0.237452
vt 0.068118 0.237452
vt 0.648880 0.245123
vt 0.649363 0.245032
vt 0.648397 0.245215
vt 0.026511 0.264866
vt 0.026020 0.264904
vt 0.027003 0.264904
vt 0.757838 0.263611
vt 0.758202 0.266560
vt 0.757724 0.266443
vt 0.068610 0.234637
vt 0.069101 0.234685
vt 0.068118 0.234685
vt 0.648284 0.242383
vt 0.648761 0.242265
vt 0.647807 0.242500
vt 0.026511 0.267570
vt 0.026020 0.267618
vt 0.027003 0.267618
vt 0.757247 0.266325
vt 0.757452 0.269290
vt 0.756981 0.269147
vt 0.068610 0.231896
vt 0.069101 0.231955
vt 0.068118 0.231955
vt 0.647541 0.239678
vt 0.648011 0.239535
vt 0.647070 0.239821
vt 0.026511 0.270238
vt 0.026020 0.270297
vt 0.027003 0.270297
vt 0.756511 0.269004
vt 0.756556 0.271976
vt 0.756094 0.271808
vt 0.068610 0.229200
vt 0.069101 0.229270
vt 0.068118 0.229270
vt 0.646654 0.237018
vt 0.647116 0.236850
vt 0.646192 0.237185
vt 0.026511 0.272864
vt 0.026020 0.272933
vt 0.027003 0.272933
vt 0.755632 0.271640
vt 0.755519 0.274611
vt 0.755067 0.274418
vt 0.068610 0.226556
vt 0.069101 0.226635
vt 0.068118 0.226635
vt 0.645626 0.234407
vt 0.646079 0.234215
vt 0.645174 0.234599
vt 0.026511 0.275440
vt 0.026020 0.275519
vt 0.027003 0.275519
vt 0.754614 0.274226
vt 0.754344 0.277185
vt 0.753903 0.276969
vt 0.068610 0.223971
vt 0.069101 0.224061
vt 0.068118 0.224061
vt 0.644462 0.231856
vt 0.644904 0.231640
vt 0.644021 0.232072
vt 0.026511 0.277957
vt 0.026020 0.278046
vt 0.027003 0.278046
vt 0.753461 0.276753
vt 0.753033 0.279694
vt 0.752604 0.279455
vt 0.068610 0.221452
vt 0.069101 0.221551
vt 0.068118 0.221551
vt 0.643163 0.229371
vt 0.643593 0.229131
vt 0.642734 0.229610
vt 0.026511 0.280410
vt 0.026020 0.280509
vt 0.027003 0.280509
vt 0.752174 0.279216
vt 0.751590 0.282130
vt 0.751174 0.281868
vt 0.068610 0.219008
vt 0.069101 0.219116
vt 0.068118 0.219116
vt 0.641733 0.226958
vt 0.642149 0.226696
vt 0.641317 0.227220
vt 0.026511 0.282790
vt 0.026020 0.282899
vt 0.027003 0.282899
vt 0.750758 0.281606
vt 0.750016 0.284484
vt 0.749615 0.284199
vt 0.068610 0.216644
vt 0.069101 0.216762
vt 0.068118 0.216762
vt 0.640175 0.224626
vt 0.640576 0.224342
vt 0.639774 0.224911
vt 0.026511 0.285090
vt 0.026020 0.285208
vt 0.027003 0.285208
vt 0.749214 0.283915
vt 0.748316 0.286748
vt 0.747931 0.286442
vt 0.068610 0.214371
vt 0.069101 0.214498
vt 0.068118 0.214498
vt 0.638490 0.222384
vt 0.638875 0.222078
vt 0.638106 0.222690
vt 0.026511 0.287302
vt 0.026020 0.287429
vt 0.027003 0.287429
vt 0.747546 0.286136
vt 0.746491 0.288914
vt 0.746124 0.288587
vt 0.068610 0.212196
vt 0.069101 0.212331
vt 0.068118 0.212331
vt 0.636684 0.220238
vt 0.637051 0.219911
vt 0.636317 0.220566
vt 0.026511 0.289417
vt 0.026020 0.289553
vt 0.027003 0.289553
vt 0.745757 0.288260
vt 0.744547 0.290974
vt 0.744199 0.290627
vt 0.068610 0.210128
vt 0.069101 0.210272
vt 0.068118 0.210272
vt 0.634759 0.218199
vt 0.635106 0.217851
vt 0.634411 0.218547
vt 0.026511 0.291428
vt 0.026020 0.291572
vt 0.027003 0.291572
vt 0.743851 0.290279
vt 0.742437 0.292964
vt 0.742110 0.292596
vt 0.068610 0.208130
vt 0.069101 0.208282
vt 0.068118 0.208282
vt 0.632669 0.216229
vt 0.632996 0.215862
vt 0.632343 0.216597
vt 0.026511 0.293370
vt 0.026020 0.293522
vt 0.027003 0.293522
vt 0.741783 0.292229
vt 0.740215 0.294827
vt 0.739910 0.294441
vt 0.068610 0.206259
vt 0.069101 0.206419
vt 0.068118 0.206419
vt 0.630469 0.214384
vt 0.630774 0.213999
vt 0.630164 0.214770
vt 0.026511 0.295189
vt 0.026020 0.295349
vt 0.027003 0.295349
vt 0.739605 0.294056
vt 0.737891 0.296560
vt 0.737608 0.296158
vt 0.068610 0.204519
vt 0.069101 0.204685
vt 0.068118 0.204685
vt 0.628168 0.212668
vt 0.628450 0.212265
vt 0.627885 0.213070
vt 0.026511 0.296882
vt 0.026020 0.297049
vt 0.027003 0.297049
vt 0.737325 0.295756
vt 0.735474 0.298160
vt 0.735214 0.297743
vt 0.068610 0.202912
vt 0.069101 0.203085
vt 0.068118 0.203085
vt 0.625773 0.211083
vt 0.626033 0.210665
vt 0.625513 0.211500
vt 0.026511 0.298446
vt 0.026020 0.298619
vt 0.027003 0.298619
vt 0.734954 0.297326
vt 0.732972 0.299624
vt 0.732735 0.299193
vt 0.531108 0.908881
vt 0.531600 0.908773
vt 0.531600 0.911285
vt 0.531108 0.911383
vt 0.532091 0.908881
vt 0.532091 0.911383
vt 0.623295 0.209633
vt 0.623531 0.209202
vt 0.623058 0.210064
vt 0.577105 0.916496
vt 0.577596 0.916604
vt 0.577596 0.919049
vt 0.577105 0.918951
vt 0.578088 0.916496
vt 0.578088 0.918951
vt 0.732499 0.298762
vt 0.730394 0.300948
vt 0.730181 0.300505
vt 0.531600 0.913873
vt 0.531108 0.913961
vt 0.532091 0.913961
vt 0.620741 0.208321
vt 0.620953 0.207878
vt 0.620528 0.208764
vt 0.577596 0.921570
vt 0.577105 0.921482
vt 0.578088 0.921482
vt 0.729969 0.300062
vt 0.727747 0.302130
vt 0.727559 0.301675
vt 0.531600 0.916529
vt 0.531108 0.916607
vt 0.532091 0.916607
vt 0.618119 0.207150
vt 0.618307 0.206696
vt 0.617931 0.207604
vt 0.577596 0.924157
vt 0.577105 0.924079
vt 0.578088 0.924079
vt 0.727371 0.301221
vt 0.725041 0.303165
vt 0.724877 0.302702
vt 0.531600 0.919246
vt 0.531108 0.919314
vt 0.532091 0.919314
vt 0.615437 0.206124
vt 0.615600 0.205660
vt 0.615274 0.206588
vt 0.577596 0.926804
vt 0.577105 0.926736
vt 0.578088 0.926736
vt 0.724714 0.302238
vt 0.722281 0.304052
vt 0.722144 0.303580
vt 0.531600 0.922016
vt 0.531108 0.922073
vt 0.532091 0.922073
vt 0.612703 0.205246
vt 0.612841 0.204774
vt 0.612566 0.205717
vt 0.577596 0.929501
vt 0.577105 0.929444
vt 0.578088 0.929444
vt 0.722006 0.303108
vt 0.719477 0.304786
vt 0.719366 0.304307
vt 0.531600 0.924831
vt 0.531108 0.924877
vt 0.532091 0.924877
vt 0.609925 0.204518
vt 0.610037 0.204039
vt 0.609814 0.204997
vt 0.577596 0.932242
vt 0.577105 0.932196
vt 0.578088 0.932196
vt 0.719255 0.303829
vt 0.716637 0.305364
vt 0.716552 0.304880
vt 0.531600 0.927683
vt 0.531108 0.927718
vt 0.532091 0.927718
vt 0.607112 0.203946
vt 0.607196 0.203462
vt 0.607027 0.204430
vt 0.577596 0.935018
vt 0.577105 0.934983
vt 0.578088 0.934983
vt 0.716468 0.304395
vt 0.713768 0.305782
vt 0.713711 0.305293
vt 0.531600 0.930563
vt 0.531108 0.930587
vt 0.532091 0.930587
vt 0.604270 0.203532
vt 0.604327 0.203044
vt 0.604213 0.204021
vt 0.577596 0.937820
vt 0.577105 0.937797
vt 0.578088 0.937797
vt 0.713654 0.304805
vt 0.710879 0.306035
vt 0.710850 0.305544
vt 0.531600 0.933463
vt 0.531108 0.933475
vt 0.532091 0.933475
vt 0.601410 0.203281
vt 0.601439 0.202791
vt 0.601381 0.203772
vt 0.577596 0.940641
vt 0.577105 0.940629
vt 0.578088 0.940629
vt 0.710822 0.305054
vt 0.707980 0.306121
vt 0.707980 0.305629
vt 0.531600 0.936374
vt 0.531108 0.936374
vt 0.532091 0.936374
vt 0.598540 0.203197
vt 0.598540 0.202705
vt 0.598540 0.203688
vt 0.577596 0.943470
vt 0.577105 0.943470
vt 0.578088 0.943470
vt 0.707980 0.305137
vn -0.000272 0.999957 -0.009250
vn -0.020948 0.702303 -0.711570
vn -0.041591 0.702515 -0.710452
vn -0.000532 0.999958 -0.009118
vn -0.029428 -0.000002 -0.999567
vn -0.058442 -0.000001 -0.998291
vn -0.020949 -0.702305 -0.711568
vn -0.041591 -0.702516 -0.710452
vn -0.000272 -0.999957 -0.009251
vn -0.000532 -0.999958 -0.009120
vn 0.020678 -0.711556 0.702326
vn 0.041062 -0.711650 0.701333
vn 0.029430 0.000002 0.999567
vn 0.058448 0.000001 0.998290
vn 0.020678 0.711557 0.702324
vn 0.041062 0.711650 0.701333
vn -0.082384 0.702600 -0.706800
vn -0.001037 0.999960 -0.008904
vn -0.115775 -0.000000 -0.993276
vn -0.082383 -0.702600 -0.706800
vn -0.001037 -0.999960 -0.008906
vn 0.081350 -0.711568 0.697892
vn 0.115781 0.000000 0.993275
vn 0.081350 0.711566 0.697894
vn -0.122206 0.702670 -0.700943
vn -0.001514 0.999961 -0.008696
vn -0.171755 0.000000 -0.985140
vn -0.122206 -0.702672 -0.700941
vn -0.001514 -0.999961 -0.008692
vn 0.120694 -0.711498 0.692246
vn 0.171760 0.000001 0.985139
vn 0.120694 0.711497 0.692246
vn -0.161068 0.702728 -0.692987
vn -0.001971 0.999962 -0.008488
vn -0.226391 0.000000 -0.974037
vn -0.161068 -0.702729 -0.692986
vn -0.001971 -0.999962 -0.008484
vn 0.159098 -0.711440 0.684500
vn 0.226394 0.000002 0.974036
vn 0.159098 0.711442 0.684499
vn -0.198997 0.702771 -0.683018
vn -0.002413 0.999963 -0.008284
vn -0.279720 0.000000 -0.960082
vn -0.198997 -0.702772 -0.683017
vn -0.002413 -0.999963 -0.008282
vn 0.196585 -0.711398 0.674735
vn 0.279721 0.000003 0.960081
vn 0.196584 0.711400 0.674733
vn -0.236037 0.702796 -0.671092
vn -0.002846 0.999963 -0.008092
vn -0.331797 0.000001 -0.943351
vn -0.236037 -0.702797 -0.671091
vn -0.002846 -0.999963 -0.008091
vn 0.233192 -0.711374 0.663000
vn 0.331798 0.000002 0.943350
vn 0.233192 0.711374 0.662999
vn -0.272234 0.702805 -0.657232
vn -0.003276 0.999963 -0.007910
vn -0.382683 0.000000 -0.923880
vn -0.272234 -0.702805 -0.657232
vn -0.003276 -0.999963 -0.007909
vn 0.268958 -0.711365 0.649323
vn 0.382683 0.000000 0.923880
vn 0.268959 0.711365 0.649323
vn -0.307629 0.702796 -0.641438
vn -0.003710 0.999963 -0.007736
vn -0.432434 -0.000000 -0.901666
vn -0.307629 -0.702797 -0.641436
vn -0.003709 -0.999963 -0.007733
vn 0.303920 -0.711374 0.633704
vn 0.432432 0.000000 0.901667
vn 0.303919 0.711374 0.633704
vn -0.342255 0.702770 -0.623679
vn -0.004152 0.999963 -0.007564
vn -0.481089 0.000000 -0.876672
vn -0.342255 -0.702771 -0.623678
vn -0.004151 -0.999963 -0.007562
vn 0.338102 -0.711400 0.616115
vn 0.481088 0.000002 0.876673
vn 0.338102 0.711399 0.616115
vn -0.376124 0.702728 -0.603907
vn -0.004607 0.999962 -0.007393
vn -0.528666 0.000000 -0.848830
vn -0.376124 -0.702729 -0.603907
vn -0.004606 -0.999962 -0.007393
vn 0.371515 -0.711441 0.596514
vn 0.528663 0.000001 0.848832
vn 0.371515 0.711441 0.596514
vn -0.409228 0.702670 -0.582054
vn -0.005077 0.999961 -0.007220
vn -0.575150 -0.000000 -0.818048
vn -0.409228 -0.702670 -0.582054
vn -0.005077 -0.999961 -0.007219
vn 0.404148 -0.711497 0.574836
vn 0.575146 0.000001 0.818051
vn 0.404148 0.711498 0.574835
vn -0.441530 0.702599 -0.558038
vn -0.005566 0.999960 -0.007033
vn -0.620488 0.000000 -0.784216
vn -0.441530 -0.702599 -0.558037
vn -0.005565 -0.999960 -0.007034
vn 0.435962 -0.711568 0.551006
vn 0.620482 0.000001 0.784221
vn 0.435962 0.711568 0.551006
vn -0.472956 0.702515 -0.531776
vn -0.006072 0.999958 -0.006825
vn -0.664574 -0.000000 -0.747222
vn -0.472957 -0.702516 -0.531773
vn -0.006072 -0.999958 -0.006824
vn 0.466881 -0.711651 0.524952
vn 0.664569 -0.000001 0.747227
vn 0.466881 0.711651 0.524952
vn -0.502893 0.702500 -0.503580
vn -0.006477 0.999958 -0.006488
vn -0.706626 -0.000000 -0.707587
vn -0.502894 -0.702501 -0.503578
vn -0.006476 -0.999958 -0.006485
vn 0.496414 -0.711668 0.497093
vn 0.706622 0.000001 0.707591
vn 0.496414 0.711668 0.497093
vn -0.531080 0.702597 -0.473616
vn -0.006696 0.999960 -0.005974
vn -0.746330 -0.000000 -0.665576
vn -0.531080 -0.702596 -0.473616
vn -0.006697 -0.999960 -0.005973
vn 0.524385 -0.711571 0.467639
vn 0.746333 0.000002 0.665572
vn 0.524384 0.711571 0.467641
vn -0.556806 0.702678 -0.442956
vn -0.006896 0.999961 -0.005488
vn -0.782573 -0.000000 -0.622559
vn -0.556807 -0.702678 -0.442955
vn -0.006896 -0.999961 -0.005488
vn 0.549912 -0.711492 0.437466
vn 0.782576 0.000000 0.622555
vn 0.549912 0.711493 0.437465
vn -0.580385 0.702749 -0.411457
vn -0.007077 0.999962 -0.005018
vn -0.815792 -0.000000 -0.578345
vn -0.580386 -0.702749 -0.411457
vn -0.007076 -0.999962 -0.005019
vn 0.573312 -0.711422 0.406439
vn 0.815795 -0.000000 0.578342
vn 0.573312 0.711423 0.406438
vn -0.601897 0.702805 -0.379190
vn -0.007245 0.999963 -0.004565
vn -0.846095 0.000000 -0.533032
vn -0.601897 -0.702805 -0.379189
vn -0.007245 -0.999963 -0.004566
vn 0.594654 -0.711368 0.374623
vn 0.846097 0.000002 0.533029
vn 0.594654 0.711367 0.374624
vn -0.621416 0.702847 -0.346192
vn -0.007408 0.999964 -0.004129
vn -0.873584 -0.000000 -0.486674
vn -0.621416 -0.702847 -0.346191
vn -0.007408 -0.999964 -0.004127
vn 0.614009 -0.711327 0.342062
vn 0.873586 0.000002 0.486670
vn 0.614009 0.711328 0.342061
vn -0.639005 0.702874 -0.312475
vn -0.007570 0.999965 -0.003703
vn -0.898344 0.000000 -0.439292
vn -0.639005 -0.702874 -0.312475
vn -0.007570 -0.999965 -0.003701
vn 0.631435 -0.711301 0.308773
vn 0.898345 0.000000 0.439291
vn 0.631436 0.711301 0.308771
vn -0.654722 0.702884 -0.278018
vn -0.007738 0.999965 -0.003286
vn -0.920451 0.000000 -0.390857
vn -0.654721 -0.702884 -0.278019
vn -0.007738 -0.999965 -0.003285
vn 0.646983 -0.711290 0.274734
vn 0.920451 0.000002 0.390858
vn 0.646983 0.711291 0.274733
vn -0.668584 0.702878 -0.242813
vn -0.007913 0.999965 -0.002873
vn -0.939933 0.000000 -0.341360
vn -0.668584 -0.702878 -0.242813
vn -0.007913 -0.999965 -0.002873
vn 0.660672 -0.711296 0.239941
vn 0.939932 0.000002 0.341361
vn 0.660672 0.711296 0.239940
vn -0.680607 0.702856 -0.206802
vn -0.008095 0.999964 -0.002459
vn -0.956807 -0.000000 -0.290725
vn -0.680608 -0.702856 -0.206801
vn -0.008095 -0.999964 -0.002458
vn 0.672513 -0.711316 0.204344
vn 0.956806 -0.000000 0.290726
vn 0.672512 0.711316 0.204344
vn -0.690768 0.702820 -0.169954
vn -0.008285 0.999964 -0.002038
vn -0.971041 0.000000 -0.238912
vn -0.690768 -0.702820 -0.169954
vn -0.008285 -0.999964 -0.002038
vn 0.682483 -0.711352 0.167918
vn 0.971041 -0.000000 0.238915
vn 0.682483 0.711352 0.167918
vn -0.699023 0.702768 -0.132227
vn -0.008484 0.999963 -0.001604
vn -0.982575 0.000000 -0.185864
vn -0.699023 -0.702768 -0.132227
vn -0.008484 -0.999963 -0.001604
vn 0.690539 -0.711402 0.130626
vn 0.982575 0.000000 0.185868
vn 0.690539 0.711402 0.130626
vn -0.705301 0.702703 -0.093589
vn -0.008689 0.999962 -0.001151
vn -0.991311 -0.000000 -0.131541
vn -0.705301 -0.702703 -0.093589
vn -0.008688 -0.999962 -0.001151
vn 0.696614 -0.711466 0.092441
vn 0.991310 0.000000 0.131547
vn 0.696614 0.711466 0.092441
vn -0.709510 0.702622 -0.054014
vn -0.008895 0.999960 -0.000676
vn -0.997115 -0.000000 -0.075910
vn -0.709510 -0.702622 -0.054014
vn -0.008895 -0.999960 -0.000676
vn 0.700613 -0.711545 0.053342
vn 0.997114 0.000000 0.075916
vn 0.700613 0.711545 0.053342
vn -0.711508 0.702546 -0.013589
vn -0.009068 0.999959 -0.000172
vn -0.999818 0.000000 -0.019097
vn -0.711508 -0.702546 -0.013590
vn -0.009068 -0.999959 -0.000172
vn 0.702437 -0.711620 0.013419
vn 0.999818 0.000000 0.019099
vn 0.702437 0.711620 0.013418
vn -0.711097 0.702570 0.027156
vn -0.009020 0.999959 0.000343
vn -0.999272 0.000000 0.038161
vn -0.711097 -0.702570 0.027156
vn -0.009020 -0.999959 0.000342
vn 0.702074 -0.711599 -0.026816
vn 0.999271 0.000000 -0.038167
vn 0.702074 0.711599 -0.026816
vn -0.708342 0.702653 0.067316
vn -0.008825 0.999961 0.000837
vn -0.995515 -0.000000 0.094608
vn -0.708341 -0.702653 0.067316
vn -0.008825 -0.999961 0.000837
vn 0.699518 -0.711516 -0.066482
vn 0.995514 0.000002 -0.094613
vn 0.699517 0.711517 -0.066482
vn -0.703433 0.702727 0.106571
vn -0.008620 0.999962 0.001304
vn -0.988717 -0.000000 0.149793
vn -0.703434 -0.702726 0.106571
vn -0.008620 -0.999962 0.001305
vn 0.694814 -0.711444 -0.105269
vn 0.988717 0.000000 -0.149797
vn 0.694815 0.711442 -0.105269
vn -0.696487 0.702786 0.144903
vn -0.008418 0.999963 0.001750
vn -0.979036 0.000000 0.203687
vn -0.696487 -0.702786 0.144903
vn -0.008418 -0.999963 0.001751
vn 0.688069 -0.711384 -0.143155
vn 0.979035 -0.000001 -0.203691
vn 0.688070 0.711383 -0.143155
vn -0.687589 0.702835 0.182332
vn -0.008220 0.999964 0.002179
vn -0.966593 0.000000 0.256317
vn -0.687588 -0.702836 0.182332
vn -0.008220 -0.999964 0.002179
vn 0.679370 -0.711337 -0.180155
vn 0.966592 -0.000000 -0.256320
vn 0.679370 0.711338 -0.180154
vn -0.676806 0.702865 0.218894
vn -0.008032 0.999964 0.002597
vn -0.951474 -0.000000 0.307729
vn -0.676806 -0.702865 0.218894
vn -0.008032 -0.999964 0.002596
vn 0.668771 -0.711309 -0.216298
vn 0.951473 -0.000000 -0.307731
vn 0.668771 0.711309 -0.216297
vn -0.664172 0.702878 0.254633
vn -0.007853 0.999965 0.003011
vn -0.933730 -0.000000 0.357978
vn -0.664172 -0.702878 0.254633
vn -0.007853 -0.999965 0.003011
vn 0.656312 -0.711295 -0.251621
vn 0.933730 0.000002 -0.357979
vn 0.656313 0.711295 -0.251620
vn -0.649693 0.702878 0.289588
vn -0.007682 0.999965 0.003425
vn -0.913376 -0.000000 0.407118
vn -0.649693 -0.702878 0.289587
vn -0.007682 -0.999965 0.003423
vn 0.642007 -0.711293 -0.286163
vn 0.913375 0.000002 -0.407119
vn 0.642008 0.711293 -0.286161
vn -0.633357 0.702864 0.323791
vn -0.007516 0.999964 0.003843
vn -0.890392 0.000000 0.455195
vn -0.633357 -0.702865 0.323791
vn -0.007517 -0.999964 0.003843
vn 0.625840 -0.711307 -0.319949
vn 0.890392 0.000002 -0.455195
vn 0.625840 0.711307 -0.319948
vn -0.615127 0.702834 0.357272
vn -0.007355 0.999964 0.004274
vn -0.864728 -0.000000 0.502241
vn -0.615128 -0.702834 0.357271
vn -0.007355 -0.999964 0.004273
vn 0.607775 -0.711339 -0.352997
vn 0.864729 0.000002 -0.502239
vn 0.607775 0.711339 -0.352998
vn -0.594952 0.702786 0.390030
vn -0.007189 0.999963 0.004715
vn -0.836311 -0.000000 0.548256
vn -0.594953 -0.702786 0.390029
vn -0.007191 -0.999963 0.004714
vn 0.587763 -0.711385 -0.385312
vn 0.836313 -0.000001 -0.548252
vn 0.587765 0.711383 -0.385313
vn -0.572760 0.702726 0.422046
vn -0.007018 0.999962 0.005172
vn -0.805048 0.000001 0.593210
vn -0.572761 -0.702724 0.422046
vn -0.007018 -0.999962 0.005173
vn 0.565742 -0.711446 -0.416870
vn 0.805051 -0.000002 -0.593206
vn 0.565744 0.711444 -0.416871
vn -0.548473 0.702652 0.453274
vn -0.006833 0.999961 0.005650
vn -0.770833 0.000001 0.637037
vn -0.548474 -0.702652 0.453274
vn -0.006832 -0.999961 0.005649
vn 0.541643 -0.711517 -0.447623
vn 0.770837 -0.000001 -0.637033
vn 0.541644 0.711517 -0.447623
vn -0.522022 0.702570 0.483619
vn -0.006620 0.999959 0.006136
vn -0.733576 -0.000000 0.679607
vn -0.522023 -0.702571 0.483618
vn -0.006620 -0.999959 0.006137
vn 0.515404 -0.711598 -0.477480
vn 0.733580 0.000000 -0.679604
vn 0.515404 0.711597 -0.477482
vn -0.493501 0.702550 0.512719
vn -0.006290 0.999959 0.006534
vn -0.693475 0.000000 0.720481
vn -0.493501 -0.702549 0.512720
vn -0.006289 -0.999959 0.006533
vn 0.487210 -0.711619 -0.506187
vn 0.693473 -0.000000 -0.720483
vn 0.487210 0.711619 -0.506186
vn -0.463505 0.702623 0.539892
vn -0.005813 0.999960 0.006767
vn -0.651390 0.000000 0.758743
vn -0.463505 -0.702623 0.539893
vn -0.005812 -0.999960 0.006767
vn 0.457689 -0.711545 -0.533127
vn 0.651386 0.000000 -0.758747
vn 0.457690 0.711546 -0.533126
vn -0.432546 0.702702 0.564901
vn -0.005330 0.999962 0.006957
vn -0.607948 -0.000000 0.793977
vn -0.432546 -0.702702 0.564902
vn -0.005330 -0.999962 0.006958
vn 0.427214 -0.711468 -0.557945
vn 0.607945 0.000000 -0.793979
vn 0.427214 0.711467 -0.557945
vn -0.400786 0.702768 0.587782
vn -0.004866 0.999963 0.007133
vn -0.563360 0.000000 0.826212
vn -0.400785 -0.702767 0.587784
vn -0.004866 -0.999963 0.007134
vn 0.395918 -0.711402 -0.580651
vn 0.563356 0.000001 -0.826214
vn 0.395918 0.711403 -0.580650
vn -0.368271 0.702819 0.608623
vn -0.004418 0.999964 0.007299
vn -0.517693 0.000000 0.855566
vn -0.368271 -0.702818 0.608625
vn -0.004418 -0.999964 0.007302
vn 0.363852 -0.711352 -0.601323
vn 0.517691 0.000000 -0.855568
vn 0.363852 0.711353 -0.601323
vn -0.335032 0.702855 0.627494
vn -0.003985 0.999964 0.007461
vn -0.470992 0.000000 0.882138
vn -0.335032 -0.702855 0.627494
vn -0.003984 -0.999964 0.007463
vn 0.331046 -0.711317 -0.620030
vn 0.470991 0.000001 -0.882138
vn 0.331046 0.711316 -0.620031
vn -0.301066 0.702877 0.644455
vn -0.003563 0.999965 0.007624
vn -0.423255 0.000000 0.906011
vn -0.301066 -0.702876 0.644456
vn -0.003563 -0.999965 0.007628
vn 0.297502 -0.711296 -0.636828
vn 0.423254 0.000002 -0.906011
vn 0.297502 0.711295 -0.636829
vn -0.266369 0.702883 0.659548
vn -0.003148 0.999965 0.007796
vn -0.374479 -0.000000 0.927235
vn -0.266369 -0.702882 0.659548
vn -0.003148 -0.999965 0.007796
vn 0.263220 -0.711290 -0.651752
vn 0.374478 0.000001 -0.927236
vn 0.263220 0.711290 -0.651753
vn -0.230892 0.702871 0.672801
vn -0.002735 0.999964 0.007973
vn -0.324599 -0.000001 0.945852
vn -0.230893 -0.702872 0.672800
vn -0.002735 -0.999965 0.007973
vn 0.228158 -0.711301 -0.664827
vn 0.324600 -0.000000 -0.945852
vn 0.228157 0.711300 -0.664828
vn -0.194614 0.702844 0.684204
vn -0.002320 0.999964 0.008158
vn -0.273588 -0.000000 0.961847
vn -0.194614 -0.702846 0.684203
vn -0.002319 -0.999964 0.008158
vn 0.192296 -0.711327 -0.676045
vn 0.273590 0.000000 -0.961846
vn 0.192296 0.711327 -0.676044
vn -0.157479 0.702803 0.693735
vn -0.001895 0.999963 0.008352
vn -0.221370 0.000000 0.975190
vn -0.157478 -0.702805 0.693733
vn -0.001895 -0.999963 0.008350
vn 0.155585 -0.711366 -0.685384
vn 0.221372 0.000000 -0.975189
vn 0.155585 0.711369 -0.685382
vn -0.119450 0.702746 0.701341
vn -0.001455 0.999962 0.008554
vn -0.167899 -0.000000 0.985804
vn -0.119450 -0.702748 0.701339
vn -0.001455 -0.999962 0.008552
vn 0.117997 -0.711423 -0.692787
vn 0.167903 0.000001 -0.985803
vn 0.117997 0.711423 -0.692787
vn -0.080504 0.702676 0.706941
vn -0.000995 0.999961 0.008758
vn -0.113146 -0.000000 0.993578
vn -0.080504 -0.702678 0.706939
vn -0.000996 -0.999961 0.008755
vn 0.079511 -0.711492 -0.698181
vn 0.113152 0.000000 -0.993578
vn 0.079512 0.711493 -0.698181
vn -0.040632 0.702596 0.710428
vn -0.000510 0.999960 0.008959
vn -0.057102 -0.000001 0.998368
vn -0.040633 -0.702596 0.710428
vn -0.000511 -0.999960 0.008959
vn 0.040125 -0.711571 -0.701467
vn 0.057108 0.000000 -0.998368
vn 0.040125 0.711571 -0.701467
vn 0.000000 0.702542 0.711642
vn 0.000000 0.999959 0.009085
vn 0.000000 -0.000001 1.000000
vn -0.000000 -0.702540 0.711644
vn 0.000000 -0.999959 0.009087
vn -0.000000 -0.711628 -0.702557
vn -0.000000 0.000001 -1.000000
vn -0.000000 0.711625 -0.702560
vn 0.040632 0.702596 0.710428
vn 0.000510 0.999960 0.008963
vn 0.057102 0.000000 0.998368
vn 0.040633 -0.702596 0.710428
vn 0.000510 -0.999960 0.008958
vn -0.040125 -0.711571 -0.701468
vn -0.057108 0.000000 -0.998368
vn -0.040125 0.711572 -0.701467
vn 0.080504 0.702677 0.706940
vn 0.000995 0.999961 0.008757
vn 0.113146 0.000000 0.993578
vn 0.080504 -0.702678 0.706939
vn 0.000996 -0.999961 0.008753
vn -0.079511 -0.711491 -0.698183
vn -0.113152 -0.000000 -0.993578
vn -0.079511 0.711493 -0.698180
vn 0.119450 0.702748 0.701340
vn 0.001455 0.999962 0.008552
vn 0.167899 0.000000 0.985804
vn 0.119450 -0.702748 0.701340
vn 0.001455 -0.999962 0.008553
vn -0.117997 -0.711423 -0.692787
vn -0.167903 -0.000000 -0.985803
vn -0.117997 0.711424 -0.692786
vn 0.157479 0.702803 0.693735
vn 0.001895 0.999963 0.008353
vn 0.221370 0.000000 0.975190
vn 0.157478 -0.702804 0.693734
vn 0.001894 -0.999963 0.008353
vn -0.155585 -0.711367 -0.685383
vn -0.221372 0.000000 -0.975189
vn -0.155585 0.711369 -0.685381
vn 0.194614 0.702844 0.684204
vn 0.002319 0.999964 0.008160
vn 0.273588 -0.000000 0.961847
vn 0.194614 -0.702846 0.684202
vn 0.002319 -0.999964 0.008158
vn -0.192296 -0.711326 -0.676045
vn -0.273590 0.000000 -0.961846
vn -0.192296 0.711328 -0.676044
vn 0.230892 0.702870 0.672802
vn 0.002735 0.999965 0.007974
vn 0.324599 -0.000001 0.945852
vn 0.230892 -0.702872 0.672800
vn 0.002735 -0.999964 0.007973
vn -0.228158 -0.711301 -0.664827
vn -0.324600 -0.000000 -0.945852
vn -0.228157 0.711300 -0.664828
vn 0.266369 0.702882 0.659549
vn 0.003148 0.999965 0.007797
vn 0.374479 -0.000000 0.927236
vn 0.266369 -0.702883 0.659548
vn 0.003148 -0.999965 0.007795
vn -0.263220 -0.711290 -0.651753
vn -0.374478 0.000001 -0.927236
vn -0.263220 0.711290 -0.651752
vn 0.301066 0.702877 0.644456
vn 0.003563 0.999965 0.007625
vn 0.423255 -0.000000 0.906011
vn 0.301066 -0.702878 0.644455
vn 0.003563 -0.999965 0.007624
vn -0.297502 -0.711294 -0.636831
vn -0.423254 0.000002 -0.906011
vn -0.297502 0.711296 -0.636829
vn 0.335032 0.702855 0.627494
vn 0.003985 0.999964 0.007462
vn 0.470992 -0.000000 0.882138
vn 0.335032 -0.702855 0.627494
vn 0.003985 -0.999964 0.007462
vn -0.331045 -0.711316 -0.620031
vn -0.470991 0.000001 -0.882138
vn -0.331046 0.711317 -0.620030
vn 0.368271 0.702819 0.608623
vn 0.004418 0.999964 0.007300
vn 0.517693 -0.000000 0.855566
vn 0.368271 -0.702818 0.608624
vn 0.004418 -0.999964 0.007301
vn -0.363852 -0.711353 -0.601323
vn -0.517691 0.000000 -0.855568
vn -0.363851 0.711354 -0.601322
vn 0.400786 0.702768 0.587782
vn 0.004866 0.999963 0.007133
vn 0.563360 0.000000 0.826212
vn 0.400785 -0.702768 0.587783
vn 0.004866 -0.999963 0.007132
vn -0.395918 -0.711402 -0.580651
vn -0.563356 0.000001 -0.826214
vn -0.395917 0.711404 -0.580649
vn 0.432546 0.702702 0.564901
vn 0.005330 0.999962 0.006957
vn 0.607948 0.000000 0.793977
vn 0.432546 -0.702702 0.564902
vn 0.005330 -0.999962 0.006958
vn -0.427214 -0.711468 -0.557945
vn -0.607945 0.000001 -0.793979
vn -0.427213 0.711468 -0.557944
vn 0.463505 0.702624 0.539892
vn 0.005812 0.999960 0.006766
vn 0.651390 0.000000 0.758743
vn 0.463505 -0.702623 0.539893
vn 0.005813 -0.999960 0.006768
vn -0.457689 -0.711545 -0.533127
vn -0.651386 0.000000 -0.758747
vn -0.457689 0.711546 -0.533126
vn 0.493501 0.702550 0.512719
vn 0.006290 0.999959 0.006534
vn 0.693475 0.000000 0.720481
vn 0.493501 -0.702549 0.512720
vn 0.006289 -0.999959 0.006534
vn -0.487210 -0.711619 -0.506187
vn -0.693473 -0.000000 -0.720483
vn -0.487210 0.711619 -0.506186
vn 0.522023 0.702571 0.483618
vn 0.006620 0.999959 0.006135
vn 0.733576 -0.000000 0.679607
vn 0.522023 -0.702571 0.483618
vn 0.006620 -0.999959 0.006137
vn -0.515404 -0.711597 -0.477480
vn -0.733579 -0.000000 -0.679604
vn -0.515404 0.711597 -0.477482
vn 0.548473 0.702653 0.453273
vn 0.006832 0.999961 0.005648
vn 0.770833 0.000001 0.637037
vn 0.548473 -0.702652 0.453273
vn 0.006833 -0.999961 0.005650
vn -0.541642 -0.711518 -0.447623
vn -0.770837 -0.000001 -0.637033
vn -0.541643 0.711518 -0.447622
vn 0.572761 0.702725 0.422046
vn 0.007018 0.999962 0.005172
vn 0.805048 0.000001 0.593210
vn 0.572761 -0.702725 0.422046
vn 0.007018 -0.999962 0.005173
vn -0.565743 -0.711445 -0.416870
vn -0.805051 -0.000001 -0.593206
vn -0.565744 0.711444 -0.416871
vn 0.594954 0.702785 0.390030
vn 0.007189 0.999963 0.004715
vn 0.836311 0.000000 0.548255
vn 0.594954 -0.702785 0.390029
vn 0.007189 -0.999963 0.004713
vn -0.587765 -0.711383 -0.385313
vn -0.836313 0.000000 -0.548252
vn -0.587765 0.711383 -0.385314
vn 0.615128 0.702833 0.357272
vn 0.007354 0.999964 0.004275
vn 0.864728 0.000000 0.502241
vn 0.615128 -0.702833 0.357272
vn 0.007354 -0.999964 0.004272
vn -0.607774 -0.711339 -0.352998
vn -0.864729 0.000002 -0.502239
vn -0.607774 0.711339 -0.352997
vn 0.633357 0.702864 0.323792
vn 0.007516 0.999964 0.003844
vn 0.890391 0.000000 0.455196
vn 0.633356 -0.702864 0.323793
vn 0.007516 -0.999964 0.003844
vn -0.625840 -0.711307 -0.319947
vn -0.890392 0.000002 -0.455195
vn -0.625839 0.711308 -0.319947
vn 0.649694 0.702878 0.289587
vn 0.007681 0.999965 0.003425
vn 0.913376 0.000000 0.407117
vn 0.649693 -0.702878 0.289588
vn 0.007681 -0.999965 0.003425
vn -0.642007 -0.711294 -0.286161
vn -0.913375 0.000002 -0.407118
vn -0.642008 0.711294 -0.286160
vn 0.664172 0.702878 0.254632
vn 0.007854 0.999965 0.003012
vn 0.933730 0.000000 0.357977
vn 0.664172 -0.702878 0.254633
vn 0.007854 -0.999965 0.003011
vn -0.656313 -0.711295 -0.251622
vn -0.933730 0.000002 -0.357978
vn -0.656313 0.711295 -0.251620
vn 0.676806 0.702865 0.218894
vn 0.008033 0.999964 0.002598
vn 0.951474 0.000000 0.307729
vn 0.676805 -0.702865 0.218895
vn 0.008033 -0.999964 0.002597
vn -0.668771 -0.711309 -0.216299
vn -0.951473 0.000000 -0.307731
vn -0.668772 0.711309 -0.216297
vn 0.687589 0.702835 0.182331
vn 0.008221 0.999964 0.002179
vn 0.966593 0.000000 0.256317
vn 0.687588 -0.702836 0.182332
vn 0.008221 -0.999964 0.002179
vn -0.679370 -0.711337 -0.180155
vn -0.966592 -0.000000 -0.256320
vn -0.679370 0.711338 -0.180155
vn 0.696487 0.702786 0.144903
vn 0.008418 0.999963 0.001750
vn 0.979036 0.000000 0.203687
vn 0.696487 -0.702786 0.144903
vn 0.008418 -0.999963 0.001750
vn -0.688070 -0.711383 -0.143155
vn -0.979035 0.000002 -0.203691
vn -0.688069 0.711384 -0.143154
vn 0.703433 0.702726 0.106571
vn 0.008621 0.999962 0.001305
vn 0.988718 -0.000000 0.149792
vn 0.703434 -0.702725 0.106571
vn 0.008621 -0.999962 0.001305
vn -0.694814 -0.711443 -0.105269
vn -0.988717 0.000000 -0.149797
vn -0.694816 0.711442 -0.105269
vn 0.708342 0.702652 0.067316
vn 0.008825 0.999961 0.000836
vn 0.995515 0.000000 0.094607
vn 0.708342 -0.702652 0.067316
vn 0.008825 -0.999961 0.000837
vn -0.699517 -0.711517 -0.066482
vn -0.995514 -0.000001 -0.094613
vn -0.699518 0.711515 -0.066482
vn 0.711097 0.702569 0.027156
vn 0.009019 0.999959 0.000342
vn 0.999272 -0.000000 0.038161
vn 0.711097 -0.702569 0.027156
vn 0.009019 -0.999959 0.000342
vn -0.702074 -0.711599 -0.026816
vn -0.999271 0.000000 -0.038167
vn -0.702074 0.711599 -0.026816
vn 0.711509 0.702546 -0.013589
vn 0.009066 0.999959 -0.000172
vn 0.999818 0.000000 -0.019097
vn 0.711509 -0.702546 -0.013590
vn 0.009066 -0.999959 -0.000172
vn -0.702436 -0.711620 0.013419
vn -0.999818 0.000000 0.019099
vn -0.702436 0.711620 0.013419
vn 0.709510 0.702622 -0.054014
vn 0.008895 0.999960 -0.000675
vn 0.997115 -0.000000 -0.075910
vn 0.709510 -0.702622 -0.054014
vn 0.008895 -0.999960 -0.000675
vn -0.700613 -0.711545 0.053342
vn -0.997114 0.000000 0.075916
vn -0.700613 0.711545 0.053342
vn 0.705300 0.702704 -0.093589
vn 0.008689 0.999962 -0.001151
vn 0.991311 -0.000000 -0.131541
vn 0.705300 -0.702704 -0.093589
vn 0.008689 -0.999962 -0.001151
vn -0.696614 -0.711466 0.092441
vn -0.991310 0.000000 0.131547
vn -0.696614 0.711466 0.092441
vn 0.699022 0.702769 -0.132227
vn 0.008485 0.999963 -0.001604
vn 0.982575 -0.000000 -0.185864
vn 0.699022 -0.702769 -0.132227
vn 0.008485 -0.999963 -0.001604
vn -0.690540 -0.711401 0.130626
vn -0.982575 0.000000 0.185868
vn -0.690540 0.711401 0.130626
vn 0.690768 0.702820 -0.169954
vn 0.008285 0.999964 -0.002038
vn 0.971041 -0.000000 -0.238912
vn 0.690768 -0.702819 -0.169954
vn 0.008285 -0.999964 -0.002038
vn -0.682483 -0.711351 0.167918
vn -0.971041 0.000000 0.238915
vn -0.682483 0.711351 0.167918
vn 0.680608 0.702856 -0.206801
vn 0.008094 0.999964 -0.002458
vn 0.956807 0.000000 -0.290724
vn 0.680608 -0.702856 -0.206801
vn 0.008094 -0.999964 -0.002458
vn -0.672512 -0.711316 0.204344
vn -0.956806 -0.000002 0.290726
vn -0.672514 0.711315 0.204344
vn 0.668584 0.702878 -0.242813
vn 0.007913 0.999965 -0.002873
vn 0.939933 -0.000000 -0.341360
vn 0.668584 -0.702878 -0.242813
vn 0.007913 -0.999965 -0.002873
vn -0.660671 -0.711296 0.239940
vn -0.939933 0.000002 0.341360
vn -0.660671 0.711296 0.239940
vn 0.654721 0.702884 -0.278019
vn 0.007738 0.999965 -0.003285
vn 0.920451 -0.000000 -0.390859
vn 0.654721 -0.702884 -0.278019
vn 0.007738 -0.999965 -0.003286
vn -0.646983 -0.711291 0.274733
vn -0.920451 0.000004 0.390858
vn -0.646982 0.711292 0.274733
vn 0.639005 0.702874 -0.312475
vn 0.007571 0.999965 -0.003702
vn 0.898344 -0.000000 -0.439293
vn 0.639005 -0.702874 -0.312475
vn 0.007571 -0.999964 -0.003703
vn -0.631436 -0.711300 0.308772
vn -0.898345 0.000000 0.439291
vn -0.631436 0.711300 0.308773
vn 0.621416 0.702847 -0.346192
vn 0.007408 0.999964 -0.004128
vn 0.873584 -0.000000 -0.486673
vn 0.621416 -0.702847 -0.346191
vn 0.007408 -0.999964 -0.004128
vn -0.614010 -0.711327 0.342062
vn -0.873586 0.000002 0.486670
vn -0.614009 0.711327 0.342062
vn 0.601897 0.702805 -0.379190
vn 0.007245 0.999963 -0.004566
vn 0.846095 0.000000 -0.533032
vn 0.601898 -0.702805 -0.379190
vn 0.007244 -0.999963 -0.004565
vn -0.594654 -0.711368 0.374624
vn -0.846097 0.000002 0.533029
vn -0.594654 0.711368 0.374623
vn 0.580386 0.702748 -0.411457
vn 0.007077 0.999962 -0.005018
vn 0.815792 0.000000 -0.578345
vn 0.580386 -0.702748 -0.411458
vn 0.007076 -0.999962 -0.005019
vn -0.573312 -0.711422 0.406439
vn -0.815795 0.000001 0.578341
vn -0.573312 0.711424 0.406436
vn 0.556806 0.702678 -0.442956
vn 0.006896 0.999961 -0.005488
vn 0.782572 -0.000000 -0.622560
vn 0.556807 -0.702678 -0.442956
vn 0.006896 -0.999961 -0.005488
vn -0.549912 -0.711492 0.437465
vn -0.782576 0.000001 0.622555
vn -0.549912 0.711493 0.437465
vn 0.531080 0.702597 -0.473616
vn 0.006696 0.999960 -0.005974
vn 0.746330 -0.000000 -0.665576
vn 0.531080 -0.702597 -0.473616
vn 0.006697 -0.999960 -0.005973
vn -0.524385 -0.711571 0.467640
vn -0.746334 0.000001 0.665572
vn -0.524385 0.711571 0.467640
vn 0.502893 0.702500 -0.503580
vn 0.006476 0.999958 -0.006488
vn 0.706626 -0.000000 -0.707587
vn 0.502893 -0.702501 -0.503578
vn 0.006477 -0.999958 -0.006486
vn -0.496415 -0.711668 0.497094
vn -0.706623 0.000002 0.707591
vn -0.496414 0.711668 0.497093
vn 0.472956 0.702515 -0.531775
vn 0.006072 0.999958 -0.006825
vn 0.664574 -0.000000 -0.747223
vn 0.472957 -0.702517 -0.531773
vn 0.006072 -0.999958 -0.006822
vn -0.466881 -0.711650 0.524953
vn -0.664569 0.000001 0.747227
vn -0.466881 0.711651 0.524953
vn 0.441530 0.702599 -0.558038
vn 0.005566 0.999960 -0.007033
vn 0.620487 -0.000000 -0.784217
vn 0.441530 -0.702599 -0.558037
vn 0.005566 -0.999960 -0.007032
vn -0.435961 -0.711568 0.551007
vn -0.620482 -0.000001 0.784221
vn -0.435962 0.711567 0.551007
vn 0.409228 0.702670 -0.582054
vn 0.005077 0.999961 -0.007219
vn 0.575150 0.000000 -0.818048
vn 0.409228 -0.702670 -0.582054
vn 0.005077 -0.999961 -0.007219
vn -0.404148 -0.711497 0.574835
vn -0.575146 -0.000001 0.818051
vn -0.404148 0.711497 0.574836
vn 0.376124 0.702729 -0.603907
vn 0.004606 0.999962 -0.007392
vn 0.528666 0.000000 -0.848830
vn 0.376124 -0.702729 -0.603906
vn 0.004606 -0.999962 -0.007394
vn -0.371515 -0.711442 0.596512
vn -0.528663 0.000001 0.848832
vn -0.371515 0.711441 0.596514
vn 0.342255 0.702770 -0.623679
vn 0.004152 0.999963 -0.007563
vn 0.481089 0.000000 -0.876672
vn 0.342255 -0.702770 -0.623679
vn 0.004151 -0.999963 -0.007567
vn -0.338102 -0.711401 0.616113
vn -0.481088 0.000001 0.876673
vn -0.338102 0.711400 0.616115
vn 0.307629 0.702797 -0.641437
vn 0.003710 0.999963 -0.007735
vn 0.432433 0.000001 -0.901666
vn 0.307629 -0.702796 -0.641438
vn 0.003709 -0.999963 -0.007736
vn -0.303920 -0.711375 0.633702
vn -0.432432 0.000001 0.901667
vn -0.303919 0.711374 0.633704
vn 0.272234 0.702805 -0.657232
vn 0.003276 0.999963 -0.007910
vn 0.382683 0.000001 -0.923880
vn 0.272235 -0.702806 -0.657231
vn 0.003276 -0.999963 -0.007907
vn -0.268958 -0.711365 0.649324
vn -0.382683 0.000001 0.923880
vn -0.268959 0.711365 0.649323
vn 0.236037 0.702796 -0.671092
vn 0.002846 0.999963 -0.008092
vn 0.331797 -0.000000 -0.943351
vn 0.236037 -0.702797 -0.671091
vn 0.002846 -0.999963 -0.008092
vn -0.233192 -0.711374 0.662999
vn -0.331799 0.000002 0.943350
vn -0.233193 0.711374 0.662999
vn 0.198997 0.702772 -0.683017
vn 0.002413 0.999963 -0.008283
vn 0.279720 -0.000000 -0.960082
vn 0.198997 -0.702770 -0.683019
vn 0.002413 -0.999963 -0.008284
vn -0.196585 -0.711399 0.674734
vn -0.279721 0.000003 0.960081
vn -0.196585 0.711400 0.674733
vn 0.161068 0.702728 -0.692987
vn 0.001971 0.999962 -0.008488
vn 0.226391 -0.000000 -0.974036
vn 0.161068 -0.702728 -0.692987
vn 0.001971 -0.999962 -0.008484
vn -0.159098 -0.711441 0.684500
vn -0.226394 0.000003 0.974036
vn -0.159098 0.711441 0.684499
vn 0.122206 0.702670 -0.700943
vn 0.001514 0.999961 -0.008695
vn 0.171755 -0.000001 -0.985140
vn 0.122206 -0.702671 -0.700941
vn 0.001514 -0.999961 -0.008694
vn -0.120694 -0.711499 0.692244
vn -0.171760 0.000001 0.985139
vn -0.120694 0.711497 0.692247
vn 0.082384 0.702600 -0.706800
vn 0.001037 0.999960 -0.008904
vn 0.115775 -0.000001 -0.993276
vn 0.082383 -0.702600 -0.706800
vn 0.001036 -0.999960 -0.008905
vn -0.081350 -0.711569 0.697891
vn -0.115781 0.000001 0.993275
vn -0.081350 0.711566 0.697894
vn 0.041591 0.702515 -0.710452
vn 0.000532 0.999958 -0.009118
vn 0.058442 -0.000001 -0.998291
vn 0.041591 -0.702515 -0.710452
vn 0.000532 -0.999958 -0.009119
vn -0.041062 -0.711650 0.701333
vn -0.058448 0.000001 0.998290
vn -0.041062 0.711650 0.701333
vn 0.020948 0.702303 -0.711570
vn 0.000272 0.999957 -0.009251
vn 0.029428 -0.000002 -0.999567
vn 0.020949 -0.702305 -0.711568
vn 0.000272 -0.999957 -0.009251
vn -0.020678 -0.711556 0.702325
vn -0.029430 0.000002 0.999567
vn -0.020678 0.711557 0.702324
s 1
g pCube35 polySurface105
usemtl initialShadingGroup
f 1335/2915/3147 1336/2916/3148 1344/2917/3149 1343/2918/3150
f 1336/2919/3148 1337/2920/3151 1345/2921/3152 1344/2922/3149
f 1337/2920/3151 1338/2923/3153 1346/2924/3154 1345/2921/3152
f 1338/2925/3153 1339/2926/3155 1347/2927/3156 1346/2928/3154
f 1339/2926/3155 1340/2929/3157 1348/2930/3158 1347/2927/3156
f 1340/2931/3157 1341/2932/3159 1349/2933/3160 1348/2934/3158
f 1341/2932/3159 1342/2935/3161 1350/2936/3162 1349/2933/3160
f 1342/2937/3161 1335/2915/3147 1343/2918/3150 1350/2938/3162
f 1343/2918/3150 1344/2917/3149 1352/2939/3163 1351/2940/3164
f 1344/2922/3149 1345/2921/3152 1353/2941/3165 1352/2942/3163
f 1345/2921/3152 1346/2924/3154 1354/2943/3166 1353/2941/3165
f 1346/2928/3154 1347/2927/3156 1355/2944/3167 1354/2945/3166
f 1347/2927/3156 1348/2930/3158 1356/2946/3168 1355/2944/3167
f 1348/2934/3158 1349/2933/3160 1357/2947/3169 1356/2948/3168
f 1349/2933/3160 1350/2936/3162 1358/2949/3170 1357/2947/3169
f 1350/2938/3162 1343/2918/3150 1351/2940/3164 1358/2950/3170
f 1351/2940/3164 1352/2939/3163 1360/2951/3171 1359/2952/3172
f 1352/2942/3163 1353/2941/3165 1361/2953/3173 1360/2954/3171
f 1353/2941/3165 1354/2943/3166 1362/2955/3174 1361/2953/3173
f 1354/2945/3166 1355/2944/3167 1363/2956/3175 1362/2957/3174
f 1355/2944/3167 1356/2946/3168 1364/2958/3176 1363/2956/3175
f 1356/2948/3168 1357/2947/3169 1365/2959/3177 1364/2960/3176
f 1357/2947/3169 1358/2949/3170 1366/2961/3178 1365/2959/3177
f 1358/2950/3170 1351/2940/3164 1359/2952/3172 1366/2962/3178
f 1359/2952/3172 1360/2951/3171 1368/2963/3179 1367/2964/3180
f 1360/2954/3171 1361/2953/3173 1369/2965/3181 1368/2966/3179
f 1361/2953/3173 1362/2955/3174 1370/2967/3182 1369/2965/3181
f 1362/2957/3174 1363/2956/3175 1371/2968/3183 1370/2969/3182
f 1363/2956/3175 1364/2958/3176 1372/2970/3184 1371/2968/3183
f 1364/2960/3176 1365/2959/3177 1373/2971/3185 1372/2972/3184
f 1365/2959/3177 1366/2961/3178 1374/2973/3186 1373/2971/3185
f 1366/2962/3178 1359/2952/3172 1367/2964/3180 1374/2974/3186
f 1367/2964/3180 1368/2963/3179 1376/2975/3187 1375/2976/3188
f 1368/2966/3179 1369/2965/3181 1377/2977/3189 1376/2978/3187
f 1369/2965/3181 1370/2967/3182 1378/2979/3190 1377/2977/3189
f 1370/2969/3182 1371/2968/3183 1379/2980/3191 1378/2981/3190
f 1371/2968/3183 1372/2970/3184 1380/2982/3192 1379/2980/3191
f 1372/2972/3184 1373/2971/3185 1381/2983/3193 1380/2984/3192
f 1373/2971/3185 1374/2973/3186 1382/2985/3194 1381/2983/3193
f 1374/2974/3186 1367/2964/3180 1375/2976/3188 1382/2986/3194
f 1375/2976/3188 1376/2975/3187 1384/2987/3195 1383/2988/3196
f 1376/2978/3187 1377/2977/3189 1385/2989/3197 1384/2990/3195
f 1377/2977/3189 1378/2979/3190 1386/2991/3198 1385/2989/3197
f 1378/2981/3190 1379/2980/3191 1387/2992/3199 1386/2993/3198
f 1379/2980/3191 1380/2982/3192 1388/2994/3200 1387/2992/3199
f 1380/2984/3192 1381/2983/3193 1389/2995/3201 1388/2996/3200
f 1381/2983/3193 1382/2985/3194 1390/2997/3202 1389/2995/3201
f 1382/2986/3194 1375/2976/3188 1383/2988/3196 1390/2998/3202
f 1383/2988/3196 1384/2987/3195 1392/2999/3203 1391/3000/3204
f 1384/2990/3195 1385/2989/3197 1393/3001/3205 1392/3002/3203
f 1385/2989/3197 1386/2991/3198 1394/3003/3206 1393/3001/3205
f 1386/2993/3198 1387/2992/3199 1395/3004/3207 1394/3005/3206
f 1387/2992/3199 1388/2994/3200 1396/3006/3208 1395/3004/3207
f 1388/2996/3200 1389/2995/3201 1397/3007/3209 1396/3008/3208
f 1389/2995/3201 1390/2997/3202 1398/3009/3210 1397/3007/3209
f 1390/2998/3202 1383/2988/3196 1391/3000/3204 1398/3010/3210
f 1391/3000/3204 1392/2999/3203 1400/3011/3211 1399/3012/3212
f 1392/3002/3203 1393/3001/3205 1401/3013/3213 1400/3014/3211
f 1393/3001/3205 1394/3003/3206 1402/3015/3214 1401/3013/3213
f 1394/3005/3206 1395/3004/3207 1403/3016/3215 1402/3017/3214
f 1395/3004/3207 1396/3006/3208 1404/3018/3216 1403/3016/3215
f 1396/3008/3208 1397/3007/3209 1405/3019/3217 1404/3020/3216
f 1397/3007/3209 1398/3009/3210 1406/3021/3218 1405/3019/3217
f 1398/3010/3210 1391/3000/3204 1399/3012/3212 1406/3022/3218
f 1399/3012/3212 1400/3011/3211 1408/3023/3219 1407/3024/3220
f 1400/3014/3211 1401/3013/3213 1409/3025/3221 1408/3026/3219
f 1401/3013/3213 1402/3015/3214 1410/3027/3222 1409/3025/3221
f 1402/3017/3214 1403/3016/3215 1411/3028/3223 1410/3029/3222
f 1403/3016/3215 1404/3018/3216 1412/3030/3224 1411/3028/3223
f 1404/3020/3216 1405/3019/3217 1413/3031/3225 1412/3032/3224
f 1405/3019/3217 1406/3021/3218 1414/3033/3226 1413/3031/3225
f 1406/3022/3218 1399/3012/3212 1407/3024/3220 1414/3034/3226
f 1407/3024/3220 1408/3023/3219 1416/3035/3227 1415/3036/3228
f 1408/3026/3219 1409/3025/3221 1417/3037/3229 1416/3038/3227
f 1409/3025/3221 1410/3027/3222 1418/3039/3230 1417/3037/3229
f 1410/3029/3222 1411/3028/3223 1419/3040/3231 1418/3041/3230
f 1411/3028/3223 1412/3030/3224 1420/3042/3232 1419/3040/3231
f 1412/3032/3224 1413/3031/3225 1421/3043/3233 1420/3044/3232
f 1413/3031/3225 1414/3033/3226 1422/3045/3234 1421/3043/3233
f 1414/3034/3226 1407/3024/3220 1415/3036/3228 1422/3046/3234
f 1415/3036/3228 1416/3035/3227 1424/3047/3235 1423/3048/3236
f 1416/3049/3227 1417/3050/3229 1425/3051/3237 1424/3052/3235
f 1417/3050/3229 1418/3053/3230 1426/3054/3238 1425/3051/3237
f 1418/3041/3230 1419/3040/3231 1427/3055/3239 1426/3056/3238
f 1419/3040/3231 1420/3042/3232 1428/3057/3240 1427/3055/3239
f 1420/3058/3232 1421/3059/3233 1429/3060/3241 1428/3061/3240
f 1421/3059/3233 1422/3062/3234 1430/3063/3242 1429/3060/3241
f 1422/3046/3234 1415/3036/3228 1423/3048/3236 1430/3064/3242
f 1423/3048/3236 1424/3047/3235 1432/3065/3243 1431/3066/3244
f 1424/3052/3235 1425/3051/3237 1433/3067/3245 1432/3068/3243
f 1425/3051/3237 1426/3054/3238 1434/3069/3246 1433/3067/3245
f 1426/3056/3238 1427/3055/3239 1435/3070/3247 1434/3071/3246
f 1427/3055/3239 1428/3057/3240 1436/3072/3248 1435/3070/3247
f 1428/3061/3240 1429/3060/3241 1437/3073/3249 1436/3074/3248
f 1429/3060/3241 1430/3063/3242 1438/3075/3250 1437/3073/3249
f 1430/3064/3242 1423/3048/3236 1431/3066/3244 1438/3076/3250
f 1431/3066/3244 1432/3065/3243 1440/3077/3251 1439/3078/3252
f 1432/3068/3243 1433/3067/3245 1441/3079/3253 1440/3080/3251
f 1433/3067/3245 1434/3069/3246 1442/3081/3254 1441/3079/3253
f 1434/3071/3246 1435/3070/3247 1443/3082/3255 1442/3083/3254
f 1435/3070/3247 1436/3072/3248 1444/3084/3256 1443/3082/3255
f 1436/3074/3248 1437/3073/3249 1445/3085/3257 1444/3086/3256
f 1437/3073/3249 1438/3075/3250 1446/3087/3258 1445/3085/3257
f 1438/3076/3250 1431/3066/3244 1439/3078/3252 1446/3088/3258
f 1439/3078/3252 1440/3077/3251 1448/3089/3259 1447/3090/3260
f 1440/3080/3251 1441/3079/3253 1449/3091/3261 1448/3092/3259
f 1441/3079/3253 1442/3081/3254 1450/3093/3262 1449/3091/3261
f 1442/3083/3254 1443/3082/3255 1451/3094/3263 1450/3095/3262
f 1443/3082/3255 1444/3084/3256 1452/3096/3264 1451/3094/3263
f 1444/3086/3256 1445/3085/3257 1453/3097/3265 1452/3098/3264
f 1445/3085/3257 1446/3087/3258 1454/3099/3266 1453/3097/3265
f 1446/3088/3258 1439/3078/3252 1447/3090/3260 1454/3100/3266
f 1447/3090/3260 1448/3089/3259 1456/3101/3267 1455/3102/3268
f 1448/3092/3259 1449/3091/3261 1457/3103/3269 1456/3104/3267
f 1449/3091/3261 1450/3093/3262 1458/3105/3270 1457/3103/3269
f 1450/3095/3262 1451/3094/3263 1459/3106/3271 1458/3107/3270
f 1451/3094/3263 1452/3096/3264 1460/3108/3272 1459/3106/3271
f 1452/3098/3264 1453/3097/3265 1461/3109/3273 1460/3110/3272
f 1453/3097/3265 1454/3099/3266 1462/3111/3274 1461/3109/3273
f 1454/3100/3266 1447/3090/3260 1455/3102/3268 1462/3112/3274
f 1455/3102/3268 1456/3101/3267 1464/3113/3275 1463/3114/3276
f 1456/3104/3267 1457/3103/3269 1465/3115/3277 1464/3116/3275
f 1457/3103/3269 1458/3105/3270 1466/3117/3278 1465/3115/3277
f 1458/3107/3270 1459/3106/3271 1467/3118/3279 1466/3119/3278
f 1459/3106/3271 1460/3108/3272 1468/3120/3280 1467/3118/3279
f 1460/3110/3272 1461/3109/3273 1469/3121/3281 1468/3122/3280
f 1461/3109/3273 1462/3111/3274 1470/3123/3282 1469/3121/3281
f 1462/3112/3274 1455/3102/3268 1463/3114/3276 1470/3124/3282
f 1463/3114/3276 1464/3113/3275 1472/3125/3283 1471/3126/3284
f 1464/3116/3275 1465/3115/3277 1473/3127/3285 1472/3128/3283
f 1465/3115/3277 1466/3117/3278 1474/3129/3286 1473/3127/3285
f 1466/3119/3278 1467/3118/3279 1475/3130/3287 1474/3131/3286
f 1467/3118/3279 1468/3120/3280 1476/3132/3288 1475/3130/3287
f 1468/3122/3280 1469/3121/3281 1477/3133/3289 1476/3134/3288
f 1469/3121/3281 1470/3123/3282 1478/3135/3290 1477/3133/3289
f 1470/3124/3282 1463/3114/3276 1471/3126/3284 1478/3136/3290
f 1471/3126/3284 1472/3125/3283 1480/3137/3291 1479/3138/3292
f 1472/3128/3283 1473/3127/3285 1481/3139/3293 1480/3140/3291
f 1473/3127/3285 1474/3129/3286 1482/3141/3294 1481/3139/3293
f 1474/3131/3286 1475/3130/3287 1483/3142/3295 1482/3143/3294
f 1475/3130/3287 1476/3132/3288 1484/3144/3296 1483/3142/3295
f 1476/3134/3288 1477/3133/3289 1485/3145/3297 1484/3146/3296
f 1477/3133/3289 1478/3135/3290 1486/3147/3298 1485/3145/3297
f 1478/3136/3290 1471/3126/3284 1479/3138/3292 1486/3148/3298
f 1479/3138/3292 1480/3137/3291 1488/3149/3299 1487/3150/3300
f 1480/3140/3291 1481/3139/3293 1489/3151/3301 1488/3152/3299
f 1481/3139/3293 1482/3141/3294 1490/3153/3302 1489/3151/3301
f 1482/3143/3294 1483/3142/3295 1491/3154/3303 1490/3155/3302
f 1483/3142/3295 1484/3144/3296 1492/3156/3304 1491/3154/3303
f 1484/3146/3296 1485/3145/3297 1493/3157/3305 1492/3158/3304
f 1485/3145/3297 1486/3147/3298 1494/3159/3306 1493/3157/3305
f 1486/3148/3298 1479/3138/3292 1487/3150/3300 1494/3160/3306
f 1487/3150/3300 1488/3149/3299 1496/3161/3307 1495/3162/3308
f 1488/3152/3299 1489/3151/3301 1497/3163/3309 1496/3164/3307
f 1489/3151/3301 1490/3153/3302 1498/3165/3310 1497/3163/3309
f 1490/3155/3302 1491/3154/3303 1499/3166/3311 1498/3167/3310
f 1491/3154/3303 1492/3156/3304 1500/3168/3312 1499/3166/3311
f 1492/3158/3304 1493/3157/3305 1501/3169/3313 1500/3170/3312
f 1493/3157/3305 1494/3159/3306 1502/3171/3314 1501/3169/3313
f 1494/3160/3306 1487/3150/3300 1495/3162/3308 1502/3172/3314
f 1495/3162/3308 1496/3161/3307 1504/3173/3315 1503/3174/3316
f 1496/3164/3307 1497/3163/3309 1505/3175/3317 1504/3176/3315
f 1497/3163/3309 1498/3165/3310 1506/3177/3318 1505/3175/3317
f 1498/3167/3310 1499/3166/3311 1507/3178/3319 1506/3179/3318
f 1499/3166/3311 1500/3168/3312 1508/3180/3320 1507/3178/3319
f 1500/3170/3312 1501/3169/3313 1509/3181/3321 1508/3182/3320
f 1501/3169/3313 1502/3171/3314 1510/3183/3322 1509/3181/3321
f 1502/3172/3314 1495/3162/3308 1503/3174/3316 1510/3184/3322
f 1503/3174/3316 1504/3173/3315 1512/3185/3323 1511/3186/3324
f 1504/3176/3315 1505/3175/3317 1513/3187/3325 1512/3188/3323
f 1505/3175/3317 1506/3177/3318 1514/3189/3326 1513/3187/3325
f 1506/3179/3318 1507/3178/3319 1515/3190/3327 1514/3191/3326
f 1507/3178/3319 1508/3180/3320 1516/3192/3328 1515/3190/3327
f 1508/3182/3320 1509/3181/3321 1517/3193/3329 1516/3194/3328
f 1509/3181/3321 1510/3183/3322 1518/3195/3330 1517/3193/3329
f 1510/3184/3322 1503/3174/3316 1511/3186/3324 1518/3196/3330
f 1511/3186/3324 1512/3185/3323 1520/3197/3331 1519/3198/3332
f 1512/3188/3323 1513/3187/3325 1521/3199/3333 1520/3200/3331
f 1513/3187/3325 1514/3189/3326 1522/3201/3334 1521/3199/3333
f 1514/3191/3326 1515/3190/3327 1523/3202/3335 1522/3203/3334
f 1515/3190/3327 1516/3192/3328 1524/3204/3336 1523/3202/3335
f 1516/3194/3328 1517/3193/3329 1525/3205/3337 1524/3206/3336
f 1517/3193/3329 1518/3195/3330 1526/3207/3338 1525/3205/3337
f 1518/3196/3330 1511/3186/3324 1519/3198/3332 1526/3208/3338
f 1519/3198/3332 1520/3197/3331 1528/3209/3339 1527/3210/3340
f 1520/3200/3331 1521/3199/3333 1529/3211/3341 1528/3212/3339
f 1521/3199/3333 1522/3201/3334 1530/3213/3342 1529/3211/3341
f 1522/3203/3334 1523/3202/3335 1531/3214/3343 1530/3215/3342
f 1523/3202/3335 1524/3204/3336 1532/3216/3344 1531/3214/3343
f 1524/3206/3336 1525/3205/3337 1533/3217/3345 1532/3218/3344
f 1525/3205/3337 1526/3207/3338 1534/3219/3346 1533/3217/3345
f 1526/3208/3338 1519/3198/3332 1527/3210/3340 1534/3220/3346
f 1527/3210/3340 1528/3209/3339 1536/3221/3347 1535/3222/3348
f 1528/3212/3339 1529/3211/3341 1537/3223/3349 1536/3224/3347
f 1529/3211/3341 1530/3213/3342 1538/3225/3350 1537/3223/3349
f 1530/3215/3342 1531/3214/3343 1539/3226/3351 1538/3227/3350
f 1531/3214/3343 1532/3216/3344 1540/3228/3352 1539/3226/3351
f 1532/3218/3344 1533/3217/3345 1541/3229/3353 1540/3230/3352
f 1533/3217/3345 1534/3219/3346 1542/3231/3354 1541/3229/3353
f 1534/3220/3346 1527/3210/3340 1535/3222/3348 1542/3232/3354
f 1535/3222/3348 1536/3221/3347 1544/3233/3355 1543/3234/3356
f 1536/3224/3347 1537/3223/3349 1545/3235/3357 1544/3236/3355
f 1537/3223/3349 1538/3225/3350 1546/3237/3358 1545/3235/3357
f 1538/3227/3350 1539/3226/3351 1547/3238/3359 1546/3239/3358
f 1539/3226/3351 1540/3228/3352 1548/3240/3360 1547/3238/3359
f 1540/3230/3352 1541/3229/3353 1549/3241/3361 1548/3242/3360
f 1541/3229/3353 1542/3231/3354 1550/3243/3362 1549/3241/3361
f 1542/3232/3354 1535/3222/3348 1543/3234/3356 1550/3244/3362
f 1543/3234/3356 1544/3233/3355 1552/3245/3363 1551/3246/3364
f 1544/3236/3355 1545/3235/3357 1553/3247/3365 1552/3248/3363
f 1545/3235/3357 1546/3237/3358 1554/3249/3366 1553/3247/3365
f 1546/3239/3358 1547/3238/3359 1555/3250/3367 1554/3251/3366
f 1547/3238/3359 1548/3240/3360 1556/3252/3368 1555/3250/3367
f 1548/3242/3360 1549/3241/3361 1557/3253/3369 1556/3254/3368
f 1549/3241/3361 1550/3243/3362 1558/3255/3370 1557/3253/3369
f 1550/3244/3362 1543/3234/3356 1551/3246/3364 1558/3256/3370
f 1551/3246/3364 1552/3245/3363 1560/3257/3371 1559/3258/3372
f 1552/3248/3363 1553/3247/3365 1561/3259/3373 1560/3260/3371
f 1553/3247/3365 1554/3249/3366 1562/3261/3374 1561/3259/3373
f 1554/3251/3366 1555/3250/3367 1563/3262/3375 1562/3263/3374
f 1555/3250/3367 1556/3252/3368 1564/3264/3376 1563/3262/3375
f 1556/3254/3368 1557/3253/3369 1565/3265/3377 1564/3266/3376
f 1557/3253/3369 1558/3255/3370 1566/3267/3378 1565/3265/3377
f 1558/3256/3370 1551/3246/3364 1559/3258/3372 1566/3268/3378
f 1559/3258/3372 1560/3257/3371 1568/3269/3379 1567/3270/3380
f 1560/3260/3371 1561/3259/3373 1569/3271/3381 1568/3272/3379
f 1561/3259/3373 1562/3261/3374 1570/3273/3382 1569/3271/3381
f 1562/3263/3374 1563/3262/3375 1571/3274/3383 1570/3275/3382
f 1563/3262/3375 1564/3264/3376 1572/3276/3384 1571/3274/3383
f 1564/3266/3376 1565/3265/3377 1573/3277/3385 1572/3278/3384
f 1565/3265/3377 1566/3267/3378 1574/3279/3386 1573/3277/3385
f 1566/3268/3378 1559/3258/3372 1567/3270/3380 1574/3280/3386
f 1567/3270/3380 1568/3269/3379 1576/3281/3387 1575/3282/3388
f 1568/3272/3379 1569/3271/3381 1577/3283/3389 1576/3284/3387
f 1569/3271/3381 1570/3273/3382 1578/3285/3390 1577/3283/3389
f 1570/3275/3382 1571/3274/3383 1579/3286/3391 1578/3287/3390
f 1571/3274/3383 1572/3276/3384 1580/3288/3392 1579/3286/3391
f 1572/3278/3384 1573/3277/3385 1581/3289/3393 1580/3290/3392
f 1573/3277/3385 1574/3279/3386 1582/3291/3394 1581/3289/3393
f 1574/3280/3386 1567/3270/3380 1575/3282/3388 1582/3292/3394
f 1575/3282/3388 1576/3281/3387 1584/3293/3395 1583/3294/3396
f 1576/3284/3387 1577/3283/3389 1585/3295/3397 1584/3296/3395
f 1577/3283/3389 1578/3285/3390 1586/3297/3398 1585/3295/3397
f 1578/3287/3390 1579/3286/3391 1587/3298/3399 1586/3299/3398
f 1579/3286/3391 1580/3288/3392 1588/3300/3400 1587/3298/3399
f 1580/3290/3392 1581/3289/3393 1589/3301/3401 1588/3302/3400
f 1581/3289/3393 1582/3291/3394 1590/3303/3402 1589/3301/3401
f 1582/3292/3394 1575/3282/3388 1583/3294/3396 1590/3304/3402
f 1583/3294/3396 1584/3293/3395 1592/3305/3403 1591/3306/3404
f 1584/3296/3395 1585/3295/3397 1593/3307/3405 1592/3308/3403
f 1585/3295/3397 1586/3297/3398 1594/3309/3406 1593/3307/3405
f 1586/3299/3398 1587/3298/3399 1595/3310/3407 1594/3311/3406
f 1587/3298/3399 1588/3300/3400 1596/3312/3408 1595/3310/3407
f 1588/3302/3400 1589/3301/3401 1597/3313/3409 1596/3314/3408
f 1589/3301/3401 1590/3303/3402 1598/3315/3410 1597/3313/3409
f 1590/3304/3402 1583/3294/3396 1591/3306/3404 1598/3316/3410
f 1591/3306/3404 1592/3305/3403 1600/3317/3411 1599/3318/3412
f 1592/3308/3403 1593/3307/3405 1601/3319/3413 1600/3320/3411
f 1593/3307/3405 1594/3309/3406 1602/3321/3414 1601/3319/3413
f 1594/3311/3406 1595/3310/3407 1603/3322/3415 1602/3323/3414
f 1595/3310/3407 1596/3312/3408 1604/3324/3416 1603/3322/3415
f 1596/3314/3408 1597/3313/3409 1605/3325/3417 1604/3326/3416
f 1597/3313/3409 1598/3315/3410 1606/3327/3418 1605/3325/3417
f 1598/3316/3410 1591/3306/3404 1599/3318/3412 1606/3328/3418
f 1599/3318/3412 1600/3317/3411 1608/3329/3419 1607/3330/3420
f 1600/3320/3411 1601/3319/3413 1609/3331/3421 1608/3332/3419
f 1601/3319/3413 1602/3321/3414 1610/3333/3422 1609/3331/3421
f 1602/3323/3414 1603/3322/3415 1611/3334/3423 1610/3335/3422
f 1603/3322/3415 1604/3324/3416 1612/3336/3424 1611/3334/3423
f 1604/3326/3416 1605/3325/3417 1613/3337/3425 1612/3338/3424
f 1605/3325/3417 1606/3327/3418 1614/3339/3426 1613/3337/3425
f 1606/3328/3418 1599/3318/3412 1607/3330/3420 1614/3340/3426
f 1607/3330/3420 1608/3329/3419 1616/3341/3427 1615/3342/3428
f 1608/3332/3419 1609/3331/3421 1617/3343/3429 1616/3344/3427
f 1609/3331/3421 1610/3333/3422 1618/3345/3430 1617/3343/3429
f 1610/3335/3422 1611/3334/3423 1619/3346/3431 1618/3347/3430
f 1611/3334/3423 1612/3336/3424 1620/3348/3432 1619/3346/3431
f 1612/3338/3424 1613/3337/3425 1621/3349/3433 1620/3350/3432
f 1613/3337/3425 1614/3339/3426 1622/3351/3434 1621/3349/3433
f 1614/3340/3426 1607/3330/3420 1615/3342/3428 1622/3352/3434
f 1615/3342/3428 1616/3341/3427 1624/3353/3435 1623/3354/3436
f 1616/3344/3427 1617/3343/3429 1625/3355/3437 1624/3356/3435
f 1617/3343/3429 1618/3345/3430 1626/3357/3438 1625/3355/3437
f 1618/3347/3430 1619/3346/3431 1627/3358/3439 1626/3359/3438
f 1619/3346/3431 1620/3348/3432 1628/3360/3440 1627/3358/3439
f 1620/3350/3432 1621/3349/3433 1629/3361/3441 1628/3362/3440
f 1621/3349/3433 1622/3351/3434 1630/3363/3442 1629/3361/3441
f 1622/3352/3434 1615/3342/3428 1623/3354/3436 1630/3364/3442
f 1623/3354/3436 1624/3353/3435 1632/3365/3443 1631/3366/3444
f 1624/3356/3435 1625/3355/3437 1633/3367/3445 1632/3368/3443
f 1625/3355/3437 1626/3357/3438 1634/3369/3446 1633/3367/3445
f 1626/3359/3438 1627/3358/3439 1635/3370/3447 1634/3371/3446
f 1627/3358/3439 1628/3360/3440 1636/3372/3448 1635/3370/3447
f 1628/3362/3440 1629/3361/3441 1637/3373/3449 1636/3374/3448
f 1629/3361/3441 1630/3363/3442 1638/3375/3450 1637/3373/3449
f 1630/3364/3442 1623/3354/3436 1631/3366/3444 1638/3376/3450
f 1631/3366/3444 1632/3365/3443 1640/3377/3451 1639/3378/3452
f 1632/3368/3443 1633/3367/3445 1641/3379/3453 1640/3380/3451
f 1633/3367/3445 1634/3369/3446 1642/3381/3454 1641/3379/3453
f 1634/3371/3446 1635/3370/3447 1643/3382/3455 1642/3383/3454
f 1635/3370/3447 1636/3372/3448 1644/3384/3456 1643/3382/3455
f 1636/3374/3448 1637/3373/3449 1645/3385/3457 1644/3386/3456
f 1637/3373/3449 1638/3375/3450 1646/3387/3458 1645/3385/3457
f 1638/3376/3450 1631/3366/3444 1639/3378/3452 1646/3388/3458
f 1639/3378/3452 1640/3377/3451 1648/3389/3459 1647/3390/3460
f 1640/3380/3451 1641/3379/3453 1649/3391/3461 1648/3392/3459
f 1641/3379/3453 1642/3381/3454 1650/3393/3462 1649/3391/3461
f 1642/3383/3454 1643/3382/3455 1651/3394/3463 1650/3395/3462
f 1643/3382/3455 1644/3384/3456 1652/3396/3464 1651/3394/3463
f 1644/3386/3456 1645/3385/3457 1653/3397/3465 1652/3398/3464
f 1645/3385/3457 1646/3387/3458 1654/3399/3466 1653/3397/3465
f 1646/3388/3458 1639/3378/3452 1647/3390/3460 1654/3400/3466
f 1647/3390/3460 1648/3389/3459 1656/3401/3467 1655/3402/3468
f 1648/3392/3459 1649/3391/3461 1657/3403/3469 1656/3404/3467
f 1649/3391/3461 1650/3393/3462 1658/3405/3470 1657/3403/3469
f 1650/3395/3462 1651/3394/3463 1659/3406/3471 1658/3407/3470
f 1651/3394/3463 1652/3396/3464 1660/3408/3472 1659/3406/3471
f 1652/3398/3464 1653/3397/3465 1661/3409/3473 1660/3410/3472
f 1653/3397/3465 1654/3399/3466 1662/3411/3474 1661/3409/3473
f 1654/3400/3466 1647/3390/3460 1655/3402/3468 1662/3412/3474
f 1655/3402/3468 1656/3401/3467 1664/3413/3475 1663/3414/3476
f 1656/3404/3467 1657/3403/3469 1665/3415/3477 1664/3416/3475
f 1657/3403/3469 1658/3405/3470 1666/3417/3478 1665/3415/3477
f 1658/3407/3470 1659/3406/3471 1667/3418/3479 1666/3419/3478
f 1659/3406/3471 1660/3408/3472 1668/3420/3480 1667/3418/3479
f 1660/3410/3472 1661/3409/3473 1669/3421/3481 1668/3422/3480
f 1661/3409/3473 1662/3411/3474 1670/3423/3482 1669/3421/3481
f 1662/3412/3474 1655/3402/3468 1663/3414/3476 1670/3424/3482
f 1663/3414/3476 1664/3413/3475 1672/3425/3483 1671/3426/3484
f 1664/3416/3475 1665/3415/3477 1673/3427/3485 1672/3428/3483
f 1665/3415/3477 1666/3417/3478 1674/3429/3486 1673/3427/3485
f 1666/3419/3478 1667/3418/3479 1675/3430/3487 1674/3431/3486
f 1667/3418/3479 1668/3420/3480 1676/3432/3488 1675/3430/3487
f 1668/3422/3480 1669/3421/3481 1677/3433/3489 1676/3434/3488
f 1669/3421/3481 1670/3423/3482 1678/3435/3490 1677/3433/3489
f 1670/3424/3482 1663/3414/3476 1671/3426/3484 1678/3436/3490
f 1671/3426/3484 1672/3425/3483 1680/3437/3491 1679/3438/3492
f 1672/3428/3483 1673/3427/3485 1681/3439/3493 1680/3440/3491
f 1673/3427/3485 1674/3429/3486 1682/3441/3494 1681/3439/3493
f 1674/3431/3486 1675/3430/3487 1683/3442/3495 1682/3443/3494
f 1675/3430/3487 1676/3432/3488 1684/3444/3496 1683/3442/3495
f 1676/3434/3488 1677/3433/3489 1685/3445/3497 1684/3446/3496
f 1677/3433/3489 1678/3435/3490 1686/3447/3498 1685/3445/3497
f 1678/3436/3490 1671/3426/3484 1679/3438/3492 1686/3448/3498
f 1679/3438/3492 1680/3437/3491 1688/3449/3499 1687/3450/3500
f 1680/3440/3491 1681/3439/3493 1689/3451/3501 1688/3452/3499
f 1681/3439/3493 1682/3441/3494 1690/3453/3502 1689/3451/3501
f 1682/3443/3494 1683/3442/3495 1691/3454/3503 1690/3455/3502
f 1683/3442/3495 1684/3444/3496 1692/3456/3504 1691/3454/3503
f 1684/3446/3496 1685/3445/3497 1693/3457/3505 1692/3458/3504
f 1685/3445/3497 1686/3447/3498 1694/3459/3506 1693/3457/3505
f 1686/3448/3498 1679/3438/3492 1687/3450/3500 1694/3460/3506
f 1687/3450/3500 1688/3449/3499 1696/3461/3507 1695/3462/3508
f 1688/3452/3499 1689/3451/3501 1697/3463/3509 1696/3464/3507
f 1689/3451/3501 1690/3453/3502 1698/3465/3510 1697/3463/3509
f 1690/3455/3502 1691/3454/3503 1699/3466/3511 1698/3467/3510
f 1691/3454/3503 1692/3456/3504 1700/3468/3512 1699/3466/3511
f 1692/3458/3504 1693/3457/3505 1701/3469/3513 1700/3470/3512
f 1693/3457/3505 1694/3459/3506 1702/3471/3514 1701/3469/3513
f 1694/3460/3506 1687/3450/3500 1695/3462/3508 1702/3472/3514
f 1695/3462/3508 1696/3461/3507 1704/3473/3515 1703/3474/3516
f 1696/3464/3507 1697/3463/3509 1705/3475/3517 1704/3476/3515
f 1697/3463/3509 1698/3465/3510 1706/3477/3518 1705/3475/3517
f 1698/3467/3510 1699/3466/3511 1707/3478/3519 1706/3479/3518
f 1699/3466/3511 1700/3468/3512 1708/3480/3520 1707/3478/3519
f 1700/3470/3512 1701/3469/3513 1709/3481/3521 1708/3482/3520
f 1701/3469/3513 1702/3471/3514 1710/3483/3522 1709/3481/3521
f 1702/3472/3514 1695/3462/3508 1703/3474/3516 1710/3484/3522
f 1703/3474/3516 1704/3473/3515 1712/3485/3523 1711/3486/3524
f 1704/3487/3515 1705/3488/3517 1713/3489/3525 1712/3490/3523
f 1705/3488/3517 1706/3491/3518 1714/3492/3526 1713/3489/3525
f 1706/3479/3518 1707/3478/3519 1715/3493/3527 1714/3494/3526
f 1707/3478/3519 1708/3480/3520 1716/3495/3528 1715/3493/3527
f 1708/3496/3520 1709/3497/3521 1717/3498/3529 1716/3499/3528
f 1709/3497/3521 1710/3500/3522 1718/3501/3530 1717/3498/3529
f 1710/3484/3522 1703/3474/3516 1711/3486/3524 1718/3502/3530
f 1711/3486/3524 1712/3485/3523 1720/3503/3531 1719/3504/3532
f 1712/3490/3523 1713/3489/3525 1721/3505/3533 1720/3506/3531
f 1713/3489/3525 1714/3492/3526 1722/3507/3534 1721/3505/3533
f 1714/3494/3526 1715/3493/3527 1723/3508/3535 1722/3509/3534
f 1715/3493/3527 1716/3495/3528 1724/3510/3536 1723/3508/3535
f 1716/3499/3528 1717/3498/3529 1725/3511/3537 1724/3512/3536
f 1717/3498/3529 1718/3501/3530 1726/3513/3538 1725/3511/3537
f 1718/3502/3530 1711/3486/3524 1719/3504/3532 1726/3514/3538
f 1719/3504/3532 1720/3503/3531 1728/3515/3539 1727/3516/3540
f 1720/3506/3531 1721/3505/3533 1729/3517/3541 1728/3518/3539
f 1721/3505/3533 1722/3507/3534 1730/3519/3542 1729/3517/3541
f 1722/3509/3534 1723/3508/3535 1731/3520/3543 1730/3521/3542
f 1723/3508/3535 1724/3510/3536 1732/3522/3544 1731/3520/3543
f 1724/3512/3536 1725/3511/3537 1733/3523/3545 1732/3524/3544
f 1725/3511/3537 1726/3513/3538 1734/3525/3546 1733/3523/3545
f 1726/3514/3538 1719/3504/3532 1727/3516/3540 1734/3526/3546
f 1727/3516/3540 1728/3515/3539 1736/3527/3547 1735/3528/3548
f 1728/3518/3539 1729/3517/3541 1737/3529/3549 1736/3530/3547
f 1729/3517/3541 1730/3519/3542 1738/3531/3550 1737/3529/3549
f 1730/3521/3542 1731/3520/3543 1739/3532/3551 1738/3533/3550
f 1731/3520/3543 1732/3522/3544 1740/3534/3552 1739/3532/3551
f 1732/3524/3544 1733/3523/3545 1741/3535/3553 1740/3536/3552
f 1733/3523/3545 1734/3525/3546 1742/3537/3554 1741/3535/3553
f 1734/3526/3546 1727/3516/3540 1735/3528/3548 1742/3538/3554
f 1735/3528/3548 1736/3527/3547 1744/3539/3555 1743/3540/3556
f 1736/3530/3547 1737/3529/3549 1745/3541/3557 1744/3542/3555
f 1737/3529/3549 1738/3531/3550 1746/3543/3558 1745/3541/3557
f 1738/3533/3550 1739/3532/3551 1747/3544/3559 1746/3545/3558
f 1739/3532/3551 1740/3534/3552 1748/3546/3560 1747/3544/3559
f 1740/3536/3552 1741/3535/3553 1749/3547/3561 1748/3548/3560
f 1741/3535/3553 1742/3537/3554 1750/3549/3562 1749/3547/3561
f 1742/3538/3554 1735/3528/3548 1743/3540/3556 1750/3550/3562
f 1743/3540/3556 1744/3539/3555 1752/3551/3563 1751/3552/3564
f 1744/3542/3555 1745/3541/3557 1753/3553/3565 1752/3554/3563
f 1745/3541/3557 1746/3543/3558 1754/3555/3566 1753/3553/3565
f 1746/3545/3558 1747/3544/3559 1755/3556/3567 1754/3557/3566
f 1747/3544/3559 1748/3546/3560 1756/3558/3568 1755/3556/3567
f 1748/3548/3560 1749/3547/3561 1757/3559/3569 1756/3560/3568
f 1749/3547/3561 1750/3549/3562 1758/3561/3570 1757/3559/3569
f 1750/3550/3562 1743/3540/3556 1751/3552/3564 1758/3562/3570
f 1751/3552/3564 1752/3551/3563 1760/3563/3571 1759/3564/3572
f 1752/3554/3563 1753/3553/3565 1761/3565/3573 1760/3566/3571
f 1753/3553/3565 1754/3555/3566 1762/3567/3574 1761/3565/3573
f 1754/3557/3566 1755/3556/3567 1763/3568/3575 1762/3569/3574
f 1755/3556/3567 1756/3558/3568 1764/3570/3576 1763/3568/3575
f 1756/3560/3568 1757/3559/3569 1765/3571/3577 1764/3572/3576
f 1757/3559/3569 1758/3561/3570 1766/3573/3578 1765/3571/3577
f 1758/3562/3570 1751/3552/3564 1759/3564/3572 1766/3574/3578
f 1759/3564/3572 1760/3563/3571 1768/3575/3579 1767/3576/3580
f 1760/3566/3571 1761/3565/3573 1769/3577/3581 1768/3578/3579
f 1761/3565/3573 1762/3567/3574 1770/3579/3582 1769/3577/3581
f 1762/3569/3574 1763/3568/3575 1771/3580/3583 1770/3581/3582
f 1763/3568/3575 1764/3570/3576 1772/3582/3584 1771/3580/3583
f 1764/3572/3576 1765/3571/3577 1773/3583/3585 1772/3584/3584
f 1765/3571/3577 1766/3573/3578 1774/3585/3586 1773/3583/3585
f 1766/3574/3578 1759/3564/3572 1767/3576/3580 1774/3586/3586
f 1767/3576/3580 1768/3575/3579 1776/3587/3587 1775/3588/3588
f 1768/3578/3579 1769/3577/3581 1777/3589/3589 1776/3590/3587
f 1769/3577/3581 1770/3579/3582 1778/3591/3590 1777/3589/3589
f 1770/3581/3582 1771/3580/3583 1779/3592/3591 1778/3593/3590
f 1771/3580/3583 1772/3582/3584 1780/3594/3592 1779/3592/3591
f 1772/3584/3584 1773/3583/3585 1781/3595/3593 1780/3596/3592
f 1773/3583/3585 1774/3585/3586 1782/3597/3594 1781/3595/3593
f 1774/3586/3586 1767/3576/3580 1775/3588/3588 1782/3598/3594
f 1775/3588/3588 1776/3587/3587 1784/3599/3595 1783/3600/3596
f 1776/3590/3587 1777/3589/3589 1785/3601/3597 1784/3602/3595
f 1777/3589/3589 1778/3591/3590 1786/3603/3598 1785/3601/3597
f 1778/3593/3590 1779/3592/3591 1787/3604/3599 1786/3605/3598
f 1779/3592/3591 1780/3594/3592 1788/3606/3600 1787/3604/3599
f 1780/3596/3592 1781/3595/3593 1789/3607/3601 1788/3608/3600
f 1781/3595/3593 1782/3597/3594 1790/3609/3602 1789/3607/3601
f 1782/3598/3594 1775/3588/3588 1783/3600/3596 1790/3610/3602
f 1783/3600/3596 1784/3599/3595 1792/3611/3603 1791/3612/3604
f 1784/3602/3595 1785/3601/3597 1793/3613/3605 1792/3614/3603
f 1785/3601/3597 1786/3603/3598 1794/3615/3606 1793/3613/3605
f 1786/3605/3598 1787/3604/3599 1795/3616/3607 1794/3617/3606
f 1787/3604/3599 1788/3606/3600 1796/3618/3608 1795/3616/3607
f 1788/3608/3600 1789/3607/3601 1797/3619/3609 1796/3620/3608
f 1789/3607/3601 1790/3609/3602 1798/3621/3610 1797/3619/3609
f 1790/3610/3602 1783/3600/3596 1791/3612/3604 1798/3622/3610
f 1791/3612/3604 1792/3611/3603 1800/3623/3611 1799/3624/3612
f 1792/3614/3603 1793/3613/3605 1801/3625/3613 1800/3626/3611
f 1793/3613/3605 1794/3615/3606 1802/3627/3614 1801/3625/3613
f 1794/3617/3606 1795/3616/3607 1803/3628/3615 1802/3629/3614
f 1795/3616/3607 1796/3618/3608 1804/3630/3616 1803/3628/3615
f 1796/3620/3608 1797/3619/3609 1805/3631/3617 1804/3632/3616
f 1797/3619/3609 1798/3621/3610 1806/3633/3618 1805/3631/3617
f 1798/3622/3610 1791/3612/3604 1799/3624/3612 1806/3634/3618
f 1799/3624/3612 1800/3623/3611 1808/3635/3619 1807/3636/3620
f 1800/3626/3611 1801/3625/3613 1809/3637/3621 1808/3638/3619
f 1801/3625/3613 1802/3627/3614 1810/3639/3622 1809/3637/3621
f 1802/3629/3614 1803/3628/3615 1811/3640/3623 1810/3641/3622
f 1803/3628/3615 1804/3630/3616 1812/3642/3624 1811/3640/3623
f 1804/3632/3616 1805/3631/3617 1813/3643/3625 1812/3644/3624
f 1805/3631/3617 1806/3633/3618 1814/3645/3626 1813/3643/3625
f 1806/3634/3618 1799/3624/3612 1807/3636/3620 1814/3646/3626
f 1807/3636/3620 1808/3635/3619 1816/3647/3627 1815/3648/3628
f 1808/3638/3619 1809/3637/3621 1817/3649/3629 1816/3650/3627
f 1809/3637/3621 1810/3639/3622 1818/3651/3630 1817/3649/3629
f 1810/3641/3622 1811/3640/3623 1819/3652/3631 1818/3653/3630
f 1811/3640/3623 1812/3642/3624 1820/3654/3632 1819/3652/3631
f 1812/3644/3624 1813/3643/3625 1821/3655/3633 1820/3656/3632
f 1813/3643/3625 1814/3645/3626 1822/3657/3634 1821/3655/3633
f 1814/3646/3626 1807/3636/3620 1815/3648/3628 1822/3658/3634
f 1815/3648/3628 1816/3647/3627 1824/3659/3635 1823/3660/3636
f 1816/3650/3627 1817/3649/3629 1825/3661/3637 1824/3662/3635
f 1817/3649/3629 1818/3651/3630 1826/3663/3638 1825/3661/3637
f 1818/3653/3630 1819/3652/3631 1827/3664/3639 1826/3665/3638
f 1819/3652/3631 1820/3654/3632 1828/3666/3640 1827/3664/3639
f 1820/3656/3632 1821/3655/3633 1829/3667/3641 1828/3668/3640
f 1821/3655/3633 1822/3657/3634 1830/3669/3642 1829/3667/3641
f 1822/3658/3634 1815/3648/3628 1823/3660/3636 1830/3670/3642
f 1823/3660/3636 1824/3659/3635 1832/3671/3643 1831/3672/3644
f 1824/3662/3635 1825/3661/3637 1833/3673/3645 1832/3674/3643
f 1825/3661/3637 1826/3663/3638 1834/3675/3646 1833/3673/3645
f 1826/3665/3638 1827/3664/3639 1835/3676/3647 1834/3677/3646
f 1827/3664/3639 1828/3666/3640 1836/3678/3648 1835/3676/3647
f 1828/3668/3640 1829/3667/3641 1837/3679/3649 1836/3680/3648
f 1829/3667/3641 1830/3669/3642 1838/3681/3650 1837/3679/3649
f 1830/3670/3642 1823/3660/3636 1831/3672/3644 1838/3682/3650
f 1831/3672/3644 1832/3671/3643 1840/3683/3651 1839/3684/3652
f 1832/3674/3643 1833/3673/3645 1841/3685/3653 1840/3686/3651
f 1833/3673/3645 1834/3675/3646 1842/3687/3654 1841/3685/3653
f 1834/3677/3646 1835/3676/3647 1843/3688/3655 1842/3689/3654
f 1835/3676/3647 1836/3678/3648 1844/3690/3656 1843/3688/3655
f 1836/3680/3648 1837/3679/3649 1845/3691/3657 1844/3692/3656
f 1837/3679/3649 1838/3681/3650 1846/3693/3658 1845/3691/3657
f 1838/3682/3650 1831/3672/3644 1839/3684/3652 1846/3694/3658
f 1839/3684/3652 1840/3683/3651 1848/3695/3659 1847/3696/3660
f 1840/3686/3651 1841/3685/3653 1849/3697/3661 1848/3698/3659
f 1841/3685/3653 1842/3687/3654 1850/3699/3662 1849/3697/3661
f 1842/3689/3654 1843/3688/3655 1851/3700/3663 1850/3701/3662
f 1843/3688/3655 1844/3690/3656 1852/3702/3664 1851/3700/3663
f 1844/3692/3656 1845/3691/3657 1853/3703/3665 1852/3704/3664
f 1845/3691/3657 1846/3693/3658 1854/3705/3666 1853/3703/3665
f 1846/3694/3658 1839/3684/3652 1847/3696/3660 1854/3706/3666
f 1847/3696/3660 1848/3695/3659 1856/3707/3667 1855/3708/3668
f 1848/3698/3659 1849/3697/3661 1857/3709/3669 1856/3710/3667
f 1849/3697/3661 1850/3699/3662 1858/3711/3670 1857/3709/3669
f 1850/3701/3662 1851/3700/3663 1859/3712/3671 1858/3713/3670
f 1851/3700/3663 1852/3702/3664 1860/3714/3672 1859/3712/3671
f 1852/3704/3664 1853/3703/3665 1861/3715/3673 1860/3716/3672
f 1853/3703/3665 1854/3705/3666 1862/3717/3674 1861/3715/3673
f 1854/3706/3666 1847/3696/3660 1855/3708/3668 1862/3718/3674
f 1855/3708/3668 1856/3707/3667 1864/3719/3675 1863/3720/3676
f 1856/3710/3667 1857/3709/3669 1865/3721/3677 1864/3722/3675
f 1857/3709/3669 1858/3711/3670 1866/3723/3678 1865/3721/3677
f 1858/3713/3670 1859/3712/3671 1867/3724/3679 1866/3725/3678
f 1859/3712/3671 1860/3714/3672 1868/3726/3680 1867/3724/3679
f 1860/3716/3672 1861/3715/3673 1869/3727/3681 1868/3728/3680
f 1861/3715/3673 1862/3717/3674 1870/3729/3682 1869/3727/3681
f 1862/3718/3674 1855/3708/3668 1863/3720/3676 1870/3730/3682
f 1863/3720/3676 1864/3719/3675 1872/3731/3683 1871/3732/3684
f 1864/3722/3675 1865/3721/3677 1873/3733/3685 1872/3734/3683
f 1865/3721/3677 1866/3723/3678 1874/3735/3686 1873/3733/3685
f 1866/3725/3678 1867/3724/3679 1875/3736/3687 1874/3737/3686
f 1867/3724/3679 1868/3726/3680 1876/3738/3688 1875/3736/3687
f 1868/3728/3680 1869/3727/3681 1877/3739/3689 1876/3740/3688
f 1869/3727/3681 1870/3729/3682 1878/3741/3690 1877/3739/3689
f 1870/3730/3682 1863/3720/3676 1871/3732/3684 1878/3742/3690
f 1871/3732/3684 1872/3731/3683 1880/3743/3691 1879/3744/3692
f 1872/3734/3683 1873/3733/3685 1881/3745/3693 1880/3746/3691
f 1873/3733/3685 1874/3735/3686 1882/3747/3694 1881/3745/3693
f 1874/3737/3686 1875/3736/3687 1883/3748/3695 1882/3749/3694
f 1875/3736/3687 1876/3738/3688 1884/3750/3696 1883/3748/3695
f 1876/3740/3688 1877/3739/3689 1885/3751/3697 1884/3752/3696
f 1877/3739/3689 1878/3741/3690 1886/3753/3698 1885/3751/3697
f 1878/3742/3690 1871/3732/3684 1879/3744/3692 1886/3754/3698
f 1879/3744/3692 1880/3743/3691 1888/3755/3699 1887/3756/3700
f 1880/3757/3691 1881/3758/3693 1889/3759/3701 1888/3760/3699
f 1881/3758/3693 1882/3761/3694 1890/3762/3702 1889/3759/3701
f 1882/3749/3694 1883/3748/3695 1891/3763/3703 1890/3764/3702
f 1883/3748/3695 1884/3750/3696 1892/3765/3704 1891/3763/3703
f 1884/3766/3696 1885/3767/3697 1893/3768/3705 1892/3769/3704
f 1885/3767/3697 1886/3770/3698 1894/3771/3706 1893/3768/3705
f 1886/3754/3698 1879/3744/3692 1887/3756/3700 1894/3772/3706
f 1887/3756/3700 1888/3755/3699 1896/3773/3707 1895/3774/3708
f 1888/3760/3699 1889/3759/3701 1897/3775/3709 1896/3776/3707
f 1889/3759/3701 1890/3762/3702 1898/3777/3710 1897/3775/3709
f 1890/3764/3702 1891/3763/3703 1899/3778/3711 1898/3779/3710
f 1891/3763/3703 1892/3765/3704 1900/3780/3712 1899/3778/3711
f 1892/3769/3704 1893/3768/3705 1901/3781/3713 1900/3782/3712
f 1893/3768/3705 1894/3771/3706 1902/3783/3714 1901/3781/3713
f 1894/3772/3706 1887/3756/3700 1895/3774/3708 1902/3784/3714
f 1895/3774/3708 1896/3773/3707 1904/3785/3715 1903/3786/3716
f 1896/3776/3707 1897/3775/3709 1905/3787/3717 1904/3788/3715
f 1897/3775/3709 1898/3777/3710 1906/3789/3718 1905/3787/3717
f 1898/3779/3710 1899/3778/3711 1907/3790/3719 1906/3791/3718
f 1899/3778/3711 1900/3780/3712 1908/3792/3720 1907/3790/3719
f 1900/3782/3712 1901/3781/3713 1909/3793/3721 1908/3794/3720
f 1901/3781/3713 1902/3783/3714 1910/3795/3722 1909/3793/3721
f 1902/3784/3714 1895/3774/3708 1903/3786/3716 1910/3796/3722
f 1903/3786/3716 1904/3785/3715 1912/3797/3723 1911/3798/3724
f 1904/3788/3715 1905/3787/3717 1913/3799/3725 1912/3800/3723
f 1905/3787/3717 1906/3789/3718 1914/3801/3726 1913/3799/3725
f 1906/3791/3718 1907/3790/3719 1915/3802/3727 1914/3803/3726
f 1907/3790/3719 1908/3792/3720 1916/3804/3728 1915/3802/3727
f 1908/3794/3720 1909/3793/3721 1917/3805/3729 1916/3806/3728
f 1909/3793/3721 1910/3795/3722 1918/3807/3730 1917/3805/3729
f 1910/3796/3722 1903/3786/3716 1911/3798/3724 1918/3808/3730
f 1911/3798/3724 1912/3797/3723 1920/3809/3731 1919/3810/3732
f 1912/3800/3723 1913/3799/3725 1921/3811/3733 1920/3812/3731
f 1913/3799/3725 1914/3801/3726 1922/3813/3734 1921/3811/3733
f 1914/3803/3726 1915/3802/3727 1923/3814/3735 1922/3815/3734
f 1915/3802/3727 1916/3804/3728 1924/3816/3736 1923/3814/3735
f 1916/3806/3728 1917/3805/3729 1925/3817/3737 1924/3818/3736
f 1917/3805/3729 1918/3807/3730 1926/3819/3738 1925/3817/3737
f 1918/3808/3730 1911/3798/3724 1919/3810/3732 1926/3820/3738
f 1919/3810/3732 1920/3809/3731 1928/3821/3739 1927/3822/3740
f 1920/3812/3731 1921/3811/3733 1929/3823/3741 1928/3824/3739
f 1921/3811/3733 1922/3813/3734 1930/3825/3742 1929/3823/3741
f 1922/3815/3734 1923/3814/3735 1931/3826/3743 1930/3827/3742
f 1923/3814/3735 1924/3816/3736 1932/3828/3744 1931/3826/3743
f 1924/3818/3736 1925/3817/3737 1933/3829/3745 1932/3830/3744
f 1925/3817/3737 1926/3819/3738 1934/3831/3746 1933/3829/3745
f 1926/3820/3738 1919/3810/3732 1927/3822/3740 1934/3832/3746
f 1927/3822/3740 1928/3821/3739 1936/3833/3747 1935/3834/3748
f 1928/3824/3739 1929/3823/3741 1937/3835/3749 1936/3836/3747
f 1929/3823/3741 1930/3825/3742 1938/3837/3750 1937/3835/3749
f 1930/3827/3742 1931/3826/3743 1939/3838/3751 1938/3839/3750
f 1931/3826/3743 1932/3828/3744 1940/3840/3752 1939/3838/3751
f 1932/3830/3744 1933/3829/3745 1941/3841/3753 1940/3842/3752
f 1933/3829/3745 1934/3831/3746 1942/3843/3754 1941/3841/3753
f 1934/3832/3746 1927/3822/3740 1935/3834/3748 1942/3844/3754
f 1935/3834/3748 1936/3833/3747 1944/3845/3755 1943/3846/3756
f 1936/3836/3747 1937/3835/3749 1945/3847/3757 1944/3848/3755
f 1937/3835/3749 1938/3837/3750 1946/3849/3758 1945/3847/3757
f 1938/3839/3750 1939/3838/3751 1947/3850/3759 1946/3851/3758
f 1939/3838/3751 1940/3840/3752 1948/3852/3760 1947/3850/3759
f 1940/3842/3752 1941/3841/3753 1949/3853/3761 1948/3854/3760
f 1941/3841/3753 1942/3843/3754 1950/3855/3762 1949/3853/3761
f 1942/3844/3754 1935/3834/3748 1943/3846/3756 1950/3856/3762
f 1943/3846/3756 1944/3845/3755 1952/3857/3763 1951/3858/3764
f 1944/3848/3755 1945/3847/3757 1953/3859/3765 1952/3860/3763
f 1945/3847/3757 1946/3849/3758 1954/3861/3766 1953/3859/3765
f 1946/3851/3758 1947/3850/3759 1955/3862/3767 1954/3863/3766
f 1947/3850/3759 1948/3852/3760 1956/3864/3768 1955/3862/3767
f 1948/3854/3760 1949/3853/3761 1957/3865/3769 1956/3866/3768
f 1949/3853/3761 1950/3855/3762 1958/3867/3770 1957/3865/3769
f 1950/3856/3762 1943/3846/3756 1951/3858/3764 1958/3868/3770
f 1951/3858/3764 1952/3857/3763 1960/3869/3771 1959/3870/3772
f 1952/3860/3763 1953/3859/3765 1961/3871/3773 1960/3872/3771
f 1953/3859/3765 1954/3861/3766 1962/3873/3774 1961/3871/3773
f 1954/3863/3766 1955/3862/3767 1963/3874/3775 1962/3875/3774
f 1955/3862/3767 1956/3864/3768 1964/3876/3776 1963/3874/3775
f 1956/3866/3768 1957/3865/3769 1965/3877/3777 1964/3878/3776
f 1957/3865/3769 1958/3867/3770 1966/3879/3778 1965/3877/3777
f 1958/3868/3770 1951/3858/3764 1959/3870/3772 1966/3880/3778
f 1959/3870/3772 1960/3869/3771 1968/3881/3779 1967/3882/3780
f 1960/3872/3771 1961/3871/3773 1969/3883/3781 1968/3884/3779
f 1961/3871/3773 1962/3873/3774 1970/3885/3782 1969/3883/3781
f 1962/3875/3774 1963/3874/3775 1971/3886/3783 1970/3887/3782
f 1963/3874/3775 1964/3876/3776 1972/3888/3784 1971/3886/3783
f 1964/3878/3776 1965/3877/3777 1973/3889/3785 1972/3890/3784
f 1965/3877/3777 1966/3879/3778 1974/3891/3786 1973/3889/3785
f 1966/3880/3778 1959/3870/3772 1967/3882/3780 1974/3892/3786
f 1967/3882/3780 1968/3881/3779 1976/3893/3787 1975/3894/3788
f 1968/3884/3779 1969/3883/3781 1977/3895/3789 1976/3896/3787
f 1969/3883/3781 1970/3885/3782 1978/3897/3790 1977/3895/3789
f 1970/3887/3782 1971/3886/3783 1979/3898/3791 1978/3899/3790
f 1971/3886/3783 1972/3888/3784 1980/3900/3792 1979/3898/3791
f 1972/3890/3784 1973/3889/3785 1981/3901/3793 1980/3902/3792
f 1973/3889/3785 1974/3891/3786 1982/3903/3794 1981/3901/3793
f 1974/3892/3786 1967/3882/3780 1975/3894/3788 1982/3904/3794
f 1975/3894/3788 1976/3893/3787 1984/3905/3795 1983/3906/3796
f 1976/3896/3787 1977/3895/3789 1985/3907/3797 1984/3908/3795
f 1977/3895/3789 1978/3897/3790 1986/3909/3798 1985/3907/3797
f 1978/3899/3790 1979/3898/3791 1987/3910/3799 1986/3911/3798
f 1979/3898/3791 1980/3900/3792 1988/3912/3800 1987/3910/3799
f 1980/3902/3792 1981/3901/3793 1989/3913/3801 1988/3914/3800
f 1981/3901/3793 1982/3903/3794 1990/3915/3802 1989/3913/3801
f 1982/3904/3794 1975/3894/3788 1983/3906/3796 1990/3916/3802
f 1983/3906/3796 1984/3905/3795 1992/3917/3803 1991/3918/3804
f 1984/3908/3795 1985/3907/3797 1993/3919/3805 1992/3920/3803
f 1985/3907/3797 1986/3909/3798 1994/3921/3806 1993/3919/3805
f 1986/3911/3798 1987/3910/3799 1995/3922/3807 1994/3923/3806
f 1987/3910/3799 1988/3912/3800 1996/3924/3808 1995/3922/3807
f 1988/3914/3800 1989/3913/3801 1997/3925/3809 1996/3926/3808
f 1989/3913/3801 1990/3915/3802 1998/3927/3810 1997/3925/3809
f 1990/3916/3802 1983/3906/3796 1991/3918/3804 1998/3928/3810
f 1991/3918/3804 1992/3917/3803 2000/3929/3811 1999/3930/3812
f 1992/3920/3803 1993/3919/3805 2001/3931/3813 2000/3932/3811
f 1993/3919/3805 1994/3921/3806 2002/3933/3814 2001/3931/3813
f 1994/3923/3806 1995/3922/3807 2003/3934/3815 2002/3935/3814
f 1995/3922/3807 1996/3924/3808 2004/3936/3816 2003/3934/3815
f 1996/3926/3808 1997/3925/3809 2005/3937/3817 2004/3938/3816
f 1997/3925/3809 1998/3927/3810 2006/3939/3818 2005/3937/3817
f 1998/3928/3810 1991/3918/3804 1999/3930/3812 2006/3940/3818
f 1999/3930/3812 2000/3929/3811 2008/3941/3819 2007/3942/3820
f 2000/3932/3811 2001/3931/3813 2009/3943/3821 2008/3944/3819
f 2001/3931/3813 2002/3933/3814 2010/3945/3822 2009/3943/3821
f 2002/3935/3814 2003/3934/3815 2011/3946/3823 2010/3947/3822
f 2003/3934/3815 2004/3936/3816 2012/3948/3824 2011/3946/3823
f 2004/3938/3816 2005/3937/3817 2013/3949/3825 2012/3950/3824
f 2005/3937/3817 2006/3939/3818 2014/3951/3826 2013/3949/3825
f 2006/3940/3818 1999/3930/3812 2007/3942/3820 2014/3952/3826
f 2007/3942/3820 2008/3941/3819 2016/3953/3827 2015/3954/3828
f 2008/3944/3819 2009/3943/3821 2017/3955/3829 2016/3956/3827
f 2009/3943/3821 2010/3945/3822 2018/3957/3830 2017/3955/3829
f 2010/3947/3822 2011/3946/3823 2019/3958/3831 2018/3959/3830
f 2011/3946/3823 2012/3948/3824 2020/3960/3832 2019/3958/3831
f 2012/3950/3824 2013/3949/3825 2021/3961/3833 2020/3962/3832
f 2013/3949/3825 2014/3951/3826 2022/3963/3834 2021/3961/3833
f 2014/3952/3826 2007/3942/3820 2015/3954/3828 2022/3964/3834
f 2015/3954/3828 2016/3953/3827 2024/3965/3835 2023/3966/3836
f 2016/3956/3827 2017/3955/3829 2025/3967/3837 2024/3968/3835
f 2017/3955/3829 2018/3957/3830 2026/3969/3838 2025/3967/3837
f 2018/3959/3830 2019/3958/3831 2027/3970/3839 2026/3971/3838
f 2019/3958/3831 2020/3960/3832 2028/3972/3840 2027/3970/3839
f 2020/3962/3832 2021/3961/3833 2029/3973/3841 2028/3974/3840
f 2021/3961/3833 2022/3963/3834 2030/3975/3842 2029/3973/3841
f 2022/3964/3834 2015/3954/3828 2023/3966/3836 2030/3976/3842
f 2023/3966/3836 2024/3965/3835 2032/3977/3843 2031/3978/3844
f 2024/3968/3835 2025/3967/3837 2033/3979/3845 2032/3980/3843
f 2025/3967/3837 2026/3969/3838 2034/3981/3846 2033/3979/3845
f 2026/3971/3838 2027/3970/3839 2035/3982/3847 2034/3983/3846
f 2027/3970/3839 2028/3972/3840 2036/3984/3848 2035/3982/3847
f 2028/3974/3840 2029/3973/3841 2037/3985/3849 2036/3986/3848
f 2029/3973/3841 2030/3975/3842 2038/3987/3850 2037/3985/3849
f 2030/3976/3842 2023/3966/3836 2031/3978/3844 2038/3988/3850
f 2031/3978/3844 2032/3977/3843 2040/3989/3851 2039/3990/3852
f 2032/3980/3843 2033/3979/3845 2041/3991/3853 2040/3992/3851
f 2033/3979/3845 2034/3981/3846 2042/3993/3854 2041/3991/3853
f 2034/3983/3846 2035/3982/3847 2043/3994/3855 2042/3995/3854
f 2035/3982/3847 2036/3984/3848 2044/3996/3856 2043/3994/3855
f 2036/3986/3848 2037/3985/3849 2045/3997/3857 2044/3998/3856
f 2037/3985/3849 2038/3987/3850 2046/3999/3858 2045/3997/3857
f 2038/3988/3850 2031/3978/3844 2039/3990/3852 2046/4000/3858
f 2039/3990/3852 2040/3989/3851 2048/4001/3859 2047/4002/3860
f 2040/3992/3851 2041/3991/3853 2049/4003/3861 2048/4004/3859
f 2041/3991/3853 2042/3993/3854 2050/4005/3862 2049/4003/3861
f 2042/3995/3854 2043/3994/3855 2051/4006/3863 2050/4007/3862
f 2043/3994/3855 2044/3996/3856 2052/4008/3864 2051/4006/3863
f 2044/3998/3856 2045/3997/3857 2053/4009/3865 2052/4010/3864
f 2045/3997/3857 2046/3999/3858 2054/4011/3866 2053/4009/3865
f 2046/4000/3858 2039/3990/3852 2047/4002/3860 2054/4012/3866
f 2047/4002/3860 2048/4001/3859 2056/4013/3867 2055/4014/3868
f 2048/4004/3859 2049/4003/3861 2057/4015/3869 2056/4016/3867
f 2049/4003/3861 2050/4005/3862 2058/4017/3870 2057/4015/3869
f 2050/4007/3862 2051/4006/3863 2059/4018/3871 2058/4019/3870
f 2051/4006/3863 2052/4008/3864 2060/4020/3872 2059/4018/3871
f 2052/4010/3864 2053/4009/3865 2061/4021/3873 2060/4022/3872
f 2053/4009/3865 2054/4011/3866 2062/4023/3874 2061/4021/3873
f 2054/4012/3866 2047/4002/3860 2055/4014/3868 2062/4024/3874
f 2055/4014/3868 2056/4013/3867 2064/4025/3875 2063/4026/3876
f 2056/4016/3867 2057/4015/3869 2065/4027/3877 2064/4028/3875
f 2057/4015/3869 2058/4017/3870 2066/4029/3878 2065/4027/3877
f 2058/4019/3870 2059/4018/3871 2067/4030/3879 2066/4031/3878
f 2059/4018/3871 2060/4020/3872 2068/4032/3880 2067/4030/3879
f 2060/4022/3872 2061/4021/3873 2069/4033/3881 2068/4034/3880
f 2061/4021/3873 2062/4023/3874 2070/4035/3882 2069/4033/3881
f 2062/4024/3874 2055/4014/3868 2063/4026/3876 2070/4036/3882
f 2063/4026/3876 2064/4025/3875 2072/4037/3883 2071/4038/3884
f 2064/4028/3875 2065/4027/3877 2073/4039/3885 2072/4040/3883
f 2065/4027/3877 2066/4029/3878 2074/4041/3886 2073/4039/3885
f 2066/4031/3878 2067/4030/3879 2075/4042/3887 2074/4043/3886
f 2067/4030/3879 2068/4032/3880 2076/4044/3888 2075/4042/3887
f 2068/4034/3880 2069/4033/3881 2077/4045/3889 2076/4046/3888
f 2069/4033/3881 2070/4035/3882 2078/4047/3890 2077/4045/3889
f 2070/4036/3882 2063/4026/3876 2071/4038/3884 2078/4048/3890
f 2071/4038/3884 2072/4037/3883 2080/4049/3891 2079/4050/3892
f 2072/4040/3883 2073/4039/3885 2081/4051/3893 2080/4052/3891
f 2073/4039/3885 2074/4041/3886 2082/4053/3894 2081/4051/3893
f 2074/4043/3886 2075/4042/3887 2083/4054/3895 2082/4055/3894
f 2075/4042/3887 2076/4044/3888 2084/4056/3896 2083/4054/3895
f 2076/4046/3888 2077/4045/3889 2085/4057/3897 2084/4058/3896
f 2077/4045/3889 2078/4047/3890 2086/4059/3898 2085/4057/3897
f 2078/4048/3890 2071/4038/3884 2079/4050/3892 2086/4060/3898
f 2079/4050/3892 2080/4049/3891 2088/4061/3899 2087/4062/3900
f 2080/4052/3891 2081/4051/3893 2089/4063/3901 2088/4064/3899
f 2081/4051/3893 2082/4053/3894 2090/4065/3902 2089/4063/3901
f 2082/4055/3894 2083/4054/3895 2091/4066/3903 2090/4067/3902
f 2083/4054/3895 2084/4056/3896 2092/4068/3904 2091/4066/3903
f 2084/4058/3896 2085/4057/3897 2093/4069/3905 2092/4070/3904
f 2085/4057/3897 2086/4059/3898 2094/4071/3906 2093/4069/3905
f 2086/4060/3898 2079/4050/3892 2087/4062/3900 2094/4072/3906
f 2087/4062/3900 2088/4061/3899 2096/4073/3907 2095/4074/3908
f 2088/4064/3899 2089/4063/3901 2097/4075/3909 2096/4076/3907
f 2089/4063/3901 2090/4065/3902 2098/4077/3910 2097/4075/3909
f 2090/4067/3902 2091/4066/3903 2099/4078/3911 2098/4079/3910
f 2091/4066/3903 2092/4068/3904 2100/4080/3912 2099/4078/3911
f 2092/4070/3904 2093/4069/3905 2101/4081/3913 2100/4082/3912
f 2093/4069/3905 2094/4071/3906 2102/4083/3914 2101/4081/3913
f 2094/4072/3906 2087/4062/3900 2095/4074/3908 2102/4084/3914
f 2095/4074/3908 2096/4073/3907 2104/4085/3915 2103/4086/3916
f 2096/4076/3907 2097/4075/3909 2105/4087/3917 2104/4088/3915
f 2097/4075/3909 2098/4077/3910 2106/4089/3918 2105/4087/3917
f 2098/4079/3910 2099/4078/3911 2107/4090/3919 2106/4091/3918
f 2099/4078/3911 2100/4080/3912 2108/4092/3920 2107/4090/3919
f 2100/4082/3912 2101/4081/3913 2109/4093/3921 2108/4094/3920
f 2101/4081/3913 2102/4083/3914 2110/4095/3922 2109/4093/3921
f 2102/4084/3914 2095/4074/3908 2103/4086/3916 2110/4096/3922
f 2103/4086/3916 2104/4085/3915 2112/4097/3923 2111/4098/3924
f 2104/4088/3915 2105/4087/3917 2113/4099/3925 2112/4100/3923
f 2105/4087/3917 2106/4089/3918 2114/4101/3926 2113/4099/3925
f 2106/4091/3918 2107/4090/3919 2115/4102/3927 2114/4103/3926
f 2107/4090/3919 2108/4092/3920 2116/4104/3928 2115/4102/3927
f 2108/4094/3920 2109/4093/3921 2117/4105/3929 2116/4106/3928
f 2109/4093/3921 2110/4095/3922 2118/4107/3930 2117/4105/3929
f 2110/4096/3922 2103/4086/3916 2111/4098/3924 2118/4108/3930
f 2111/4098/3924 2112/4097/3923 2120/4109/3931 2119/4110/3932
f 2112/4100/3923 2113/4099/3925 2121/4111/3933 2120/4112/3931
f 2113/4099/3925 2114/4101/3926 2122/4113/3934 2121/4111/3933
f 2114/4103/3926 2115/4102/3927 2123/4114/3935 2122/4115/3934
f 2115/4102/3927 2116/4104/3928 2124/4116/3936 2123/4114/3935
f 2116/4106/3928 2117/4105/3929 2125/4117/3937 2124/4118/3936
f 2117/4105/3929 2118/4107/3930 2126/4119/3938 2125/4117/3937
f 2118/4108/3930 2111/4098/3924 2119/4110/3932 2126/4120/3938
f 2119/4110/3932 2120/4109/3931 2128/4121/3939 2127/4122/3940
f 2120/4112/3931 2121/4111/3933 2129/4123/3941 2128/4124/3939
f 2121/4111/3933 2122/4113/3934 2130/4125/3942 2129/4123/3941
f 2122/4115/3934 2123/4114/3935 2131/4126/3943 2130/4127/3942
f 2123/4114/3935 2124/4116/3936 2132/4128/3944 2131/4126/3943
f 2124/4118/3936 2125/4117/3937 2133/4129/3945 2132/4130/3944
f 2125/4117/3937 2126/4119/3938 2134/4131/3946 2133/4129/3945
f 2126/4120/3938 2119/4110/3932 2127/4122/3940 2134/4132/3946
f 2127/4122/3940 2128/4121/3939 2136/4133/3947 2135/4134/3948
f 2128/4124/3939 2129/4123/3941 2137/4135/3949 2136/4136/3947
f 2129/4123/3941 2130/4125/3942 2138/4137/3950 2137/4135/3949
f 2130/4127/3942 2131/4126/3943 2139/4138/3951 2138/4139/3950
f 2131/4126/3943 2132/4128/3944 2140/4140/3952 2139/4138/3951
f 2132/4130/3944 2133/4129/3945 2141/4141/3953 2140/4142/3952
f 2133/4129/3945 2134/4131/3946 2142/4143/3954 2141/4141/3953
f 2134/4132/3946 2127/4122/3940 2135/4134/3948 2142/4144/3954
f 2135/4134/3948 2136/4133/3947 2144/4145/3955 2143/4146/3956
f 2136/4136/3947 2137/4135/3949 2145/4147/3957 2144/4148/3955
f 2137/4135/3949 2138/4137/3950 2146/4149/3958 2145/4147/3957
f 2138/4139/3950 2139/4138/3951 2147/4150/3959 2146/4151/3958
f 2139/4138/3951 2140/4140/3952 2148/4152/3960 2147/4150/3959
f 2140/4142/3952 2141/4141/3953 2149/4153/3961 2148/4154/3960
f 2141/4141/3953 2142/4143/3954 2150/4155/3962 2149/4153/3961
f 2142/4144/3954 2135/4134/3948 2143/4146/3956 2150/4156/3962
f 2143/4146/3956 2144/4145/3955 2152/4157/3963 2151/4158/3964
f 2144/4148/3955 2145/4147/3957 2153/4159/3965 2152/4160/3963
f 2145/4147/3957 2146/4149/3958 2154/4161/3966 2153/4159/3965
f 2146/4151/3958 2147/4150/3959 2155/4162/3967 2154/4163/3966
f 2147/4150/3959 2148/4152/3960 2156/4164/3968 2155/4162/3967
f 2148/4154/3960 2149/4153/3961 2157/4165/3969 2156/4166/3968
f 2149/4153/3961 2150/4155/3962 2158/4167/3970 2157/4165/3969
f 2150/4156/3962 2143/4146/3956 2151/4158/3964 2158/4168/3970
f 2151/4158/3964 2152/4157/3963 2160/4169/3971 2159/4170/3972
f 2152/4160/3963 2153/4159/3965 2161/4171/3973 2160/4172/3971
f 2153/4159/3965 2154/4161/3966 2162/4173/3974 2161/4171/3973
f 2154/4163/3966 2155/4162/3967 2163/4174/3975 2162/4175/3974
f 2155/4162/3967 2156/4164/3968 2164/4176/3976 2163/4174/3975
f 2156/4166/3968 2157/4165/3969 2165/4177/3977 2164/4178/3976
f 2157/4165/3969 2158/4167/3970 2166/4179/3978 2165/4177/3977
f 2158/4168/3970 2151/4158/3964 2159/4170/3972 2166/4180/3978
f 2159/4170/3972 2160/4169/3971 2168/4181/3979 2167/4182/3980
f 2160/4172/3971 2161/4171/3973 2169/4183/3981 2168/4184/3979
f 2161/4171/3973 2162/4173/3974 2170/4185/3982 2169/4183/3981
f 2162/4175/3974 2163/4174/3975 2171/4186/3983 2170/4187/3982
f 2163/4174/3975 2164/4176/3976 2172/4188/3984 2171/4186/3983
f 2164/4178/3976 2165/4177/3977 2173/4189/3985 2172/4190/3984
f 2165/4177/3977 2166/4179/3978 2174/4191/3986 2173/4189/3985
f 2166/4180/3978 2159/4170/3972 2167/4182/3980 2174/4192/3986
f 2167/4182/3980 2168/4181/3979 2176/4193/3987 2175/4194/3988
f 2168/4195/3979 2169/4196/3981 2177/4197/3989 2176/4198/3987
f 2169/4196/3981 2170/4199/3982 2178/4200/3990 2177/4197/3989
f 2170/4187/3982 2171/4186/3983 2179/4201/3991 2178/4202/3990
f 2171/4186/3983 2172/4188/3984 2180/4203/3992 2179/4201/3991
f 2172/4204/3984 2173/4205/3985 2181/4206/3993 2180/4207/3992
f 2173/4205/3985 2174/4208/3986 2182/4209/3994 2181/4206/3993
f 2174/4192/3986 2167/4182/3980 2175/4194/3988 2182/4210/3994
f 2175/4194/3988 2176/4193/3987 2184/4211/3995 2183/4212/3996
f 2176/4198/3987 2177/4197/3989 2185/4213/3997 2184/4214/3995
f 2177/4197/3989 2178/4200/3990 2186/4215/3998 2185/4213/3997
f 2178/4202/3990 2179/4201/3991 2187/4216/3999 2186/4217/3998
f 2179/4201/3991 2180/4203/3992 2188/4218/4000 2187/4216/3999
f 2180/4207/3992 2181/4206/3993 2189/4219/4001 2188/4220/4000
f 2181/4206/3993 2182/4209/3994 2190/4221/4002 2189/4219/4001
f 2182/4210/3994 2175/4194/3988 2183/4212/3996 2190/4222/4002
f 2183/4212/3996 2184/4211/3995 2192/4223/4003 2191/4224/4004
f 2184/4214/3995 2185/4213/3997 2193/4225/4005 2192/4226/4003
f 2185/4213/3997 2186/4215/3998 2194/4227/4006 2193/4225/4005
f 2186/4217/3998 2187/4216/3999 2195/4228/4007 2194/4229/4006
f 2187/4216/3999 2188/4218/4000 2196/4230/4008 2195/4228/4007
f 2188/4220/4000 2189/4219/4001 2197/4231/4009 2196/4232/4008
f 2189/4219/4001 2190/4221/4002 2198/4233/4010 2197/4231/4009
f 2190/4222/4002 2183/4212/3996 2191/4224/4004 2198/4234/4010
f 2191/4224/4004 2192/4223/4003 2200/4235/4011 2199/4236/4012
f 2192/4226/4003 2193/4225/4005 2201/4237/4013 2200/4238/4011
f 2193/4225/4005 2194/4227/4006 2202/4239/4014 2201/4237/4013
f 2194/4229/4006 2195/4228/4007 2203/4240/4015 2202/4241/4014
f 2195/4228/4007 2196/4230/4008 2204/4242/4016 2203/4240/4015
f 2196/4232/4008 2197/4231/4009 2205/4243/4017 2204/4244/4016
f 2197/4231/4009 2198/4233/4010 2206/4245/4018 2205/4243/4017
f 2198/4234/4010 2191/4224/4004 2199/4236/4012 2206/4246/4018
f 2199/4236/4012 2200/4235/4011 2208/4247/4019 2207/4248/4020
f 2200/4238/4011 2201/4237/4013 2209/4249/4021 2208/4250/4019
f 2201/4237/4013 2202/4239/4014 2210/4251/4022 2209/4249/4021
f 2202/4241/4014 2203/4240/4015 2211/4252/4023 2210/4253/4022
f 2203/4240/4015 2204/4242/4016 2212/4254/4024 2211/4252/4023
f 2204/4244/4016 2205/4243/4017 2213/4255/4025 2212/4256/4024
f 2205/4243/4017 2206/4245/4018 2214/4257/4026 2213/4255/4025
f 2206/4246/4018 2199/4236/4012 2207/4248/4020 2214/4258/4026
f 2207/4248/4020 2208/4247/4019 2216/4259/4027 2215/4260/4028
f 2208/4250/4019 2209/4249/4021 2217/4261/4029 2216/4262/4027
f 2209/4249/4021 2210/4251/4022 2218/4263/4030 2217/4261/4029
f 2210/4253/4022 2211/4252/4023 2219/4264/4031 2218/4265/4030
f 2211/4252/4023 2212/4254/4024 2220/4266/4032 2219/4264/4031
f 2212/4256/4024 2213/4255/4025 2221/4267/4033 2220/4268/4032
f 2213/4255/4025 2214/4257/4026 2222/4269/4034 2221/4267/4033
f 2214/4258/4026 2207/4248/4020 2215/4260/4028 2222/4270/4034
f 2215/4260/4028 2216/4259/4027 2224/4271/4035 2223/4272/4036
f 2216/4262/4027 2217/4261/4029 2225/4273/4037 2224/4274/4035
f 2217/4261/4029 2218/4263/4030 2226/4275/4038 2225/4273/4037
f 2218/4265/4030 2219/4264/4031 2227/4276/4039 2226/4277/4038
f 2219/4264/4031 2220/4266/4032 2228/4278/4040 2227/4276/4039
f 2220/4268/4032 2221/4267/4033 2229/4279/4041 2228/4280/4040
f 2221/4267/4033 2222/4269/4034 2230/4281/4042 2229/4279/4041
f 2222/4270/4034 2215/4260/4028 2223/4272/4036 2230/4282/4042
f 2223/4272/4036 2224/4271/4035 2232/4283/4043 2231/4284/4044
f 2224/4274/4035 2225/4273/4037 2233/4285/4045 2232/4286/4043
f 2225/4273/4037 2226/4275/4038 2234/4287/4046 2233/4285/4045
f 2226/4277/4038 2227/4276/4039 2235/4288/4047 2234/4289/4046
f 2227/4276/4039 2228/4278/4040 2236/4290/4048 2235/4288/4047
f 2228/4280/4040 2229/4279/4041 2237/4291/4049 2236/4292/4048
f 2229/4279/4041 2230/4281/4042 2238/4293/4050 2237/4291/4049
f 2230/4282/4042 2223/4272/4036 2231/4284/4044 2238/4294/4050
f 2231/4284/4044 2232/4283/4043 2240/4295/4051 2239/4296/4052
f 2232/4286/4043 2233/4285/4045 2241/4297/4053 2240/4298/4051
f 2233/4285/4045 2234/4287/4046 2242/4299/4054 2241/4297/4053
f 2234/4289/4046 2235/4288/4047 2243/4300/4055 2242/4301/4054
f 2235/4288/4047 2236/4290/4048 2244/4302/4056 2243/4300/4055
f 2236/4292/4048 2237/4291/4049 2245/4303/4057 2244/4304/4056
f 2237/4291/4049 2238/4293/4050 2246/4305/4058 2245/4303/4057
f 2238/4294/4050 2231/4284/4044 2239/4296/4052 2246/4306/4058
f 2239/4296/4052 2240/4295/4051 2248/4307/4059 2247/4308/4060
f 2240/4298/4051 2241/4297/4053 2249/4309/4061 2248/4310/4059
f 2241/4297/4053 2242/4299/4054 2250/4311/4062 2249/4309/4061
f 2242/4301/4054 2243/4300/4055 2251/4312/4063 2250/4313/4062
f 2243/4300/4055 2244/4302/4056 2252/4314/4064 2251/4312/4063
f 2244/4304/4056 2245/4303/4057 2253/4315/4065 2252/4316/4064
f 2245/4303/4057 2246/4305/4058 2254/4317/4066 2253/4315/4065
f 2246/4306/4058 2239/4296/4052 2247/4308/4060 2254/4318/4066
g default
v 0.000000 -20.731922 -30.360447
v 0.000000 -20.852619 -30.651838
v 0.000000 -21.144011 -30.772535
v 0.000000 -21.435400 -30.651838
v 0.000000 -21.556097 -30.360447
v 0.000000 -21.435400 -30.069057
v 0.000000 -21.144009 -29.948360
v 0.000000 -20.852619 -30.069057
v -1.701200 -20.731922 -30.310362
v -1.718286 -20.852619 -30.601252
v -1.725363 -21.144011 -30.721741
v -1.718286 -21.435400 -30.601250
v -1.701200 -21.556097 -30.310362
v -1.684115 -21.435400 -30.019472
v -1.677038 -21.144009 -29.898983
v -1.684115 -20.852619 -30.019474
v -3.396636 -20.731922 -30.161591
v -3.430420 -20.852619 -30.451015
v -3.444414 -21.144011 -30.570900
v -3.430420 -21.435400 -30.451015
v -3.396636 -21.556097 -30.161591
v -3.362851 -21.435400 -29.872166
v -3.348858 -21.144009 -29.752281
v -3.362852 -20.852619 -29.872166
v -5.080847 -20.731922 -29.916424
v -5.130934 -20.852619 -30.203478
v -5.151681 -21.144011 -30.322378
v -5.130934 -21.435400 -30.203478
v -5.080847 -21.556097 -29.916424
v -5.030759 -21.435400 -29.629372
v -5.010012 -21.144009 -29.510469
v -5.030759 -20.852619 -29.629372
v -6.748662 -20.731922 -29.577171
v -6.814660 -20.852619 -29.860989
v -6.841997 -21.144011 -29.978550
v -6.814660 -21.435400 -29.860989
v -6.748662 -21.556097 -29.577171
v -6.682663 -21.435400 -29.293352
v -6.655326 -21.144009 -29.175793
v -6.682663 -20.852619 -29.293354
v -8.395139 -20.731922 -29.146093
v -8.476666 -20.852619 -29.425846
v -8.510436 -21.144011 -29.541723
v -8.476666 -21.435400 -29.425846
v -8.395139 -21.556097 -29.146093
v -8.313611 -21.435400 -28.866341
v -8.279841 -21.144009 -28.750463
v -8.313611 -20.852619 -28.866343
v -10.015498 -20.731922 -28.625376
v -10.112191 -20.852619 -28.900255
v -10.152243 -21.144011 -29.014114
v -10.112191 -21.435400 -28.900255
v -10.015498 -21.556097 -28.625376
v -9.918806 -21.435400 -28.350494
v -9.878755 -21.144009 -28.236637
v -9.918806 -20.852619 -28.350496
v -11.605060 -20.731922 -28.017092
v -11.716570 -20.852619 -28.286303
v -11.762759 -21.144011 -28.397812
v -11.716570 -21.435400 -28.286303
v -11.605060 -21.556097 -28.017092
v -11.493549 -21.435400 -27.747883
v -11.447361 -21.144009 -27.636374
v -11.493549 -20.852619 -27.747883
v -13.159170 -20.731922 -27.323223
v -13.285167 -20.852619 -27.585964
v -13.337357 -21.144011 -27.694796
v -13.285167 -21.435400 -27.585964
v -13.159170 -21.556097 -27.323223
v -13.033173 -21.435400 -27.060482
v -12.980983 -21.144009 -26.951653
v -13.033173 -20.852619 -27.060482
v -14.673141 -20.731922 -26.545660
v -14.813308 -20.852619 -26.801125
v -14.871367 -21.144011 -26.906940
v -14.813308 -21.435400 -26.801125
v -14.673141 -21.556097 -26.545660
v -14.532975 -21.435400 -26.290195
v -14.474916 -21.144009 -26.184380
v -14.532975 -20.852619 -26.290197
v -16.142193 -20.731922 -25.686243
v -16.296215 -20.852619 -25.933599
v -16.360012 -21.144011 -26.036058
v -16.296215 -21.435400 -25.933599
v -16.142193 -21.556097 -25.686243
v -15.988172 -21.435400 -25.438885
v -15.924374 -21.144009 -25.336426
v -15.988172 -20.852619 -25.438885
v -17.561405 -20.731922 -24.746807
v -17.728966 -20.852619 -24.985203
v -17.798370 -21.144011 -25.083948
v -17.728966 -21.435400 -24.985203
v -17.561405 -21.556097 -24.746807
v -17.393845 -21.435400 -24.508413
v -17.324440 -21.144009 -24.409666
v -17.393845 -20.852619 -24.508413
v -18.925680 -20.731922 -23.729250
v -19.106445 -20.852619 -23.957792
v -19.181322 -21.144011 -24.052458
v -19.106445 -21.435400 -23.957792
v -18.925680 -21.556097 -23.729250
v -18.744915 -21.435400 -23.500706
v -18.670040 -21.144009 -23.406040
v -18.744915 -20.852619 -23.500706
v -20.229733 -20.731922 -22.635593
v -20.423340 -20.852619 -22.853363
v -20.503536 -21.144011 -22.943567
v -20.423340 -21.435400 -22.853363
v -20.229733 -21.556097 -22.635593
v -20.036123 -21.435400 -22.417822
v -19.955929 -21.144009 -22.327620
v -20.036123 -20.852619 -22.417822
v -21.468079 -20.731922 -21.468079
v -21.674122 -20.852619 -21.674122
v -21.759468 -21.144011 -21.759468
v -21.674122 -21.435400 -21.674122
v -21.468079 -21.556097 -21.468079
v -21.262033 -21.435400 -21.262035
v -21.176687 -21.144009 -21.176689
v -21.262035 -20.852619 -21.262035
v -22.609270 -20.731922 -20.259298
v -22.826780 -20.852619 -20.453201
v -22.916874 -21.144011 -20.533518
v -22.826780 -21.435400 -20.453201
v -22.609270 -21.556097 -20.259298
v -22.391762 -21.435400 -20.065395
v -22.301666 -21.144009 -19.985079
v -22.391762 -20.852619 -20.065395
v -23.680052 -20.731922 -18.987711
v -23.908115 -20.852619 -19.169083
v -24.002583 -21.144011 -19.244209
v -23.908115 -21.435400 -19.169083
v -23.680052 -21.556097 -18.987711
v -23.451990 -21.435400 -18.806341
v -23.357523 -21.144009 -18.731215
v -23.451990 -20.852619 -18.806341
v -24.678328 -20.731922 -17.658430
v -24.916063 -20.852619 -17.826921
v -25.014538 -21.144011 -17.896713
v -24.916063 -21.435400 -17.826921
v -24.678328 -21.556097 -17.658430
v -24.440592 -21.435400 -17.489937
v -24.342117 -21.144009 -17.420145
v -24.440592 -20.852619 -17.489937
v -25.602200 -20.731922 -16.276392
v -25.848761 -20.852619 -16.431686
v -25.950890 -21.144011 -16.496012
v -25.848761 -21.435400 -16.431686
v -25.602200 -21.556097 -16.276392
v -25.355640 -21.435400 -16.121098
v -25.253511 -21.144009 -16.056772
v -25.355640 -20.852619 -16.121098
v -26.449898 -20.731922 -14.846362
v -26.704462 -20.852619 -14.988155
v -26.809906 -21.144011 -15.046887
v -26.704462 -21.435400 -14.988155
v -26.449898 -21.556097 -14.846362
v -26.195333 -21.435400 -14.704569
v -26.089890 -21.144009 -14.645836
v -26.195335 -20.852619 -14.704569
v -27.219709 -20.731922 -13.372939
v -27.481483 -20.852619 -13.500933
v -27.589914 -21.144011 -13.553949
v -27.481483 -21.435400 -13.500933
v -27.219709 -21.556097 -13.372939
v -26.957933 -21.435400 -13.244946
v -26.849503 -21.144009 -13.191929
v -26.957933 -20.852619 -13.244946
v -27.909760 -20.731922 -11.860966
v -28.177971 -20.852619 -11.974860
v -28.289066 -21.144011 -12.022037
v -28.177971 -21.435400 -11.974860
v -27.909760 -21.556097 -11.860966
v -27.641550 -21.435400 -11.747072
v -27.530455 -21.144009 -11.699895
v -27.641552 -20.852619 -11.747072
v -28.518776 -20.731922 -10.313703
v -28.792660 -20.852619 -10.413177
v -28.906107 -21.144011 -10.454381
v -28.792660 -21.435400 -10.413177
v -28.518776 -21.556097 -10.313703
v -28.244890 -21.435400 -10.214227
v -28.131443 -21.144009 -10.173023
v -28.244890 -20.852619 -10.214228
v -29.044453 -20.731922 -8.736602
v -29.323252 -20.852619 -8.821333
v -29.438734 -21.144011 -8.856430
v -29.323252 -21.435400 -8.821333
v -29.044453 -21.556097 -8.736602
v -28.765654 -21.435400 -8.651871
v -28.650171 -21.144009 -8.616774
v -28.765654 -20.852619 -8.651871
v -29.485033 -20.731922 -7.133645
v -29.767979 -20.852619 -7.203288
v -29.885178 -21.144011 -7.232135
v -29.767979 -21.435400 -7.203288
v -29.485033 -21.556097 -7.133645
v -29.202087 -21.435400 -7.064002
v -29.084888 -21.144009 -7.035154
v -29.202087 -20.852619 -7.064002
v -29.838503 -20.731922 -5.509258
v -30.124809 -20.852619 -5.563453
v -30.243401 -21.144011 -5.585901
v -30.124809 -21.435400 -5.563453
v -29.838503 -21.556097 -5.509258
v -29.552197 -21.435400 -5.455063
v -29.433605 -21.144009 -5.432615
v -29.552197 -20.852619 -5.455063
v -30.102770 -20.731922 -3.868004
v -30.391623 -20.852619 -3.906378
v -30.511269 -21.144011 -3.922273
v -30.391623 -21.435400 -3.906378
v -30.102770 -21.556097 -3.868004
v -29.813917 -21.435400 -3.829630
v -29.694271 -21.144009 -3.813735
v -29.813917 -20.852619 -3.829630
v -30.275688 -20.731922 -2.214638
v -30.566233 -20.852619 -2.236813
v -30.686581 -21.144011 -2.245999
v -30.566233 -21.435400 -2.236813
v -30.275688 -21.556097 -2.214638
v -29.985144 -21.435400 -2.192463
v -29.864796 -21.144009 -2.183277
v -29.985144 -20.852619 -2.192463
v -30.355131 -20.731922 -0.553245
v -30.646467 -20.852619 -0.558840
v -30.767141 -21.144011 -0.561157
v -30.646467 -21.435400 -0.558840
v -30.355131 -21.556097 -0.553245
v -30.063793 -21.435400 -0.547651
v -29.943119 -21.144009 -0.545333
v -30.063793 -20.852619 -0.547651
v -30.339157 -20.731922 1.108125
v -30.630333 -20.852619 1.119293
v -30.750942 -21.144011 1.123919
v -30.630333 -21.435400 1.119293
v -30.339157 -21.556097 1.108125
v -30.047981 -21.435400 1.096956
v -29.927372 -21.144009 1.092330
v -30.047981 -20.852619 1.096956
v -30.228331 -20.731922 2.766803
v -30.518410 -20.852619 2.794419
v -30.638565 -21.144011 2.805858
v -30.518410 -21.435400 2.794419
v -30.228331 -21.556097 2.766803
v -29.938253 -21.435400 2.739186
v -29.818098 -21.144009 2.727746
v -29.938253 -20.852619 2.739186
v -30.024723 -20.731922 4.416674
v -30.312820 -20.852619 4.460363
v -30.432154 -21.144011 4.478460
v -30.312820 -21.435400 4.460363
v -30.024723 -21.556097 4.416674
v -29.736628 -21.435400 4.372984
v -29.617294 -21.144009 4.354887
v -29.736628 -20.852619 4.372984
v -29.730486 -20.731922 6.052824
v -30.015760 -20.852619 6.112208
v -30.133924 -21.144011 6.136806
v -30.015760 -21.435400 6.112208
v -29.730486 -21.556097 6.052823
v -29.445211 -21.435400 5.993438
v -29.327047 -21.144009 5.968840
v -29.445211 -20.852619 5.993438
v -29.347750 -20.731922 7.670566
v -29.629400 -20.852619 7.745278
v -29.746063 -21.144011 7.776225
v -29.629400 -21.435400 7.745278
v -29.347750 -21.556097 7.670566
v -29.066101 -21.435400 7.595854
v -28.949438 -21.144009 7.564907
v -29.066101 -20.852619 7.595854
v -28.878586 -20.731922 9.265391
v -29.155832 -20.852619 9.355074
v -29.270670 -21.144011 9.392222
v -29.155832 -21.435400 9.355074
v -28.878586 -21.556097 9.265391
v -28.601339 -21.435400 9.175708
v -28.486502 -21.144009 9.138559
v -28.601341 -20.852619 9.175708
v -28.324974 -20.731922 10.832903
v -28.597052 -20.852619 10.937219
v -28.709749 -21.144011 10.980428
v -28.597052 -21.435400 10.937219
v -28.324974 -21.556097 10.832903
v -28.052895 -21.435400 10.728587
v -27.940197 -21.144009 10.685378
v -28.052896 -20.852619 10.728587
v -27.688801 -20.731922 12.368762
v -27.954950 -20.852619 12.487388
v -28.065193 -21.144011 12.536524
v -27.954950 -21.435400 12.487388
v -27.688801 -21.556097 12.368762
v -27.422649 -21.435400 12.250136
v -27.312407 -21.144009 12.200999
v -27.422649 -20.852619 12.250136
v -26.971865 -20.731922 13.868623
v -27.231323 -20.852619 14.001249
v -27.338793 -21.144011 14.056186
v -27.231323 -21.435400 14.001249
v -26.971865 -21.556097 13.868623
v -26.712406 -21.435400 13.735996
v -26.604937 -21.144009 13.681061
v -26.712406 -20.852619 13.735996
v -26.175903 -20.731922 15.328084
v -26.427889 -20.852619 15.474411
v -26.532265 -21.144011 15.535022
v -26.427889 -21.435400 15.474411
v -26.175903 -21.556097 15.328084
v -25.923918 -21.435400 15.181757
v -25.819542 -21.144009 15.121147
v -25.923918 -20.852619 15.181758
v -25.302620 -20.731922 16.742636
v -25.546331 -20.852619 16.902365
v -25.647280 -21.144011 16.968525
v -25.546331 -21.435400 16.902365
v -25.302620 -21.556097 16.742636
v -25.058908 -21.435400 16.582909
v -24.957960 -21.144009 16.516747
v -25.058910 -20.852619 16.582909
v -24.353746 -20.731922 18.107626
v -24.588354 -20.852619 18.280447
v -24.685532 -21.144011 18.352032
v -24.588354 -21.435400 18.280447
v -24.353746 -21.556097 18.107626
v -24.119139 -21.435400 17.934805
v -24.021959 -21.144009 17.863218
v -24.119139 -20.852619 17.934805
v -23.331083 -20.731922 19.418234
v -23.555727 -20.852619 19.603823
v -23.648779 -21.144011 19.680695
v -23.555727 -21.435400 19.603823
v -23.331083 -21.556097 19.418234
v -23.106438 -21.435400 19.232645
v -23.013388 -21.144009 19.155771
v -23.106438 -20.852619 19.232645
v -22.236586 -20.731922 20.669460
v -22.450377 -20.852619 20.867456
v -22.538931 -21.144011 20.949469
v -22.450377 -21.435400 20.867456
v -22.236586 -21.556097 20.669460
v -22.022797 -21.435400 20.471466
v -21.934242 -21.144009 20.389454
v -22.022797 -20.852619 20.471466
v -21.073114 -20.731922 21.855522
v -21.275166 -20.852619 22.065483
v -21.358856 -21.144011 22.152452
v -21.275166 -21.435400 22.065483
v -21.073114 -21.556097 21.855522
v -20.871065 -21.435400 21.645559
v -20.787373 -21.144009 21.558590
v -20.871065 -20.852619 21.645559
v -19.842159 -20.731922 22.974131
v -20.031925 -20.852619 23.195257
v -20.110529 -21.144011 23.286850
v -20.031925 -21.435400 23.195257
v -19.842159 -21.556097 22.974131
v -19.652393 -21.435400 22.753004
v -19.573790 -21.144009 22.661409
v -19.652393 -20.852619 22.753004
v -18.550781 -20.731922 24.020964
v -18.727896 -20.852619 24.252348
v -18.801258 -21.144011 24.348190
v -18.727896 -21.435400 24.252348
v -18.550781 -21.556097 24.020964
v -18.373665 -21.435400 23.789579
v -18.300303 -21.144009 23.693737
v -18.373665 -20.852619 23.789579
v -17.203373 -20.731922 24.994642
v -17.367502 -20.852619 25.235413
v -17.435486 -21.144011 25.335142
v -17.367500 -21.435400 25.235413
v -17.203373 -21.556097 24.994642
v -17.039246 -21.435400 24.753870
v -16.971262 -21.144009 24.654140
v -17.039246 -20.852619 24.753872
v -15.804818 -20.731922 25.893316
v -15.955646 -20.852619 26.142633
v -16.018120 -21.144011 26.245903
v -15.955646 -21.435400 26.142633
v -15.804818 -21.556097 25.893314
v -15.653991 -21.435400 25.643997
v -15.591516 -21.144009 25.540728
v -15.653991 -20.852619 25.643997
v -14.359819 -20.731922 26.715240
v -14.497046 -20.852619 26.972296
v -14.553886 -21.144011 27.078770
v -14.497046 -21.435400 26.972296
v -14.359819 -21.556097 26.715240
v -14.222592 -21.435400 26.458185
v -14.165751 -21.144009 26.351709
v -14.222592 -20.852619 26.458185
v -12.872931 -20.731922 27.458708
v -12.996258 -20.852619 27.722713
v -13.047341 -21.144011 27.832067
v -12.996258 -21.435400 27.722713
v -12.872931 -21.556097 27.458708
v -12.749604 -21.435400 27.194702
v -12.698521 -21.144009 27.085348
v -12.749604 -20.852619 27.194704
v -11.348211 -20.731922 28.122150
v -11.457329 -20.852619 28.392338
v -11.502526 -21.144011 28.504253
v -11.457329 -21.435400 28.392338
v -11.348211 -21.556097 28.122150
v -11.239094 -21.435400 27.851963
v -11.193896 -21.144009 27.740047
v -11.239094 -20.852619 27.851963
v -9.791144 -20.731922 28.703337
v -9.885742 -20.852619 28.978945
v -9.924926 -21.144011 29.093103
v -9.885742 -21.435400 28.978945
v -9.791144 -21.556097 28.703337
v -9.696547 -21.435400 28.427729
v -9.657363 -21.144009 28.313568
v -9.696547 -20.852619 28.427729
v -8.204940 -20.731922 29.200867
v -8.284680 -20.852619 29.481133
v -8.317710 -21.144011 29.597223
v -8.284680 -21.435400 29.481133
v -8.204940 -21.556097 29.200865
v -8.125198 -21.435400 28.920599
v -8.092169 -21.144009 28.804508
v -8.125198 -20.852619 28.920599
v -6.594342 -20.731922 29.612637
v -6.658876 -20.852619 29.896791
v -6.685607 -21.144011 30.014492
v -6.658876 -21.435400 29.896791
v -6.594342 -21.556097 29.612637
v -6.529807 -21.435400 29.328484
v -6.503076 -21.144009 29.210783
v -6.529808 -20.852619 29.328484
v -4.963817 -20.731922 29.936609
v -5.012780 -20.852619 30.223856
v -5.033062 -21.144011 30.342836
v -5.012780 -21.435400 30.223856
v -4.963817 -21.556097 29.936607
v -4.914854 -21.435400 29.649361
v -4.894573 -21.144009 29.530380
v -4.914854 -20.852619 29.649361
v -3.317986 -20.731922 30.170666
v -3.351002 -20.852619 30.460178
v -3.364678 -21.144011 30.580099
v -3.351002 -21.435400 30.460178
v -3.317986 -21.556097 30.170666
v -3.284970 -21.435400 29.881151
v -3.271294 -21.144009 29.761230
v -3.284970 -20.852619 29.881151
v -1.661681 -20.731922 30.312656
v -1.678374 -20.852619 30.603567
v -1.685288 -21.144011 30.724068
v -1.678374 -21.435400 30.603567
v -1.661681 -21.556097 30.312656
v -1.644989 -21.435400 30.021744
v -1.638075 -21.144009 29.901245
v -1.644989 -20.852619 30.021744
v -0.000000 -20.731922 30.360447
v -0.000000 -20.852619 30.651838
v -0.000000 -21.144011 30.772535
v -0.000000 -21.435400 30.651838
v 0.000000 -21.556097 30.360447
v 0.000000 -21.435400 30.069057
v 0.000000 -21.144009 29.948360
v 0.000000 -20.852619 30.069057
v 1.661681 -20.731922 30.312656
v 1.678374 -20.852619 30.603567
v 1.685288 -21.144011 30.724068
v 1.678374 -21.435400 30.603567
v 1.661681 -21.556097 30.312656
v 1.644989 -21.435400 30.021744
v 1.638075 -21.144009 29.901245
v 1.644989 -20.852619 30.021744
v 3.317986 -20.731922 30.170666
v 3.351002 -20.852619 30.460178
v 3.364678 -21.144011 30.580099
v 3.351002 -21.435400 30.460178
v 3.317986 -21.556097 30.170666
v 3.284970 -21.435400 29.881151
v 3.271294 -21.144009 29.761230
v 3.284970 -20.852619 29.881151
v 4.963817 -20.731922 29.936609
v 5.012780 -20.852619 30.223856
v 5.033062 -21.144011 30.342836
v 5.012780 -21.435400 30.223856
v 4.963817 -21.556097 29.936607
v 4.914854 -21.435400 29.649361
v 4.894573 -21.144009 29.530380
v 4.914854 -20.852619 29.649361
v 6.594342 -20.731922 29.612637
v 6.658876 -20.852619 29.896791
v 6.685607 -21.144011 30.014492
v 6.658876 -21.435400 29.896791
v 6.594342 -21.556097 29.612637
v 6.529807 -21.435400 29.328484
v 6.503076 -21.144009 29.210783
v 6.529808 -20.852619 29.328484
v 8.204940 -20.731922 29.200867
v 8.284680 -20.852619 29.481133
v 8.317710 -21.144011 29.597223
v 8.284680 -21.435400 29.481133
v 8.204940 -21.556097 29.200865
v 8.125198 -21.435400 28.920599
v 8.092169 -21.144009 28.804508
v 8.125198 -20.852619 28.920599
v 9.791144 -20.731922 28.703337
v 9.885742 -20.852619 28.978945
v 9.924926 -21.144011 29.093103
v 9.885742 -21.435400 28.978945
v 9.791144 -21.556097 28.703337
v 9.696547 -21.435400 28.427729
v 9.657363 -21.144009 28.313568
v 9.696547 -20.852619 28.427729
v 11.348211 -20.731922 28.122150
v 11.457329 -20.852619 28.392338
v 11.502526 -21.144011 28.504253
v 11.457329 -21.435400 28.392338
v 11.348211 -21.556097 28.122150
v 11.239094 -21.435400 27.851963
v 11.193896 -21.144009 27.740047
v 11.239094 -20.852619 27.851963
v 12.872931 -20.731922 27.458708
v 12.996258 -20.852619 27.722713
v 13.047341 -21.144011 27.832067
v 12.996258 -21.435400 27.722713
v 12.872931 -21.556097 27.458708
v 12.749604 -21.435400 27.194702
v 12.698521 -21.144009 27.085348
v 12.749604 -20.852619 27.194704
v 14.359819 -20.731922 26.715240
v 14.497046 -20.852619 26.972296
v 14.553886 -21.144011 27.078770
v 14.497046 -21.435400 26.972296
v 14.359819 -21.556097 26.715240
v 14.222592 -21.435400 26.458185
v 14.165751 -21.144009 26.351709
v 14.222592 -20.852619 26.458185
v 15.804818 -20.731922 25.893316
v 15.955646 -20.852619 26.142633
v 16.018120 -21.144011 26.245903
v 15.955646 -21.435400 26.142633
v 15.804818 -21.556097 25.893314
v 15.653991 -21.435400 25.643997
v 15.591516 -21.144009 25.540728
v 15.653991 -20.852619 25.643997
v 17.203373 -20.731922 24.994642
v 17.367502 -20.852619 25.235413
v 17.435486 -21.144011 25.335142
v 17.367500 -21.435400 25.235413
v 17.203373 -21.556097 24.994642
v 17.039246 -21.435400 24.753870
v 16.971262 -21.144009 24.654140
v 17.039246 -20.852619 24.753872
v 18.550781 -20.731922 24.020964
v 18.727896 -20.852619 24.252348
v 18.801258 -21.144011 24.348190
v 18.727896 -21.435400 24.252348
v 18.550781 -21.556097 24.020964
v 18.373665 -21.435400 23.789579
v 18.300303 -21.144009 23.693737
v 18.373665 -20.852619 23.789579
v 19.842159 -20.731922 22.974131
v 20.031925 -20.852619 23.195257
v 20.110529 -21.144011 23.286850
v 20.031925 -21.435400 23.195257
v 19.842159 -21.556097 22.974131
v 19.652393 -21.435400 22.753004
v 19.573790 -21.144009 22.661409
v 19.652393 -20.852619 22.753004
v 21.073114 -20.731922 21.855522
v 21.275166 -20.852619 22.065483
v 21.358856 -21.144011 22.152452
v 21.275166 -21.435400 22.065483
v 21.073114 -21.556097 21.855522
v 20.871065 -21.435400 21.645559
v 20.787373 -21.144009 21.558590
v 20.871065 -20.852619 21.645559
v 22.236586 -20.731922 20.669460
v 22.450377 -20.852619 20.867456
v 22.538931 -21.144011 20.949469
v 22.450377 -21.435400 20.867456
v 22.236586 -21.556097 20.669460
v 22.022797 -21.435400 20.471466
v 21.934242 -21.144009 20.389454
v 22.022797 -20.852619 20.471466
v 23.331083 -20.731922 19.418234
v 23.555727 -20.852619 19.603823
v 23.648779 -21.144011 19.680695
v 23.555727 -21.435400 19.603823
v 23.331083 -21.556097 19.418234
v 23.106438 -21.435400 19.232645
v 23.013388 -21.144009 19.155771
v 23.106438 -20.852619 19.232645
v 24.353746 -20.731922 18.107626
v 24.588354 -20.852619 18.280447
v 24.685532 -21.144011 18.352032
v 24.588354 -21.435400 18.280447
v 24.353746 -21.556097 18.107626
v 24.119139 -21.435400 17.934805
v 24.021959 -21.144009 17.863218
v 24.119139 -20.852619 17.934805
v 25.302620 -20.731922 16.742636
v 25.546331 -20.852619 16.902365
v 25.647280 -21.144011 16.968525
v 25.546331 -21.435400 16.902365
v 25.302620 -21.556097 16.742636
v 25.058908 -21.435400 16.582909
v 24.957960 -21.144009 16.516747
v 25.058910 -20.852619 16.582909
v 26.175903 -20.731922 15.328084
v 26.427889 -20.852619 15.474411
v 26.532265 -21.144011 15.535022
v 26.427889 -21.435400 15.474411
v 26.175903 -21.556097 15.328084
v 25.923918 -21.435400 15.181757
v 25.819542 -21.144009 15.121147
v 25.923918 -20.852619 15.181758
v 26.971865 -20.731922 13.868623
v 27.231323 -20.852619 14.001249
v 27.338793 -21.144011 14.056186
v 27.231323 -21.435400 14.001249
v 26.971865 -21.556097 13.868623
v 26.712406 -21.435400 13.735996
v 26.604937 -21.144009 13.681061
v 26.712406 -20.852619 13.735996
v 27.688801 -20.731922 12.368762
v 27.954950 -20.852619 12.487388
v 28.065193 -21.144011 12.536524
v 27.954950 -21.435400 12.487388
v 27.688801 -21.556097 12.368762
v 27.422649 -21.435400 12.250136
v 27.312407 -21.144009 12.200999
v 27.422649 -20.852619 12.250136
v 28.324974 -20.731922 10.832903
v 28.597052 -20.852619 10.937219
v 28.709749 -21.144011 10.980428
v 28.597052 -21.435400 10.937219
v 28.324974 -21.556097 10.832903
v 28.052895 -21.435400 10.728587
v 27.940197 -21.144009 10.685378
v 28.052896 -20.852619 10.728587
v 28.878586 -20.731922 9.265391
v 29.155832 -20.852619 9.355074
v 29.270670 -21.144011 9.392222
v 29.155832 -21.435400 9.355074
v 28.878586 -21.556097 9.265391
v 28.601339 -21.435400 9.175708
v 28.486502 -21.144009 9.138559
v 28.601341 -20.852619 9.175708
v 29.347750 -20.731922 7.670566
v 29.629400 -20.852619 7.745278
v 29.746063 -21.144011 7.776225
v 29.629400 -21.435400 7.745278
v 29.347750 -21.556097 7.670566
v 29.066101 -21.435400 7.595854
v 28.949438 -21.144009 7.564907
v 29.066101 -20.852619 7.595854
v 29.730486 -20.731922 6.052824
v 30.015760 -20.852619 6.112208
v 30.133924 -21.144011 6.136806
v 30.015760 -21.435400 6.112208
v 29.730486 -21.556097 6.052823
v 29.445211 -21.435400 5.993438
v 29.327047 -21.144009 5.968840
v 29.445211 -20.852619 5.993438
v 30.024723 -20.731922 4.416674
v 30.312820 -20.852619 4.460363
v 30.432154 -21.144011 4.478460
v 30.312820 -21.435400 4.460363
v 30.024723 -21.556097 4.416674
v 29.736628 -21.435400 4.372984
v 29.617294 -21.144009 4.354887
v 29.736628 -20.852619 4.372984
v 30.228331 -20.731922 2.766803
v 30.518410 -20.852619 2.794419
v 30.638565 -21.144011 2.805858
v 30.518410 -21.435400 2.794419
v 30.228331 -21.556097 2.766803
v 29.938253 -21.435400 2.739186
v 29.818098 -21.144009 2.727746
v 29.938253 -20.852619 2.739186
v 30.339157 -20.731922 1.108125
v 30.630333 -20.852619 1.119293
v 30.750942 -21.144011 1.123919
v 30.630333 -21.435400 1.119293
v 30.339157 -21.556097 1.108125
v 30.047981 -21.435400 1.096956
v 29.927372 -21.144009 1.092330
v 30.047981 -20.852619 1.096956
v 30.355131 -20.731922 -0.553245
v 30.646467 -20.852619 -0.558840
v 30.767141 -21.144011 -0.561157
v 30.646467 -21.435400 -0.558840
v 30.355131 -21.556097 -0.553245
v 30.063793 -21.435400 -0.547651
v 29.943119 -21.144009 -0.545333
v 30.063793 -20.852619 -0.547651
v 30.275688 -20.731922 -2.214638
v 30.566233 -20.852619 -2.236813
v 30.686581 -21.144011 -2.245999
v 30.566233 -21.435400 -2.236813
v 30.275688 -21.556097 -2.214638
v 29.985144 -21.435400 -2.192463
v 29.864796 -21.144009 -2.183277
v 29.985144 -20.852619 -2.192463
v 30.102770 -20.731922 -3.868004
v 30.391623 -20.852619 -3.906378
v 30.511269 -21.144011 -3.922273
v 30.391623 -21.435400 -3.906378
v 30.102770 -21.556097 -3.868004
v 29.813917 -21.435400 -3.829630
v 29.694271 -21.144009 -3.813735
v 29.813917 -20.852619 -3.829630
v 29.838503 -20.731922 -5.509258
v 30.124809 -20.852619 -5.563453
v 30.243401 -21.144011 -5.585901
v 30.124809 -21.435400 -5.563453
v 29.838503 -21.556097 -5.509258
v 29.552197 -21.435400 -5.455063
v 29.433605 -21.144009 -5.432615
v 29.552197 -20.852619 -5.455063
v 29.485033 -20.731922 -7.133645
v 29.767979 -20.852619 -7.203288
v 29.885178 -21.144011 -7.232135
v 29.767979 -21.435400 -7.203288
v 29.485033 -21.556097 -7.133645
v 29.202087 -21.435400 -7.064002
v 29.084888 -21.144009 -7.035154
v 29.202087 -20.852619 -7.064002
v 29.044453 -20.731922 -8.736602
v 29.323252 -20.852619 -8.821333
v 29.438734 -21.144011 -8.856430
v 29.323252 -21.435400 -8.821333
v 29.044453 -21.556097 -8.736602
v 28.765654 -21.435400 -8.651871
v 28.650171 -21.144009 -8.616774
v 28.765654 -20.852619 -8.651871
v 28.518776 -20.731922 -10.313703
v 28.792660 -20.852619 -10.413177
v 28.906107 -21.144011 -10.454381
v 28.792660 -21.435400 -10.413177
v 28.518776 -21.556097 -10.313703
v 28.244890 -21.435400 -10.214227
v 28.131443 -21.144009 -10.173023
v 28.244890 -20.852619 -10.214228
v 27.909760 -20.731922 -11.860966
v 28.177971 -20.852619 -11.974860
v 28.289066 -21.144011 -12.022037
v 28.177971 -21.435400 -11.974860
v 27.909760 -21.556097 -11.860966
v 27.641550 -21.435400 -11.747072
v 27.530455 -21.144009 -11.699895
v 27.641552 -20.852619 -11.747072
v 27.219709 -20.731922 -13.372939
v 27.481483 -20.852619 -13.500933
v 27.589914 -21.144011 -13.553949
v 27.481483 -21.435400 -13.500933
v 27.219709 -21.556097 -13.372939
v 26.957933 -21.435400 -13.244946
v 26.849503 -21.144009 -13.191929
v 26.957933 -20.852619 -13.244946
v 26.449898 -20.731922 -14.846362
v 26.704462 -20.852619 -14.988155
v 26.809906 -21.144011 -15.046887
v 26.704462 -21.435400 -14.988155
v 26.449898 -21.556097 -14.846362
v 26.195333 -21.435400 -14.704569
v 26.089890 -21.144009 -14.645836
v 26.195335 -20.852619 -14.704569
v 25.602200 -20.731922 -16.276392
v 25.848761 -20.852619 -16.431686
v 25.950890 -21.144011 -16.496012
v 25.848761 -21.435400 -16.431686
v 25.602200 -21.556097 -16.276392
v 25.355640 -21.435400 -16.121098
v 25.253511 -21.144009 -16.056772
v 25.355640 -20.852619 -16.121098
v 24.678328 -20.731922 -17.658430
v 24.916063 -20.852619 -17.826921
v 25.014538 -21.144011 -17.896713
v 24.916063 -21.435400 -17.826921
v 24.678328 -21.556097 -17.658430
v 24.440592 -21.435400 -17.489937
v 24.342117 -21.144009 -17.420145
v 24.440592 -20.852619 -17.489937
v 23.680052 -20.731922 -18.987711
v 23.908115 -20.852619 -19.169083
v 24.002583 -21.144011 -19.244209
v 23.908115 -21.435400 -19.169083
v 23.680052 -21.556097 -18.987711
v 23.451990 -21.435400 -18.806341
v 23.357523 -21.144009 -18.731215
v 23.451990 -20.852619 -18.806341
v 22.609270 -20.731922 -20.259298
v 22.826780 -20.852619 -20.453201
v 22.916874 -21.144011 -20.533518
v 22.826780 -21.435400 -20.453201
v 22.609270 -21.556097 -20.259298
v 22.391762 -21.435400 -20.065395
v 22.301666 -21.144009 -19.985079
v 22.391762 -20.852619 -20.065395
v 21.468079 -20.731922 -21.468079
v 21.674122 -20.852619 -21.674122
v 21.759468 -21.144011 -21.759468
v 21.674122 -21.435400 -21.674122
v 21.468079 -21.556097 -21.468079
v 21.262035 -21.435400 -21.262033
v 21.176689 -21.144009 -21.176687
v 21.262035 -20.852619 -21.262035
v 20.229733 -20.731922 -22.635593
v 20.423340 -20.852619 -22.853363
v 20.503536 -21.144011 -22.943567
v 20.423340 -21.435400 -22.853363
v 20.229733 -21.556097 -22.635593
v 20.036123 -21.435400 -22.417822
v 19.955929 -21.144009 -22.327620
v 20.036123 -20.852619 -22.417822
v 18.925680 -20.731922 -23.729250
v 19.106445 -20.852619 -23.957792
v 19.181322 -21.144011 -24.052458
v 19.106445 -21.435400 -23.957792
v 18.925680 -21.556097 -23.729250
v 18.744915 -21.435400 -23.500706
v 18.670040 -21.144009 -23.406040
v 18.744915 -20.852619 -23.500706
v 17.561405 -20.731922 -24.746807
v 17.728966 -20.852619 -24.985203
v 17.798370 -21.144011 -25.083948
v 17.728966 -21.435400 -24.985203
v 17.561405 -21.556097 -24.746807
v 17.393845 -21.435400 -24.508413
v 17.324440 -21.144009 -24.409666
v 17.393845 -20.852619 -24.508413
v 16.142193 -20.731922 -25.686243
v 16.296215 -20.852619 -25.933599
v 16.360012 -21.144011 -26.036058
v 16.296215 -21.435400 -25.933599
v 16.142193 -21.556097 -25.686243
v 15.988172 -21.435400 -25.438885
v 15.924374 -21.144009 -25.336426
v 15.988172 -20.852619 -25.438885
v 14.673141 -20.731922 -26.545660
v 14.813308 -20.852619 -26.801125
v 14.871367 -21.144011 -26.906940
v 14.813308 -21.435400 -26.801125
v 14.673141 -21.556097 -26.545660
v 14.532975 -21.435400 -26.290195
v 14.474916 -21.144009 -26.184380
v 14.532975 -20.852619 -26.290197
v 13.159170 -20.731922 -27.323223
v 13.285167 -20.852619 -27.585964
v 13.337357 -21.144011 -27.694796
v 13.285167 -21.435400 -27.585964
v 13.159170 -21.556097 -27.323223
v 13.033173 -21.435400 -27.060482
v 12.980983 -21.144009 -26.951653
v 13.033173 -20.852619 -27.060482
v 11.605060 -20.731922 -28.017092
v 11.716570 -20.852619 -28.286303
v 11.762759 -21.144011 -28.397812
v 11.716570 -21.435400 -28.286303
v 11.605060 -21.556097 -28.017092
v 11.493549 -21.435400 -27.747883
v 11.447361 -21.144009 -27.636374
v 11.493549 -20.852619 -27.747883
v 10.015498 -20.731922 -28.625376
v 10.112191 -20.852619 -28.900255
v 10.152243 -21.144011 -29.014114
v 10.112191 -21.435400 -28.900255
v 10.015498 -21.556097 -28.625376
v 9.918806 -21.435400 -28.350494
v 9.878755 -21.144009 -28.236637
v 9.918806 -20.852619 -28.350496
v 8.395139 -20.731922 -29.146093
v 8.476666 -20.852619 -29.425846
v 8.510436 -21.144011 -29.541723
v 8.476666 -21.435400 -29.425846
v 8.395139 -21.556097 -29.146093
v 8.313611 -21.435400 -28.866341
v 8.279841 -21.144009 -28.750463
v 8.313611 -20.852619 -28.866343
v 6.748662 -20.731922 -29.577171
v 6.814660 -20.852619 -29.860989
v 6.841997 -21.144011 -29.978550
v 6.814660 -21.435400 -29.860989
v 6.748662 -21.556097 -29.577171
v 6.682663 -21.435400 -29.293352
v 6.655326 -21.144009 -29.175793
v 6.682663 -20.852619 -29.293354
v 5.080847 -20.731922 -29.916424
v 5.130934 -20.852619 -30.203478
v 5.151681 -21.144011 -30.322378
v 5.130934 -21.435400 -30.203478
v 5.080847 -21.556097 -29.916424
v 5.030759 -21.435400 -29.629372
v 5.010012 -21.144009 -29.510469
v 5.030759 -20.852619 -29.629372
v 3.396636 -20.731922 -30.161591
v 3.430420 -20.852619 -30.451015
v 3.444414 -21.144011 -30.570900
v 3.430420 -21.435400 -30.451015
v 3.396636 -21.556097 -30.161591
v 3.362851 -21.435400 -29.872166
v 3.348858 -21.144009 -29.752281
v 3.362852 -20.852619 -29.872166
v 1.701200 -20.731922 -30.310362
v 1.718286 -20.852619 -30.601252
v 1.725363 -21.144011 -30.721741
v 1.718286 -21.435400 -30.601250
v 1.701200 -21.556097 -30.310362
v 1.684115 -21.435400 -30.019472
v 1.677038 -21.144009 -29.898983
v 1.684115 -20.852619 -30.019474
v 0.000000 -20.731922 -30.360447
v 0.000000 -20.852619 -30.651838
v 0.000000 -21.144011 -30.772535
v 0.000000 -21.435400 -30.651838
v 0.000000 -21.556097 -30.360447
v 0.000000 -21.435400 -30.069057
v 0.000000 -21.144009 -29.948360
v 0.000000 -20.852619 -30.069057
vt 0.489099 0.305657
vt 0.489099 0.306149
vt 0.486200 0.306063
vt 0.486229 0.305573
vt 0.538774 0.908773
vt 0.539266 0.908773
vt 0.539266 0.911684
vt 0.538774 0.911672
vt 0.539757 0.908773
vt 0.539757 0.911672
vt 0.379659 0.202820
vt 0.379659 0.203312
vt 0.376789 0.203396
vt 0.376760 0.202905
vt 0.379659 0.203803
vt 0.376817 0.203887
vt 0.584771 0.916496
vt 0.585262 0.916496
vt 0.585262 0.919326
vt 0.584771 0.919338
vt 0.585754 0.916496
vt 0.585754 0.919338
vt 0.489099 0.305165
vt 0.486258 0.305082
vt 0.483312 0.305810
vt 0.483369 0.305322
vt 0.539266 0.914584
vt 0.538774 0.914561
vt 0.539757 0.914561
vt 0.373928 0.203647
vt 0.373871 0.203159
vt 0.373985 0.204136
vt 0.585262 0.922146
vt 0.584771 0.922170
vt 0.585754 0.922170
vt 0.483426 0.304833
vt 0.480443 0.305392
vt 0.480527 0.304908
vt 0.539266 0.917465
vt 0.538774 0.917430
vt 0.539757 0.917430
vt 0.371087 0.204061
vt 0.371002 0.203577
vt 0.371171 0.204545
vt 0.585262 0.924949
vt 0.584771 0.924984
vt 0.585754 0.924984
vt 0.480612 0.304424
vt 0.477602 0.304814
vt 0.477714 0.304336
vt 0.539266 0.920316
vt 0.538774 0.920270
vt 0.539757 0.920270
vt 0.368273 0.204633
vt 0.368162 0.204154
vt 0.368384 0.205112
vt 0.585262 0.927725
vt 0.584771 0.927771
vt 0.585754 0.927771
vt 0.477825 0.303857
vt 0.474798 0.304080
vt 0.474936 0.303608
vt 0.539266 0.923131
vt 0.538774 0.923074
vt 0.539757 0.923074
vt 0.365495 0.205360
vt 0.365358 0.204889
vt 0.365633 0.205832
vt 0.585262 0.930465
vt 0.584771 0.930522
vt 0.585754 0.930522
vt 0.475073 0.303136
vt 0.472039 0.303194
vt 0.472202 0.302730
vt 0.539266 0.925901
vt 0.538774 0.925834
vt 0.539757 0.925834
vt 0.362762 0.206239
vt 0.362598 0.205775
vt 0.362925 0.206703
vt 0.585262 0.933163
vt 0.584771 0.933230
vt 0.585754 0.933230
vt 0.472365 0.302266
vt 0.469332 0.302158
vt 0.469520 0.301704
vt 0.539266 0.928618
vt 0.538774 0.928540
vt 0.539757 0.928540
vt 0.360080 0.207265
vt 0.359892 0.206811
vt 0.360268 0.207719
vt 0.585262 0.935809
vt 0.584771 0.935887
vt 0.585754 0.935887
vt 0.469708 0.301249
vt 0.466686 0.300976
vt 0.466898 0.300533
vt 0.539266 0.931275
vt 0.538774 0.931187
vt 0.539757 0.931187
vt 0.357458 0.208436
vt 0.357245 0.207993
vt 0.357670 0.208879
vt 0.585262 0.938397
vt 0.584771 0.938485
vt 0.585754 0.938485
vt 0.467111 0.300090
vt 0.464108 0.299652
vt 0.464344 0.299221
vt 0.539266 0.933863
vt 0.538774 0.933765
vt 0.539757 0.933765
vt 0.354904 0.209748
vt 0.354667 0.209317
vt 0.355140 0.210179
vt 0.585262 0.940917
vt 0.584771 0.941015
vt 0.585754 0.941015
vt 0.464581 0.298790
vt 0.461606 0.298189
vt 0.461866 0.297771
vt 0.539266 0.936374
vt 0.538774 0.936267
vt 0.539757 0.936267
vt 0.352425 0.211198
vt 0.352165 0.210780
vt 0.352685 0.211615
vt 0.585262 0.943362
vt 0.584771 0.943470
vt 0.585754 0.943470
vt 0.462126 0.297354
vt 0.459189 0.296588
vt 0.459471 0.296186
vt 0.062085 0.289408
vt 0.061593 0.289581
vt 0.061593 0.287975
vt 0.062085 0.287808
vt 0.061102 0.289408
vt 0.061102 0.287808
vt 0.350031 0.212783
vt 0.349748 0.212380
vt 0.350314 0.213185
vt 0.019003 0.213938
vt 0.019495 0.214111
vt 0.019495 0.215675
vt 0.019003 0.215508
vt 0.019986 0.213938
vt 0.019986 0.215508
vt 0.459754 0.295784
vt 0.456865 0.294855
vt 0.457170 0.294470
vt 0.061593 0.286234
vt 0.062085 0.286075
vt 0.061102 0.286075
vt 0.347729 0.214499
vt 0.347424 0.214114
vt 0.348034 0.214885
vt 0.019495 0.217368
vt 0.019003 0.217208
vt 0.019986 0.217208
vt 0.457475 0.294084
vt 0.454643 0.292992
vt 0.454970 0.292624
vt 0.061593 0.284364
vt 0.062085 0.284211
vt 0.061102 0.284211
vt 0.345529 0.216344
vt 0.345202 0.215977
vt 0.345856 0.216712
vt 0.019495 0.219187
vt 0.019003 0.219035
vt 0.019986 0.219035
vt 0.455296 0.292257
vt 0.452533 0.291002
vt 0.452880 0.290655
vt 0.061593 0.282366
vt 0.062085 0.282222
vt 0.061102 0.282222
vt 0.343440 0.218314
vt 0.343092 0.217966
vt 0.343788 0.218662
vt 0.019495 0.221129
vt 0.019003 0.220985
vt 0.019986 0.220985
vt 0.453228 0.290307
vt 0.450588 0.288943
vt 0.450955 0.288615
vt 0.061593 0.280298
vt 0.062085 0.280162
vt 0.061102 0.280162
vt 0.341515 0.220353
vt 0.341148 0.220026
vt 0.341882 0.220681
vt 0.019495 0.223139
vt 0.019003 0.223004
vt 0.019986 0.223004
vt 0.451322 0.288288
vt 0.448764 0.286776
vt 0.449149 0.286470
vt 0.061593 0.278122
vt 0.062085 0.277996
vt 0.061102 0.277996
vt 0.339708 0.222499
vt 0.339323 0.222193
vt 0.340093 0.222805
vt 0.019495 0.225255
vt 0.019003 0.225128
vt 0.019986 0.225128
vt 0.449533 0.286164
vt 0.447063 0.284512
vt 0.447464 0.284227
vt 0.061593 0.275849
vt 0.062085 0.275731
vt 0.061102 0.275731
vt 0.338024 0.224741
vt 0.337623 0.224457
vt 0.338425 0.225026
vt 0.019495 0.227467
vt 0.019003 0.227349
vt 0.019986 0.227349
vt 0.447866 0.283943
vt 0.445490 0.282158
vt 0.445906 0.281896
vt 0.061593 0.273486
vt 0.062085 0.273377
vt 0.061102 0.273377
vt 0.336465 0.227073
vt 0.336049 0.226811
vt 0.336881 0.227335
vt 0.019495 0.229767
vt 0.019003 0.229658
vt 0.019986 0.229658
vt 0.446322 0.281634
vt 0.444046 0.279722
vt 0.444476 0.279483
vt 0.061593 0.271041
vt 0.062085 0.270942
vt 0.061102 0.270942
vt 0.335035 0.229486
vt 0.334606 0.229246
vt 0.335465 0.229725
vt 0.019495 0.232147
vt 0.019003 0.232048
vt 0.019986 0.232048
vt 0.444905 0.279244
vt 0.442735 0.277213
vt 0.443177 0.276997
vt 0.061593 0.268522
vt 0.062085 0.268433
vt 0.061102 0.268433
vt 0.333736 0.231971
vt 0.333295 0.231755
vt 0.334178 0.232187
vt 0.019495 0.234600
vt 0.019003 0.234511
vt 0.019986 0.234511
vt 0.443619 0.276781
vt 0.441560 0.274639
vt 0.442013 0.274447
vt 0.061593 0.265938
vt 0.062085 0.265858
vt 0.061102 0.265858
vt 0.332572 0.234522
vt 0.332120 0.234330
vt 0.333025 0.234714
vt 0.019495 0.237117
vt 0.019003 0.237038
vt 0.019986 0.237038
vt 0.442465 0.274254
vt 0.440523 0.272004
vt 0.440985 0.271836
vt 0.061593 0.263293
vt 0.062085 0.263223
vt 0.061102 0.263223
vt 0.331545 0.237133
vt 0.331083 0.236965
vt 0.332007 0.237300
vt 0.019495 0.239693
vt 0.019003 0.239624
vt 0.019986 0.239624
vt 0.441447 0.271668
vt 0.439628 0.269318
vt 0.440098 0.269175
vt 0.061593 0.260597
vt 0.062085 0.260538
vt 0.061102 0.260538
vt 0.330658 0.239793
vt 0.330187 0.239650
vt 0.331128 0.239936
vt 0.019495 0.242319
vt 0.019003 0.242260
vt 0.019986 0.242260
vt 0.440569 0.269032
vt 0.438878 0.266589
vt 0.439355 0.266471
vt 0.061593 0.257857
vt 0.062085 0.257808
vt 0.061102 0.257808
vt 0.329914 0.242498
vt 0.329437 0.242380
vt 0.330392 0.242615
vt 0.019495 0.244987
vt 0.019003 0.244939
vt 0.019986 0.244939
vt 0.439832 0.266354
vt 0.438276 0.263822
vt 0.438759 0.263731
vt 0.061593 0.255079
vt 0.062085 0.255042
vt 0.061102 0.255042
vt 0.329318 0.245238
vt 0.328835 0.245147
vt 0.329801 0.245330
vt 0.019495 0.247691
vt 0.019003 0.247653
vt 0.019986 0.247653
vt 0.439242 0.263639
vt 0.437826 0.261026
vt 0.438313 0.260962
vt 0.061593 0.252273
vt 0.062085 0.252246
vt 0.061102 0.252246
vt 0.328872 0.248007
vt 0.328385 0.247942
vt 0.329360 0.248072
vt 0.019495 0.250422
vt 0.019003 0.250395
vt 0.019986 0.250395
vt 0.438800 0.260897
vt 0.437531 0.258210
vt 0.438021 0.258172
vt 0.061593 0.249445
vt 0.062085 0.249429
vt 0.061102 0.249429
vt 0.328581 0.250797
vt 0.328090 0.250759
vt 0.329071 0.250834
vt 0.019495 0.253173
vt 0.019003 0.253157
vt 0.019986 0.253157
vt 0.438511 0.258135
vt 0.437396 0.255379
vt 0.437887 0.255369
vt 0.061593 0.246602
vt 0.062085 0.246598
vt 0.061102 0.246598
vt 0.328447 0.253599
vt 0.327955 0.253590
vt 0.328938 0.253609
vt 0.019495 0.255936
vt 0.019003 0.255932
vt 0.019986 0.255932
vt 0.438379 0.255360
vt 0.437423 0.252548
vt 0.437914 0.252566
vt 0.061593 0.243759
vt 0.062085 0.243767
vt 0.061102 0.243767
vt 0.328474 0.256402
vt 0.327982 0.256421
vt 0.328965 0.256384
vt 0.019495 0.258699
vt 0.019003 0.258707
vt 0.019986 0.258707
vt 0.438405 0.252585
vt 0.437612 0.249721
vt 0.438101 0.249768
vt 0.061593 0.240922
vt 0.062085 0.240941
vt 0.061102 0.240941
vt 0.328660 0.259201
vt 0.328171 0.259247
vt 0.329150 0.259154
vt 0.019495 0.261458
vt 0.019003 0.261478
vt 0.019986 0.261478
vt 0.438590 0.249815
vt 0.437958 0.246911
vt 0.438444 0.246985
vt 0.061593 0.238100
vt 0.062085 0.238130
vt 0.061102 0.238130
vt 0.329004 0.261984
vt 0.328518 0.262058
vt 0.329490 0.261911
vt 0.019495 0.264203
vt 0.019003 0.264234
vt 0.019986 0.264234
vt 0.438931 0.247058
vt 0.438460 0.244124
vt 0.438941 0.244224
vt 0.061593 0.235302
vt 0.062085 0.235344
vt 0.061102 0.235344
vt 0.329500 0.264745
vt 0.329019 0.264845
vt 0.329982 0.264644
vt 0.019495 0.266926
vt 0.019003 0.266968
vt 0.019986 0.266968
vt 0.439422 0.244324
vt 0.439111 0.241369
vt 0.439587 0.241495
vt 0.061593 0.232536
vt 0.062085 0.232588
vt 0.061102 0.232588
vt 0.330146 0.267474
vt 0.329671 0.267600
vt 0.330621 0.267348
vt 0.019495 0.269619
vt 0.019003 0.269671
vt 0.019986 0.269671
vt 0.440062 0.241621
vt 0.439910 0.238653
vt 0.440378 0.238804
vt 0.061593 0.229810
vt 0.062085 0.229872
vt 0.061102 0.229872
vt 0.330938 0.270165
vt 0.330470 0.270316
vt 0.331405 0.270013
vt 0.019495 0.272274
vt 0.019003 0.272337
vt 0.019986 0.272337
vt 0.440846 0.238956
vt 0.440853 0.235984
vt 0.441312 0.236160
vt 0.061593 0.227130
vt 0.062085 0.227203
vt 0.061102 0.227203
vt 0.331872 0.272809
vt 0.331413 0.272985
vt 0.332331 0.272633
vt 0.019495 0.274884
vt 0.019003 0.274956
vt 0.019986 0.274956
vt 0.441771 0.236336
vt 0.441936 0.233368
vt 0.442385 0.233569
vt 0.061593 0.224505
vt 0.062085 0.224588
vt 0.061102 0.224588
vt 0.332945 0.275400
vt 0.332496 0.275600
vt 0.333394 0.275200
vt 0.019495 0.277441
vt 0.019003 0.277523
vt 0.019986 0.277523
vt 0.442834 0.233769
vt 0.443157 0.230814
vt 0.443595 0.231038
vt 0.061593 0.221941
vt 0.062085 0.222034
vt 0.061102 0.222034
vt 0.334154 0.277931
vt 0.333717 0.278154
vt 0.334592 0.277707
vt 0.019495 0.279938
vt 0.019003 0.280030
vt 0.019986 0.280030
vt 0.444033 0.231262
vt 0.444513 0.228329
vt 0.444938 0.228576
vt 0.061593 0.219446
vt 0.062085 0.219549
vt 0.061102 0.219549
vt 0.335497 0.280393
vt 0.335072 0.280640
vt 0.335922 0.280146
vt 0.019495 0.282367
vt 0.019003 0.282469
vt 0.019986 0.282469
vt 0.445363 0.228823
vt 0.446000 0.225920
vt 0.446411 0.226189
vt 0.061593 0.217028
vt 0.062085 0.217139
vt 0.061102 0.217139
vt 0.336971 0.282779
vt 0.336559 0.283049
vt 0.337382 0.282510
vt 0.019495 0.284722
vt 0.019003 0.284833
vt 0.019986 0.284833
vt 0.446822 0.226459
vt 0.447616 0.223595
vt 0.448012 0.223887
vt 0.061593 0.214694
vt 0.062085 0.214814
vt 0.061102 0.214814
vt 0.338571 0.285082
vt 0.338176 0.285374
vt 0.338967 0.284791
vt 0.019495 0.286993
vt 0.019003 0.287114
vt 0.019986 0.287114
vt 0.448408 0.224178
vt 0.449358 0.221362
vt 0.449737 0.221675
vt 0.061593 0.212452
vt 0.062085 0.212582
vt 0.061102 0.212582
vt 0.340297 0.287293
vt 0.339918 0.287607
vt 0.340676 0.286980
vt 0.019495 0.289174
vt 0.019003 0.289304
vt 0.019986 0.289304
vt 0.450116 0.221988
vt 0.451223 0.219230
vt 0.451584 0.219564
vt 0.061593 0.210312
vt 0.062085 0.210450
vt 0.061102 0.210450
vt 0.342143 0.289404
vt 0.341783 0.289738
vt 0.342504 0.289070
vt 0.019495 0.291255
vt 0.019003 0.291394
vt 0.019986 0.291394
vt 0.451945 0.219899
vt 0.453206 0.217209
vt 0.453547 0.217563
vt 0.061593 0.208282
vt 0.062085 0.208429
vt 0.061102 0.208429
vt 0.344106 0.291405
vt 0.343765 0.291760
vt 0.344447 0.291051
vt 0.019495 0.293228
vt 0.019003 0.293374
vt 0.019986 0.293374
vt 0.453888 0.217918
vt 0.455303 0.215303
vt 0.455624 0.215676
vt 0.061593 0.206368
vt 0.062085 0.206523
vt 0.061102 0.206523
vt 0.346183 0.293293
vt 0.345863 0.293666
vt 0.346503 0.292919
vt 0.019495 0.295088
vt 0.019003 0.295243
vt 0.019986 0.295243
vt 0.455944 0.216049
vt 0.457503 0.213520
vt 0.457802 0.213910
vt 0.061593 0.204578
vt 0.062085 0.204739
vt 0.061102 0.204739
vt 0.348362 0.295059
vt 0.348063 0.295449
vt 0.348660 0.294668
vt 0.019495 0.296830
vt 0.019003 0.296992
vt 0.019986 0.296992
vt 0.458101 0.214300
vt 0.459799 0.211861
vt 0.460075 0.212267
vt 0.061593 0.202912
vt 0.062085 0.203081
vt 0.061102 0.203081
vt 0.350635 0.296701
vt 0.350358 0.297108
vt 0.350912 0.296295
vt 0.019495 0.298450
vt 0.019003 0.298619
vt 0.019986 0.298619
vt 0.460352 0.212674
vt 0.462180 0.210331
vt 0.462435 0.210751
vt 0.643249 0.860054
vt 0.642758 0.860168
vt 0.642758 0.857777
vt 0.643249 0.857672
vt 0.642266 0.860054
vt 0.642266 0.857672
vt 0.352994 0.298218
vt 0.352740 0.298638
vt 0.353249 0.297797
vt 0.696911 0.858831
vt 0.696420 0.858717
vt 0.696420 0.856389
vt 0.696911 0.856494
vt 0.695928 0.858831
vt 0.695928 0.856494
vt 0.462689 0.211172
vt 0.464641 0.208931
vt 0.464873 0.209365
vt 0.642758 0.855307
vt 0.643249 0.855211
vt 0.642266 0.855211
vt 0.355432 0.299604
vt 0.355201 0.300038
vt 0.355664 0.299170
vt 0.696420 0.853983
vt 0.696911 0.854079
vt 0.695928 0.854079
vt 0.465104 0.209798
vt 0.467173 0.207665
vt 0.467381 0.208110
vt 0.642758 0.852765
vt 0.643249 0.852679
vt 0.642266 0.852679
vt 0.357941 0.300858
vt 0.357733 0.301304
vt 0.358149 0.300413
vt 0.696420 0.851508
vt 0.696911 0.851594
vt 0.695928 0.851594
vt 0.467589 0.208556
vt 0.469770 0.206535
vt 0.469954 0.206991
vt 0.642758 0.850159
vt 0.643249 0.850083
vt 0.642266 0.850083
vt 0.360513 0.301978
vt 0.360329 0.302434
vt 0.360697 0.301522
vt 0.696420 0.848970
vt 0.696911 0.849046
vt 0.695928 0.849046
vt 0.470138 0.207447
vt 0.472421 0.205546
vt 0.472581 0.206010
vt 0.642758 0.847497
vt 0.643249 0.847431
vt 0.642266 0.847431
vt 0.363140 0.302958
vt 0.362980 0.303423
vt 0.363300 0.302493
vt 0.696420 0.846377
vt 0.696911 0.846443
vt 0.695928 0.846443
vt 0.472740 0.206475
vt 0.475122 0.204698
vt 0.475257 0.205171
vt 0.642758 0.844786
vt 0.643249 0.844730
vt 0.642266 0.844730
vt 0.365816 0.303798
vt 0.365682 0.304271
vt 0.365951 0.303325
vt 0.696420 0.843737
vt 0.696911 0.843792
vt 0.695928 0.843792
vt 0.475391 0.205644
vt 0.477865 0.203997
vt 0.477974 0.204476
vt 0.642758 0.842032
vt 0.643249 0.841987
vt 0.642266 0.841987
vt 0.368533 0.304492
vt 0.368425 0.304972
vt 0.368642 0.304013
vt 0.696420 0.841056
vt 0.696911 0.841101
vt 0.695928 0.841101
vt 0.478083 0.204956
vt 0.480642 0.203445
vt 0.480725 0.203930
vt 0.642758 0.839244
vt 0.643249 0.839210
vt 0.642266 0.839210
vt 0.371284 0.305039
vt 0.371202 0.305524
vt 0.371367 0.304554
vt 0.696420 0.838342
vt 0.696911 0.838376
vt 0.695928 0.838376
vt 0.480807 0.204414
vt 0.483446 0.203047
vt 0.483501 0.203535
vt 0.642758 0.836429
vt 0.643249 0.836406
vt 0.642266 0.836406
vt 0.374061 0.305434
vt 0.374005 0.305922
vt 0.374117 0.304945
vt 0.696420 0.835603
vt 0.696911 0.835626
vt 0.695928 0.835626
vt 0.483557 0.204023
vt 0.486268 0.202805
vt 0.486296 0.203295
vt 0.642758 0.833596
vt 0.643249 0.833584
vt 0.642266 0.833584
vt 0.376855 0.305673
vt 0.376827 0.306164
vt 0.376883 0.305183
vt 0.696420 0.832848
vt 0.696911 0.832860
vt 0.695928 0.832860
vt 0.486324 0.203786
vt 0.489099 0.202723
vt 0.489099 0.203215
vt 0.642758 0.830753
vt 0.643249 0.830753
vt 0.642266 0.830753
vt 0.379659 0.305754
vt 0.379659 0.306246
vt 0.379659 0.305262
vt 0.696420 0.830084
vt 0.696911 0.830084
vt 0.695928 0.830084
vt 0.489099 0.203706
vt 0.491931 0.202805
vt 0.491903 0.203295
vt 0.642758 0.827910
vt 0.643249 0.827921
vt 0.642266 0.827921
vt 0.382462 0.305673
vt 0.382490 0.306164
vt 0.382434 0.305183
vt 0.696420 0.827321
vt 0.696911 0.827309
vt 0.695928 0.827309
vt 0.491875 0.203786
vt 0.494753 0.203047
vt 0.494697 0.203535
vt 0.642758 0.825076
vt 0.643249 0.825099
vt 0.642266 0.825099
vt 0.385256 0.305434
vt 0.385312 0.305922
vt 0.385201 0.304945
vt 0.696420 0.824565
vt 0.696911 0.824542
vt 0.695928 0.824542
vt 0.494641 0.204023
vt 0.497556 0.203445
vt 0.497474 0.203930
vt 0.642758 0.822262
vt 0.643249 0.822296
vt 0.642266 0.822296
vt 0.388033 0.305039
vt 0.388116 0.305524
vt 0.387951 0.304554
vt 0.696420 0.821827
vt 0.696911 0.821793
vt 0.695928 0.821793
vt 0.497391 0.204414
vt 0.500333 0.203997
vt 0.500225 0.204476
vt 0.642758 0.819474
vt 0.643249 0.819519
vt 0.642266 0.819519
vt 0.390784 0.304492
vt 0.390893 0.304972
vt 0.390675 0.304013
vt 0.696420 0.819113
vt 0.696911 0.819068
vt 0.695928 0.819068
vt 0.500116 0.204956
vt 0.503076 0.204698
vt 0.502942 0.205171
vt 0.642758 0.816720
vt 0.643249 0.816776
vt 0.642266 0.816776
vt 0.393501 0.303798
vt 0.393636 0.304271
vt 0.393367 0.303325
vt 0.696420 0.816432
vt 0.696911 0.816376
vt 0.695928 0.816376
vt 0.502807 0.205644
vt 0.505777 0.205546
vt 0.505618 0.206010
vt 0.642758 0.814009
vt 0.643249 0.814075
vt 0.642266 0.814075
vt 0.396177 0.302958
vt 0.396337 0.303423
vt 0.396018 0.302493
vt 0.696420 0.813792
vt 0.696911 0.813725
vt 0.695928 0.813725
vt 0.505458 0.206475
vt 0.508429 0.206535
vt 0.508245 0.206991
vt 0.642758 0.811347
vt 0.643249 0.811423
vt 0.642266 0.811423
vt 0.398804 0.301978
vt 0.398988 0.302434
vt 0.398620 0.301522
vt 0.696420 0.811199
vt 0.696911 0.811123
vt 0.695928 0.811123
vt 0.508061 0.207447
vt 0.511025 0.207665
vt 0.510817 0.208110
vt 0.642758 0.808741
vt 0.643249 0.808827
vt 0.642266 0.808827
vt 0.401377 0.300858
vt 0.401585 0.301304
vt 0.401169 0.300413
vt 0.696420 0.808661
vt 0.696911 0.808574
vt 0.695928 0.808574
vt 0.510609 0.208556
vt 0.513557 0.208931
vt 0.513326 0.209365
vt 0.642758 0.806199
vt 0.643249 0.806295
vt 0.642266 0.806295
vt 0.403885 0.299604
vt 0.404117 0.300038
vt 0.403654 0.299170
vt 0.696420 0.806185
vt 0.696911 0.806090
vt 0.695928 0.806090
vt 0.513094 0.209798
vt 0.516018 0.210331
vt 0.515764 0.210751
vt 0.642758 0.803729
vt 0.643249 0.803834
vt 0.642266 0.803834
vt 0.406323 0.298218
vt 0.406577 0.298638
vt 0.406069 0.297797
vt 0.696420 0.803780
vt 0.696911 0.803675
vt 0.695928 0.803675
vt 0.515509 0.211172
vt 0.518400 0.211861
vt 0.518123 0.212267
vt 0.642758 0.801338
vt 0.643249 0.801452
vt 0.642266 0.801452
vt 0.408683 0.296701
vt 0.408959 0.297108
vt 0.408406 0.296295
vt 0.696420 0.801452
vt 0.696911 0.801337
vt 0.695928 0.801337
vt 0.517846 0.212674
vt 0.520695 0.213520
vt 0.520396 0.213910
vt 0.055068 0.289413
vt 0.054577 0.289581
vt 0.054577 0.287916
vt 0.055068 0.287754
vt 0.054085 0.289413
vt 0.054085 0.287754
vt 0.410956 0.295059
vt 0.411255 0.295449
vt 0.410657 0.294668
vt 0.011987 0.213938
vt 0.012478 0.214107
vt 0.012478 0.215727
vt 0.011987 0.215565
vt 0.012970 0.213938
vt 0.012970 0.215565
vt 0.520097 0.214300
vt 0.522895 0.215303
vt 0.522575 0.215676
vt 0.054577 0.286125
vt 0.055068 0.285971
vt 0.054085 0.285971
vt 0.413134 0.293293
vt 0.413455 0.293666
vt 0.412814 0.292919
vt 0.012478 0.217469
vt 0.011987 0.217314
vt 0.012970 0.217314
vt 0.522255 0.216049
vt 0.524993 0.217209
vt 0.524652 0.217563
vt 0.054577 0.284211
vt 0.055068 0.284065
vt 0.054085 0.284065
vt 0.415211 0.291405
vt 0.415552 0.291760
vt 0.414870 0.291051
vt 0.012478 0.219329
vt 0.011987 0.219182
vt 0.012970 0.219182
vt 0.524311 0.217918
vt 0.526975 0.219230
vt 0.526615 0.219564
vt 0.054577 0.282182
vt 0.055068 0.282043
vt 0.054085 0.282043
vt 0.417174 0.289404
vt 0.417535 0.289738
vt 0.416813 0.289070
vt 0.012478 0.221302
vt 0.011987 0.221163
vt 0.012970 0.221163
vt 0.526254 0.219899
vt 0.528840 0.221362
vt 0.528461 0.221675
vt 0.054577 0.280041
vt 0.055068 0.279912
vt 0.054085 0.279912
vt 0.419021 0.287293
vt 0.419400 0.287607
vt 0.418642 0.286980
vt 0.012478 0.223383
vt 0.011987 0.223253
vt 0.012970 0.223253
vt 0.528082 0.221988
vt 0.530582 0.223595
vt 0.530186 0.223887
vt 0.054577 0.277800
vt 0.055068 0.277679
vt 0.054085 0.277679
vt 0.420746 0.285082
vt 0.421142 0.285374
vt 0.420350 0.284791
vt 0.012478 0.225564
vt 0.011987 0.225443
vt 0.012970 0.225443
vt 0.529791 0.224178
vt 0.532198 0.225920
vt 0.531787 0.226189
vt 0.054577 0.275466
vt 0.055068 0.275354
vt 0.054085 0.275354
vt 0.422347 0.282779
vt 0.422758 0.283049
vt 0.421936 0.282510
vt 0.012478 0.227835
vt 0.011987 0.227724
vt 0.012970 0.227724
vt 0.531376 0.226459
vt 0.533686 0.228329
vt 0.533261 0.228576
vt 0.054577 0.273047
vt 0.055068 0.272945
vt 0.054085 0.272945
vt 0.423820 0.280393
vt 0.424245 0.280640
vt 0.423395 0.280146
vt 0.012478 0.230190
vt 0.011987 0.230087
vt 0.012970 0.230087
vt 0.532835 0.228823
vt 0.535041 0.230814
vt 0.534603 0.231038
vt 0.054577 0.270552
vt 0.055068 0.270460
vt 0.054085 0.270460
vt 0.425163 0.277931
vt 0.425601 0.278154
vt 0.424725 0.277707
vt 0.012478 0.232619
vt 0.011987 0.232527
vt 0.012970 0.232527
vt 0.534166 0.231262
vt 0.536262 0.233368
vt 0.535813 0.233569
vt 0.054577 0.267988
vt 0.055068 0.267905
vt 0.054085 0.267905
vt 0.426372 0.275400
vt 0.426822 0.275600
vt 0.425923 0.275200
vt 0.012478 0.235116
vt 0.011987 0.235033
vt 0.012970 0.235033
vt 0.535364 0.233769
vt 0.537345 0.235984
vt 0.536886 0.236160
vt 0.054577 0.265363
vt 0.055068 0.265290
vt 0.054085 0.265290
vt 0.427446 0.272809
vt 0.427905 0.272985
vt 0.426987 0.272633
vt 0.012478 0.237673
vt 0.011987 0.237600
vt 0.012970 0.237600
vt 0.536427 0.236336
vt 0.538288 0.238653
vt 0.537820 0.238804
vt 0.054577 0.262684
vt 0.055068 0.262621
vt 0.054085 0.262621
vt 0.428380 0.270165
vt 0.428848 0.270316
vt 0.427912 0.270013
vt 0.012478 0.240283
vt 0.011987 0.240220
vt 0.012970 0.240220
vt 0.537353 0.238956
vt 0.539087 0.241369
vt 0.538612 0.241495
vt 0.054577 0.259957
vt 0.055068 0.259905
vt 0.054085 0.259905
vt 0.429171 0.267474
vt 0.429646 0.267600
vt 0.428696 0.267348
vt 0.012478 0.242938
vt 0.011987 0.242886
vt 0.012970 0.242886
vt 0.538137 0.241621
vt 0.539739 0.244124
vt 0.539258 0.244224
vt 0.054577 0.257191
vt 0.055068 0.257150
vt 0.054085 0.257150
vt 0.429817 0.264745
vt 0.430298 0.264845
vt 0.429336 0.264644
vt 0.012478 0.245631
vt 0.011987 0.245589
vt 0.012970 0.245589
vt 0.538776 0.244324
vt 0.540240 0.246911
vt 0.539754 0.246985
vt 0.054577 0.254394
vt 0.055068 0.254363
vt 0.054085 0.254363
vt 0.430313 0.261984
vt 0.430799 0.262058
vt 0.429827 0.261911
vt 0.012478 0.248353
vt 0.011987 0.248323
vt 0.012970 0.248323
vt 0.539268 0.247058
vt 0.540587 0.249721
vt 0.540097 0.249768
vt 0.054577 0.251572
vt 0.055068 0.251552
vt 0.054085 0.251552
vt 0.430657 0.259201
vt 0.431146 0.259247
vt 0.430168 0.259154
vt 0.012478 0.251099
vt 0.011987 0.251079
vt 0.012970 0.251079
vt 0.539608 0.249815
vt 0.540776 0.252548
vt 0.540284 0.252566
vt 0.054577 0.248734
vt 0.055068 0.248726
vt 0.054085 0.248726
vt 0.430844 0.256402
vt 0.431335 0.256421
vt 0.430353 0.256384
vt 0.012478 0.253858
vt 0.011987 0.253850
vt 0.012970 0.253850
vt 0.539793 0.252585
vt 0.540803 0.255379
vt 0.540311 0.255369
vt 0.054577 0.245891
vt 0.055068 0.245895
vt 0.054085 0.245895
vt 0.430871 0.253599
vt 0.431362 0.253590
vt 0.430379 0.253609
vt 0.012478 0.256621
vt 0.011987 0.256625
vt 0.012970 0.256625
vt 0.539820 0.255360
vt 0.540668 0.258210
vt 0.540177 0.258172
vt 0.054577 0.243049
vt 0.055068 0.243064
vt 0.054085 0.243064
vt 0.430737 0.250797
vt 0.431227 0.250759
vt 0.430247 0.250834
vt 0.012478 0.259384
vt 0.011987 0.259400
vt 0.012970 0.259400
vt 0.539687 0.258135
vt 0.540373 0.261026
vt 0.539886 0.260962
vt 0.054577 0.240221
vt 0.055068 0.240248
vt 0.054085 0.240248
vt 0.430445 0.248007
vt 0.430932 0.247942
vt 0.429958 0.248072
vt 0.012478 0.262135
vt 0.011987 0.262162
vt 0.012970 0.262162
vt 0.539398 0.260897
vt 0.539923 0.263822
vt 0.539440 0.263731
vt 0.054577 0.237414
vt 0.055068 0.237452
vt 0.054085 0.237452
vt 0.429999 0.245238
vt 0.430482 0.245147
vt 0.429516 0.245330
vt 0.012478 0.264866
vt 0.011987 0.264904
vt 0.012970 0.264904
vt 0.538957 0.263639
vt 0.539321 0.266589
vt 0.538843 0.266471
vt 0.054577 0.234637
vt 0.055068 0.234685
vt 0.054085 0.234685
vt 0.429403 0.242498
vt 0.429880 0.242380
vt 0.428926 0.242615
vt 0.012478 0.267570
vt 0.011987 0.267618
vt 0.012970 0.267618
vt 0.538366 0.266354
vt 0.538571 0.269318
vt 0.538100 0.269175
vt 0.054577 0.231896
vt 0.055068 0.231955
vt 0.054085 0.231955
vt 0.428660 0.239793
vt 0.429130 0.239650
vt 0.428189 0.239936
vt 0.012478 0.270238
vt 0.011987 0.270297
vt 0.012970 0.270297
vt 0.537630 0.269032
vt 0.537675 0.272004
vt 0.537213 0.271836
vt 0.054577 0.229200
vt 0.055068 0.229270
vt 0.054085 0.229270
vt 0.427773 0.237133
vt 0.428235 0.236965
vt 0.427311 0.237300
vt 0.012478 0.272864
vt 0.011987 0.272933
vt 0.012970 0.272933
vt 0.536751 0.271668
vt 0.536638 0.274639
vt 0.536186 0.274447
vt 0.054577 0.226556
vt 0.055068 0.226635
vt 0.054085 0.226635
vt 0.426745 0.234522
vt 0.427198 0.234330
vt 0.426293 0.234714
vt 0.012478 0.275440
vt 0.011987 0.275519
vt 0.012970 0.275519
vt 0.535733 0.274254
vt 0.535463 0.277213
vt 0.535022 0.276997
vt 0.054577 0.223971
vt 0.055068 0.224061
vt 0.054085 0.224061
vt 0.425581 0.231971
vt 0.426023 0.231755
vt 0.425139 0.232187
vt 0.012478 0.277957
vt 0.011987 0.278046
vt 0.012970 0.278046
vt 0.534580 0.276781
vt 0.534152 0.279722
vt 0.533723 0.279483
vt 0.054577 0.221452
vt 0.055068 0.221551
vt 0.054085 0.221551
vt 0.424282 0.229486
vt 0.424712 0.229246
vt 0.423853 0.229725
vt 0.012478 0.280410
vt 0.011987 0.280509
vt 0.012970 0.280509
vt 0.533293 0.279244
vt 0.532709 0.282158
vt 0.532293 0.281896
vt 0.054577 0.219008
vt 0.055068 0.219116
vt 0.054085 0.219116
vt 0.422852 0.227073
vt 0.423268 0.226811
vt 0.422436 0.227335
vt 0.012478 0.282790
vt 0.011987 0.282899
vt 0.012970 0.282899
vt 0.531877 0.281634
vt 0.531135 0.284512
vt 0.530734 0.284227
vt 0.054577 0.216644
vt 0.055068 0.216762
vt 0.054085 0.216762
vt 0.421294 0.224741
vt 0.421695 0.224457
vt 0.420892 0.225026
vt 0.012478 0.285090
vt 0.011987 0.285208
vt 0.012970 0.285208
vt 0.530333 0.283943
vt 0.529435 0.286776
vt 0.529050 0.286470
vt 0.054577 0.214371
vt 0.055068 0.214498
vt 0.054085 0.214498
vt 0.419609 0.222499
vt 0.419994 0.222193
vt 0.419225 0.222805
vt 0.012478 0.287302
vt 0.011987 0.287429
vt 0.012970 0.287429
vt 0.528665 0.286164
vt 0.527610 0.288943
vt 0.527243 0.288615
vt 0.054577 0.212196
vt 0.055068 0.212331
vt 0.054085 0.212331
vt 0.417803 0.220353
vt 0.418170 0.220026
vt 0.417436 0.220681
vt 0.012478 0.289417
vt 0.011987 0.289553
vt 0.012970 0.289553
vt 0.526876 0.288288
vt 0.525666 0.291002
vt 0.525318 0.290655
vt 0.054577 0.210128
vt 0.055068 0.210272
vt 0.054085 0.210272
vt 0.415878 0.218314
vt 0.416225 0.217966
vt 0.415530 0.218662
vt 0.012478 0.291428
vt 0.011987 0.291572
vt 0.012970 0.291572
vt 0.524970 0.290307
vt 0.523555 0.292992
vt 0.523229 0.292624
vt 0.054577 0.208130
vt 0.055068 0.208282
vt 0.054085 0.208282
vt 0.413788 0.216344
vt 0.414115 0.215977
vt 0.413462 0.216712
vt 0.012478 0.293370
vt 0.011987 0.293522
vt 0.012970 0.293522
vt 0.522902 0.292257
vt 0.521334 0.294855
vt 0.521029 0.294470
vt 0.054577 0.206259
vt 0.055068 0.206419
vt 0.054085 0.206419
vt 0.411588 0.214499
vt 0.411893 0.214114
vt 0.411283 0.214885
vt 0.012478 0.295189
vt 0.011987 0.295349
vt 0.012970 0.295349
vt 0.520724 0.294084
vt 0.519010 0.296588
vt 0.518727 0.296186
vt 0.054577 0.204519
vt 0.055068 0.204685
vt 0.054085 0.204685
vt 0.409287 0.212783
vt 0.409569 0.212380
vt 0.409004 0.213185
vt 0.012478 0.296882
vt 0.011987 0.297049
vt 0.012970 0.297049
vt 0.518444 0.295784
vt 0.516593 0.298189
vt 0.516333 0.297771
vt 0.054577 0.202912
vt 0.055068 0.203085
vt 0.054085 0.203085
vt 0.406892 0.211198
vt 0.407152 0.210780
vt 0.406632 0.211615
vt 0.012478 0.298446
vt 0.011987 0.298619
vt 0.012970 0.298619
vt 0.516073 0.297354
vt 0.514091 0.299652
vt 0.513854 0.299221
vt 0.546440 0.916604
vt 0.546932 0.916496
vt 0.546932 0.919008
vt 0.546440 0.919106
vt 0.547423 0.916604
vt 0.547423 0.919106
vt 0.404414 0.209748
vt 0.404650 0.209317
vt 0.404177 0.210179
vt 0.592437 0.916496
vt 0.592928 0.916604
vt 0.592928 0.919049
vt 0.592437 0.918951
vt 0.593420 0.916496
vt 0.593420 0.918951
vt 0.513618 0.298790
vt 0.511513 0.300976
vt 0.511300 0.300533
vt 0.546932 0.921596
vt 0.546440 0.921684
vt 0.547423 0.921684
vt 0.401860 0.208436
vt 0.402072 0.207993
vt 0.401647 0.208879
vt 0.592928 0.921570
vt 0.592437 0.921482
vt 0.593420 0.921482
vt 0.511088 0.300090
vt 0.508866 0.302158
vt 0.508678 0.301704
vt 0.546932 0.924252
vt 0.546440 0.924330
vt 0.547423 0.924330
vt 0.399238 0.207265
vt 0.399426 0.206811
vt 0.399049 0.207719
vt 0.592928 0.924157
vt 0.592437 0.924079
vt 0.593420 0.924079
vt 0.508490 0.301249
vt 0.506159 0.303194
vt 0.505996 0.302730
vt 0.546932 0.926970
vt 0.546440 0.927037
vt 0.547423 0.927037
vt 0.396556 0.206239
vt 0.396719 0.205775
vt 0.396393 0.206703
vt 0.592928 0.926804
vt 0.592437 0.926736
vt 0.593420 0.926736
vt 0.505833 0.302266
vt 0.503400 0.304080
vt 0.503263 0.303608
vt 0.546932 0.929739
vt 0.546440 0.929796
vt 0.547423 0.929796
vt 0.393822 0.205360
vt 0.393960 0.204889
vt 0.393685 0.205832
vt 0.592928 0.929501
vt 0.592437 0.929444
vt 0.593420 0.929444
vt 0.503125 0.303136
vt 0.500596 0.304814
vt 0.500485 0.304336
vt 0.546932 0.932554
vt 0.546440 0.932600
vt 0.547423 0.932600
vt 0.391044 0.204633
vt 0.391156 0.204154
vt 0.390933 0.205112
vt 0.592928 0.932242
vt 0.592437 0.932196
vt 0.593420 0.932196
vt 0.500374 0.303857
vt 0.497756 0.305392
vt 0.497671 0.304908
vt 0.546932 0.935406
vt 0.546440 0.935441
vt 0.547423 0.935441
vt 0.388231 0.204061
vt 0.388315 0.203577
vt 0.388146 0.204545
vt 0.592928 0.935018
vt 0.592437 0.934983
vt 0.593420 0.934983
vt 0.497587 0.304424
vt 0.494887 0.305810
vt 0.494830 0.305322
vt 0.546932 0.938286
vt 0.546440 0.938310
vt 0.547423 0.938310
vt 0.385389 0.203647
vt 0.385446 0.203159
vt 0.385332 0.204136
vt 0.592928 0.937820
vt 0.592437 0.937797
vt 0.593420 0.937797
vt 0.494773 0.304833
vt 0.491998 0.306063
vt 0.491969 0.305573
vt 0.546932 0.941186
vt 0.546440 0.941198
vt 0.547423 0.941198
vt 0.382529 0.203396
vt 0.382558 0.202905
vt 0.382500 0.203887
vt 0.592928 0.940641
vt 0.592437 0.940629
vt 0.593420 0.940629
vt 0.491941 0.305082
vt 0.489099 0.306149
vt 0.489099 0.305657
vt 0.546932 0.944097
vt 0.546440 0.944097
vt 0.547423 0.944097
vt 0.379659 0.203312
vt 0.379659 0.202820
vt 0.379659 0.203803
vt 0.592928 0.943470
vt 0.592437 0.943470
vt 0.593420 0.943470
vt 0.489099 0.305165
vn -0.000272 0.999957 -0.009247
vn -0.020949 0.702305 -0.711568
vn -0.041591 0.702515 -0.710453
vn -0.000532 0.999958 -0.009120
vn -0.029428 -0.000002 -0.999567
vn -0.058442 -0.000001 -0.998291
vn -0.020948 -0.702308 -0.711565
vn -0.041591 -0.702517 -0.710450
vn -0.000272 -0.999957 -0.009247
vn -0.000532 -0.999958 -0.009120
vn 0.020678 -0.711554 0.702327
vn 0.041062 -0.711650 0.701333
vn 0.029430 0.000002 0.999567
vn 0.058449 0.000002 0.998290
vn 0.020678 0.711557 0.702324
vn 0.041062 0.711652 0.701331
vn -0.082383 0.702599 -0.706801
vn -0.001036 0.999960 -0.008909
vn -0.115775 -0.000000 -0.993275
vn -0.082383 -0.702601 -0.706799
vn -0.001037 -0.999960 -0.008911
vn 0.081350 -0.711569 0.697891
vn 0.115781 0.000000 0.993275
vn 0.081350 0.711569 0.697891
vn -0.122206 0.702670 -0.700943
vn -0.001514 0.999961 -0.008694
vn -0.171755 -0.000000 -0.985140
vn -0.122206 -0.702673 -0.700939
vn -0.001514 -0.999961 -0.008698
vn 0.120694 -0.711499 0.692245
vn 0.171759 0.000001 0.985139
vn 0.120693 0.711498 0.692245
vn -0.161068 0.702728 -0.692987
vn -0.001971 0.999962 -0.008486
vn -0.226391 -0.000000 -0.974037
vn -0.161067 -0.702730 -0.692985
vn -0.001971 -0.999962 -0.008486
vn 0.159098 -0.711441 0.684500
vn 0.226394 0.000003 0.974036
vn 0.159097 0.711443 0.684498
vn -0.198997 0.702772 -0.683017
vn -0.002413 0.999963 -0.008283
vn -0.279720 0.000001 -0.960082
vn -0.198996 -0.702771 -0.683017
vn -0.002413 -0.999963 -0.008283
vn 0.196585 -0.711400 0.674733
vn 0.279722 0.000003 0.960081
vn 0.196584 0.711402 0.674731
vn -0.236037 0.702797 -0.671091
vn -0.002846 0.999963 -0.008093
vn -0.331797 0.000000 -0.943351
vn -0.236037 -0.702799 -0.671089
vn -0.002846 -0.999963 -0.008091
vn 0.233192 -0.711375 0.662999
vn 0.331799 0.000002 0.943350
vn 0.233192 0.711377 0.662996
vn -0.272234 0.702805 -0.657232
vn -0.003276 0.999963 -0.007909
vn -0.382683 0.000000 -0.923880
vn -0.272234 -0.702809 -0.657228
vn -0.003276 -0.999963 -0.007907
vn 0.268959 -0.711365 0.649323
vn 0.382684 0.000000 0.923879
vn 0.268959 0.711368 0.649321
vn -0.307629 0.702796 -0.641437
vn -0.003710 0.999963 -0.007733
vn -0.432434 0.000000 -0.901666
vn -0.307629 -0.702800 -0.641434
vn -0.003709 -0.999963 -0.007733
vn 0.303920 -0.711373 0.633704
vn 0.432433 0.000001 0.901666
vn 0.303919 0.711375 0.633703
vn -0.342255 0.702770 -0.623679
vn -0.004152 0.999963 -0.007565
vn -0.481090 0.000000 -0.876671
vn -0.342254 -0.702773 -0.623676
vn -0.004151 -0.999963 -0.007563
vn 0.338102 -0.711399 0.616115
vn 0.481088 0.000002 0.876673
vn 0.338101 0.711402 0.616113
vn -0.376124 0.702730 -0.603905
vn -0.004607 0.999962 -0.007393
vn -0.528666 0.000000 -0.848830
vn -0.376123 -0.702730 -0.603905
vn -0.004606 -0.999962 -0.007394
vn 0.371516 -0.711442 0.596512
vn 0.528663 0.000001 0.848832
vn 0.371514 0.711443 0.596512
vn -0.409228 0.702670 -0.582054
vn -0.005077 0.999961 -0.007218
vn -0.575150 0.000000 -0.818048
vn -0.409228 -0.702672 -0.582052
vn -0.005077 -0.999961 -0.007219
vn 0.404149 -0.711498 0.574835
vn 0.575145 0.000001 0.818051
vn 0.404146 0.711499 0.574835
vn -0.441530 0.702598 -0.558039
vn -0.005566 0.999960 -0.007033
vn -0.620487 0.000000 -0.784217
vn -0.441529 -0.702601 -0.558036
vn -0.005566 -0.999960 -0.007031
vn 0.435961 -0.711567 0.551008
vn 0.620482 0.000000 0.784221
vn 0.435960 0.711569 0.551006
vn -0.472956 0.702515 -0.531776
vn -0.006072 0.999958 -0.006825
vn -0.664574 0.000000 -0.747223
vn -0.472956 -0.702517 -0.531773
vn -0.006072 -0.999958 -0.006824
vn 0.466881 -0.711651 0.524953
vn 0.664568 -0.000001 0.747228
vn 0.466880 0.711652 0.524952
vn -0.502893 0.702500 -0.503580
vn -0.006476 0.999958 -0.006488
vn -0.706626 -0.000000 -0.707587
vn -0.502892 -0.702502 -0.503577
vn -0.006476 -0.999958 -0.006489
vn 0.496415 -0.711668 0.497093
vn 0.706622 0.000001 0.707591
vn 0.496413 0.711670 0.497091
vn -0.531080 0.702597 -0.473616
vn -0.006696 0.999960 -0.005974
vn -0.746330 -0.000000 -0.665576
vn -0.531079 -0.702598 -0.473615
vn -0.006697 -0.999960 -0.005975
vn 0.524385 -0.711571 0.467640
vn 0.746333 0.000002 0.665572
vn 0.524384 0.711573 0.467637
vn -0.556807 0.702678 -0.442955
vn -0.006896 0.999961 -0.005488
vn -0.782573 -0.000000 -0.622559
vn -0.556805 -0.702680 -0.442955
vn -0.006897 -0.999961 -0.005488
vn 0.549912 -0.711492 0.437466
vn 0.782576 0.000000 0.622555
vn 0.549910 0.711494 0.437465
vn -0.580385 0.702749 -0.411457
vn -0.007077 0.999962 -0.005019
vn -0.815792 0.000000 -0.578345
vn -0.580384 -0.702750 -0.411456
vn -0.007076 -0.999962 -0.005020
vn 0.573312 -0.711423 0.406437
vn 0.815795 0.000000 0.578342
vn 0.573310 0.711424 0.406437
vn -0.601897 0.702805 -0.379189
vn -0.007245 0.999963 -0.004566
vn -0.846095 0.000000 -0.533032
vn -0.601896 -0.702806 -0.379190
vn -0.007245 -0.999963 -0.004567
vn 0.594654 -0.711368 0.374622
vn 0.846097 0.000002 0.533030
vn 0.594653 0.711370 0.374622
vn -0.621416 0.702847 -0.346192
vn -0.007407 0.999964 -0.004130
vn -0.873584 0.000000 -0.486674
vn -0.621414 -0.702849 -0.346191
vn -0.007408 -0.999964 -0.004128
vn 0.614009 -0.711327 0.342062
vn 0.873586 0.000002 0.486670
vn 0.614008 0.711330 0.342060
vn -0.639005 0.702873 -0.312476
vn -0.007570 0.999965 -0.003704
vn -0.898344 0.000000 -0.439292
vn -0.639004 -0.702875 -0.312474
vn -0.007570 -0.999965 -0.003703
vn 0.631436 -0.711301 0.308772
vn 0.898345 -0.000000 0.439291
vn 0.631434 0.711302 0.308771
vn -0.654722 0.702883 -0.278019
vn -0.007738 0.999965 -0.003286
vn -0.920452 0.000000 -0.390857
vn -0.654720 -0.702885 -0.278019
vn -0.007738 -0.999965 -0.003286
vn 0.646983 -0.711290 0.274734
vn 0.920451 0.000002 0.390859
vn 0.646982 0.711292 0.274734
vn -0.668584 0.702878 -0.242813
vn -0.007913 0.999965 -0.002873
vn -0.939933 0.000000 -0.341360
vn -0.668583 -0.702879 -0.242812
vn -0.007913 -0.999965 -0.002873
vn 0.660672 -0.711296 0.239940
vn 0.939932 0.000002 0.341361
vn 0.660670 0.711298 0.239940
vn -0.680607 0.702856 -0.206801
vn -0.008094 0.999964 -0.002458
vn -0.956807 0.000000 -0.290725
vn -0.680606 -0.702858 -0.206800
vn -0.008095 -0.999964 -0.002459
vn 0.672513 -0.711316 0.204343
vn 0.956806 -0.000000 0.290726
vn 0.672511 0.711318 0.204343
vn -0.690768 0.702820 -0.169954
vn -0.008285 0.999964 -0.002037
vn -0.971041 0.000000 -0.238912
vn -0.690766 -0.702822 -0.169954
vn -0.008285 -0.999964 -0.002038
vn 0.682482 -0.711352 0.167919
vn 0.971041 0.000000 0.238915
vn 0.682481 0.711353 0.167918
vn -0.699023 0.702768 -0.132228
vn -0.008484 0.999963 -0.001604
vn -0.982575 -0.000000 -0.185865
vn -0.699021 -0.702770 -0.132227
vn -0.008484 -0.999963 -0.001604
vn 0.690539 -0.711402 0.130626
vn 0.982575 0.000000 0.185868
vn 0.690538 0.711404 0.130625
vn -0.705301 0.702703 -0.093589
vn -0.008688 0.999962 -0.001151
vn -0.991311 -0.000000 -0.131541
vn -0.705299 -0.702705 -0.093589
vn -0.008688 -0.999962 -0.001152
vn 0.696614 -0.711466 0.092440
vn 0.991310 0.000000 0.131546
vn 0.696612 0.711468 0.092440
vn -0.709510 0.702622 -0.054014
vn -0.008895 0.999960 -0.000675
vn -0.997115 0.000000 -0.075910
vn -0.709508 -0.702624 -0.054014
vn -0.008895 -0.999960 -0.000675
vn 0.700613 -0.711545 0.053342
vn 0.997114 0.000000 0.075916
vn 0.700611 0.711547 0.053342
vn -0.711508 0.702546 -0.013590
vn -0.009068 0.999959 -0.000172
vn -0.999818 0.000000 -0.019097
vn -0.711507 -0.702548 -0.013590
vn -0.009068 -0.999959 -0.000172
vn 0.702437 -0.711620 0.013419
vn 0.999818 0.000000 0.019099
vn 0.702435 0.711621 0.013418
vn -0.711097 0.702570 0.027156
vn -0.009020 0.999959 0.000343
vn -0.999272 0.000000 0.038161
vn -0.711095 -0.702571 0.027156
vn -0.009020 -0.999959 0.000342
vn 0.702074 -0.711599 -0.026816
vn 0.999271 0.000000 -0.038167
vn 0.702073 0.711600 -0.026816
vn -0.708342 0.702653 0.067316
vn -0.008825 0.999961 0.000837
vn -0.995515 0.000000 0.094608
vn -0.708340 -0.702654 0.067316
vn -0.008825 -0.999961 0.000837
vn 0.699518 -0.711516 -0.066482
vn 0.995514 0.000002 -0.094613
vn 0.699515 0.711519 -0.066482
vn -0.703433 0.702727 0.106571
vn -0.008620 0.999962 0.001304
vn -0.988717 0.000000 0.149792
vn -0.703432 -0.702727 0.106571
vn -0.008620 -0.999962 0.001305
vn 0.694814 -0.711444 -0.105269
vn 0.988717 0.000000 -0.149797
vn 0.694813 0.711444 -0.105269
vn -0.696487 0.702786 0.144903
vn -0.008418 0.999963 0.001750
vn -0.979036 -0.000000 0.203687
vn -0.696486 -0.702788 0.144902
vn -0.008418 -0.999963 0.001750
vn 0.688069 -0.711384 -0.143155
vn 0.979035 -0.000001 -0.203691
vn 0.688069 0.711385 -0.143154
vn -0.687589 0.702835 0.182331
vn -0.008220 0.999964 0.002179
vn -0.966593 0.000000 0.256317
vn -0.687587 -0.702837 0.182331
vn -0.008220 -0.999964 0.002178
vn 0.679370 -0.711337 -0.180155
vn 0.966592 0.000000 -0.256320
vn 0.679368 0.711339 -0.180154
vn -0.676806 0.702865 0.218894
vn -0.008032 0.999964 0.002597
vn -0.951474 0.000000 0.307729
vn -0.676804 -0.702867 0.218895
vn -0.008032 -0.999964 0.002597
vn 0.668771 -0.711309 -0.216299
vn 0.951474 0.000000 -0.307731
vn 0.668769 0.711311 -0.216296
vn -0.664172 0.702878 0.254633
vn -0.007853 0.999965 0.003011
vn -0.933730 0.000000 0.357978
vn -0.664170 -0.702880 0.254634
vn -0.007853 -0.999965 0.003010
vn 0.656312 -0.711295 -0.251622
vn 0.933730 0.000002 -0.357978
vn 0.656311 0.711297 -0.251619
vn -0.649693 0.702878 0.289588
vn -0.007682 0.999965 0.003424
vn -0.913376 0.000000 0.407118
vn -0.649692 -0.702880 0.289588
vn -0.007682 -0.999965 0.003425
vn 0.642008 -0.711293 -0.286162
vn 0.913376 0.000002 -0.407118
vn 0.642006 0.711294 -0.286161
vn -0.633357 0.702864 0.323792
vn -0.007516 0.999964 0.003843
vn -0.890391 0.000000 0.455197
vn -0.633355 -0.702866 0.323793
vn -0.007517 -0.999964 0.003843
vn 0.625840 -0.711307 -0.319949
vn 0.890392 0.000002 -0.455194
vn 0.625839 0.711309 -0.319947
vn -0.615127 0.702834 0.357272
vn -0.007355 0.999964 0.004273
vn -0.864727 0.000000 0.502242
vn -0.615126 -0.702835 0.357271
vn -0.007355 -0.999964 0.004272
vn 0.607774 -0.711338 -0.352999
vn 0.864729 0.000002 -0.502238
vn 0.607773 0.711340 -0.352997
vn -0.594953 0.702786 0.390030
vn -0.007189 0.999963 0.004715
vn -0.836311 0.000000 0.548255
vn -0.594952 -0.702788 0.390029
vn -0.007191 -0.999963 0.004716
vn 0.587764 -0.711385 -0.385313
vn 0.836313 -0.000002 -0.548252
vn 0.587763 0.711385 -0.385313
vn -0.572761 0.702725 0.422046
vn -0.007017 0.999962 0.005172
vn -0.805048 0.000001 0.593209
vn -0.572760 -0.702726 0.422046
vn -0.007018 -0.999962 0.005173
vn 0.565742 -0.711445 -0.416871
vn 0.805051 -0.000002 -0.593205
vn 0.565743 0.711445 -0.416870
vn -0.548473 0.702652 0.453274
vn -0.006833 0.999961 0.005649
vn -0.770833 0.000001 0.637037
vn -0.548473 -0.702653 0.453273
vn -0.006832 -0.999961 0.005647
vn 0.541643 -0.711517 -0.447623
vn 0.770837 -0.000001 -0.637032
vn 0.541642 0.711518 -0.447623
vn -0.522022 0.702570 0.483619
vn -0.006620 0.999959 0.006136
vn -0.733576 -0.000000 0.679608
vn -0.522021 -0.702573 0.483617
vn -0.006620 -0.999959 0.006136
vn 0.515404 -0.711597 -0.477481
vn 0.733579 0.000000 -0.679604
vn 0.515403 0.711599 -0.477481
vn -0.493501 0.702549 0.512720
vn -0.006290 0.999959 0.006535
vn -0.693475 0.000000 0.720481
vn -0.493500 -0.702551 0.512718
vn -0.006289 -0.999959 0.006533
vn 0.487210 -0.711619 -0.506187
vn 0.693472 -0.000000 -0.720484
vn 0.487209 0.711620 -0.506186
vn -0.463505 0.702623 0.539893
vn -0.005812 0.999960 0.006768
vn -0.651391 0.000000 0.758743
vn -0.463504 -0.702625 0.539891
vn -0.005812 -0.999960 0.006767
vn 0.457690 -0.711546 -0.533126
vn 0.651386 -0.000000 -0.758747
vn 0.457688 0.711547 -0.533126
vn -0.432546 0.702702 0.564902
vn -0.005330 0.999962 0.006957
vn -0.607949 0.000000 0.793976
vn -0.432545 -0.702704 0.564900
vn -0.005330 -0.999962 0.006960
vn 0.427214 -0.711468 -0.557945
vn 0.607945 0.000000 -0.793979
vn 0.427213 0.711470 -0.557943
vn -0.400786 0.702768 0.587782
vn -0.004866 0.999963 0.007132
vn -0.563359 0.000000 0.826212
vn -0.400784 -0.702769 0.587782
vn -0.004866 -0.999963 0.007136
vn 0.395918 -0.711403 -0.580650
vn 0.563356 0.000001 -0.826214
vn 0.395917 0.711405 -0.580648
vn -0.368271 0.702819 0.608623
vn -0.004418 0.999964 0.007298
vn -0.517693 0.000000 0.855567
vn -0.368270 -0.702820 0.608622
vn -0.004418 -0.999964 0.007301
vn 0.363852 -0.711352 -0.601323
vn 0.517691 0.000000 -0.855568
vn 0.363851 0.711354 -0.601321
vn -0.335032 0.702856 0.627493
vn -0.003985 0.999964 0.007462
vn -0.470992 0.000000 0.882138
vn -0.335031 -0.702856 0.627493
vn -0.003984 -0.999964 0.007462
vn 0.331046 -0.711316 -0.620031
vn 0.470990 0.000000 -0.882138
vn 0.331045 0.711319 -0.620028
vn -0.301066 0.702878 0.644455
vn -0.003563 0.999965 0.007626
vn -0.423254 -0.000000 0.906011
vn -0.301065 -0.702878 0.644456
vn -0.003563 -0.999965 0.007625
vn 0.297502 -0.711295 -0.636830
vn 0.423254 0.000001 -0.906011
vn 0.297502 0.711298 -0.636826
vn -0.266369 0.702884 0.659547
vn -0.003148 0.999965 0.007795
vn -0.374478 -0.000000 0.927236
vn -0.266368 -0.702883 0.659548
vn -0.003148 -0.999965 0.007793
vn 0.263220 -0.711290 -0.651753
vn 0.374478 0.000001 -0.927236
vn 0.263220 0.711292 -0.651751
vn -0.230892 0.702872 0.672800
vn -0.002735 0.999965 0.007971
vn -0.324599 -0.000000 0.945852
vn -0.230892 -0.702873 0.672799
vn -0.002735 -0.999964 0.007970
vn 0.228158 -0.711301 -0.664827
vn 0.324599 -0.000001 -0.945852
vn 0.228156 0.711301 -0.664827
vn -0.194614 0.702843 0.684205
vn -0.002320 0.999964 0.008159
vn -0.273588 -0.000000 0.961847
vn -0.194614 -0.702848 0.684200
vn -0.002320 -0.999964 0.008155
vn 0.192296 -0.711326 -0.676045
vn 0.273591 -0.000000 -0.961846
vn 0.192295 0.711328 -0.676043
vn -0.157478 0.702802 0.693736
vn -0.001895 0.999963 0.008353
vn -0.221369 0.000000 0.975190
vn -0.157478 -0.702807 0.693732
vn -0.001895 -0.999963 0.008350
vn 0.155585 -0.711366 -0.685384
vn 0.221372 0.000001 -0.975189
vn 0.155585 0.711371 -0.685379
vn -0.119450 0.702748 0.701340
vn -0.001455 0.999962 0.008552
vn -0.167899 0.000001 0.985804
vn -0.119449 -0.702749 0.701339
vn -0.001455 -0.999962 0.008554
vn 0.117996 -0.711422 -0.692788
vn 0.167903 0.000000 -0.985804
vn 0.117997 0.711425 -0.692785
vn -0.080505 0.702678 0.706939
vn -0.000995 0.999961 0.008755
vn -0.113147 0.000000 0.993578
vn -0.080504 -0.702680 0.706937
vn -0.000996 -0.999961 0.008757
vn 0.079511 -0.711491 -0.698182
vn 0.113151 -0.000000 -0.993578
vn 0.079511 0.711493 -0.698181
vn -0.040633 0.702596 0.710428
vn -0.000511 0.999960 0.008959
vn -0.057102 -0.000001 0.998368
vn -0.040632 -0.702597 0.710427
vn -0.000510 -0.999960 0.008960
vn 0.040125 -0.711572 -0.701467
vn 0.057108 0.000001 -0.998368
vn 0.040125 0.711573 -0.701465
vn -0.000000 0.702540 0.711644
vn -0.000000 0.999959 0.009087
vn -0.000000 -0.000001 1.000000
vn -0.000000 -0.702542 0.711643
vn 0.000000 -0.999959 0.009085
vn -0.000000 -0.711627 -0.702557
vn -0.000000 0.000001 -1.000000
vn -0.000000 0.711629 -0.702556
vn 0.040633 0.702596 0.710428
vn 0.000510 0.999960 0.008962
vn 0.057102 -0.000000 0.998368
vn 0.040632 -0.702598 0.710426
vn 0.000510 -0.999960 0.008958
vn -0.040125 -0.711571 -0.701468
vn -0.057108 0.000000 -0.998368
vn -0.040125 0.711573 -0.701466
vn 0.080504 0.702679 0.706938
vn 0.000995 0.999961 0.008755
vn 0.113147 -0.000000 0.993578
vn 0.080504 -0.702680 0.706938
vn 0.000995 -0.999961 0.008757
vn -0.079511 -0.711491 -0.698182
vn -0.113151 -0.000000 -0.993578
vn -0.079511 0.711493 -0.698181
vn 0.119450 0.702748 0.701339
vn 0.001455 0.999962 0.008552
vn 0.167899 -0.000000 0.985804
vn 0.119449 -0.702748 0.701339
vn 0.001455 -0.999962 0.008553
vn -0.117996 -0.711422 -0.692788
vn -0.167903 -0.000001 -0.985804
vn -0.117997 0.711425 -0.692785
vn 0.157478 0.702803 0.693736
vn 0.001895 0.999963 0.008353
vn 0.221369 0.000000 0.975190
vn 0.157478 -0.702806 0.693732
vn 0.001895 -0.999963 0.008349
vn -0.155585 -0.711366 -0.685384
vn -0.221372 -0.000000 -0.975189
vn -0.155584 0.711371 -0.685379
vn 0.194614 0.702844 0.684205
vn 0.002320 0.999964 0.008159
vn 0.273588 0.000000 0.961847
vn 0.194614 -0.702848 0.684200
vn 0.002319 -0.999964 0.008155
vn -0.192296 -0.711326 -0.676046
vn -0.273591 -0.000000 -0.961846
vn -0.192295 0.711329 -0.676043
vn 0.230892 0.702871 0.672801
vn 0.002735 0.999964 0.007973
vn 0.324599 0.000000 0.945852
vn 0.230892 -0.702874 0.672798
vn 0.002735 -0.999964 0.007970
vn -0.228158 -0.711300 -0.664828
vn -0.324600 -0.000000 -0.945852
vn -0.228157 0.711301 -0.664827
vn 0.266370 0.702883 0.659547
vn 0.003148 0.999965 0.007796
vn 0.374479 0.000001 0.927235
vn 0.266368 -0.702884 0.659547
vn 0.003148 -0.999965 0.007793
vn -0.263221 -0.711290 -0.651753
vn -0.374479 0.000000 -0.927236
vn -0.263220 0.711292 -0.651751
vn 0.301067 0.702878 0.644455
vn 0.003563 0.999965 0.007624
vn 0.423255 -0.000000 0.906011
vn 0.301065 -0.702878 0.644455
vn 0.003563 -0.999965 0.007625
vn -0.297502 -0.711295 -0.636830
vn -0.423254 0.000001 -0.906011
vn -0.297502 0.711297 -0.636827
vn 0.335032 0.702856 0.627493
vn 0.003985 0.999964 0.007460
vn 0.470992 -0.000000 0.882138
vn 0.335031 -0.702857 0.627492
vn 0.003985 -0.999964 0.007461
vn -0.331045 -0.711316 -0.620031
vn -0.470990 0.000001 -0.882138
vn -0.331045 0.711318 -0.620029
vn 0.368272 0.702819 0.608622
vn 0.004418 0.999964 0.007299
vn 0.517693 0.000000 0.855566
vn 0.368270 -0.702820 0.608622
vn 0.004418 -0.999964 0.007299
vn -0.363852 -0.711353 -0.601323
vn -0.517691 0.000001 -0.855568
vn -0.363851 0.711356 -0.601320
vn 0.400786 0.702767 0.587783
vn 0.004866 0.999963 0.007134
vn 0.563359 -0.000000 0.826212
vn 0.400784 -0.702769 0.587782
vn 0.004866 -0.999963 0.007135
vn -0.395918 -0.711403 -0.580650
vn -0.563356 0.000001 -0.826214
vn -0.395917 0.711407 -0.580647
vn 0.432546 0.702703 0.564901
vn 0.005330 0.999962 0.006957
vn 0.607949 -0.000000 0.793976
vn 0.432545 -0.702704 0.564900
vn 0.005330 -0.999962 0.006959
vn -0.427214 -0.711468 -0.557945
vn -0.607945 0.000001 -0.793979
vn -0.427213 0.711470 -0.557942
vn 0.463505 0.702624 0.539891
vn 0.005812 0.999960 0.006766
vn 0.651391 -0.000000 0.758743
vn 0.463504 -0.702625 0.539891
vn 0.005812 -0.999960 0.006767
vn -0.457690 -0.711546 -0.533126
vn -0.651386 0.000000 -0.758746
vn -0.457688 0.711547 -0.533125
vn 0.493501 0.702550 0.512719
vn 0.006290 0.999959 0.006534
vn 0.693475 0.000000 0.720481
vn 0.493500 -0.702551 0.512718
vn 0.006289 -0.999959 0.006532
vn -0.487210 -0.711619 -0.506187
vn -0.693473 0.000000 -0.720483
vn -0.487209 0.711620 -0.506185
vn 0.522022 0.702570 0.483619
vn 0.006620 0.999959 0.006136
vn 0.733576 0.000000 0.679608
vn 0.522022 -0.702573 0.483617
vn 0.006620 -0.999959 0.006135
vn -0.515404 -0.711597 -0.477481
vn -0.733579 -0.000000 -0.679604
vn -0.515403 0.711598 -0.477481
vn 0.548473 0.702653 0.453274
vn 0.006832 0.999961 0.005648
vn 0.770833 0.000001 0.637037
vn 0.548472 -0.702654 0.453272
vn 0.006833 -0.999961 0.005648
vn -0.541642 -0.711518 -0.447622
vn -0.770837 -0.000001 -0.637032
vn -0.541641 0.711519 -0.447622
vn 0.572761 0.702725 0.422046
vn 0.007017 0.999962 0.005172
vn 0.805048 0.000001 0.593209
vn 0.572760 -0.702726 0.422045
vn 0.007018 -0.999962 0.005173
vn -0.565743 -0.711445 -0.416871
vn -0.805051 -0.000001 -0.593205
vn -0.565742 0.711446 -0.416870
vn 0.594954 0.702785 0.390030
vn 0.007189 0.999963 0.004715
vn 0.836311 0.000000 0.548255
vn 0.594952 -0.702787 0.390030
vn 0.007189 -0.999963 0.004715
vn -0.587765 -0.711383 -0.385313
vn -0.836313 0.000000 -0.548252
vn -0.587763 0.711385 -0.385312
vn 0.615128 0.702833 0.357271
vn 0.007354 0.999964 0.004273
vn 0.864727 0.000000 0.502242
vn 0.615126 -0.702835 0.357272
vn 0.007354 -0.999964 0.004272
vn -0.607774 -0.711339 -0.352998
vn -0.864729 0.000002 -0.502238
vn -0.607773 0.711341 -0.352995
vn 0.633357 0.702864 0.323791
vn 0.007516 0.999964 0.003843
vn 0.890392 -0.000000 0.455196
vn 0.633355 -0.702866 0.323791
vn 0.007516 -0.999964 0.003842
vn -0.625840 -0.711307 -0.319948
vn -0.890392 0.000002 -0.455194
vn -0.625838 0.711310 -0.319946
vn 0.649694 0.702878 0.289587
vn 0.007681 0.999965 0.003425
vn 0.913376 0.000000 0.407117
vn 0.649692 -0.702880 0.289586
vn 0.007681 -0.999965 0.003424
vn -0.642007 -0.711294 -0.286161
vn -0.913376 0.000002 -0.407117
vn -0.642006 0.711295 -0.286160
vn 0.664172 0.702878 0.254633
vn 0.007854 0.999965 0.003012
vn 0.933730 0.000000 0.357978
vn 0.664170 -0.702880 0.254633
vn 0.007854 -0.999965 0.003011
vn -0.656313 -0.711295 -0.251621
vn -0.933730 0.000002 -0.357978
vn -0.656311 0.711297 -0.251619
vn 0.676806 0.702865 0.218894
vn 0.008033 0.999964 0.002597
vn 0.951474 0.000000 0.307729
vn 0.676804 -0.702867 0.218895
vn 0.008033 -0.999964 0.002598
vn -0.668771 -0.711309 -0.216298
vn -0.951474 -0.000000 -0.307730
vn -0.668770 0.711310 -0.216297
vn 0.687589 0.702835 0.182331
vn 0.008221 0.999964 0.002178
vn 0.966593 0.000000 0.256317
vn 0.687586 -0.702837 0.182331
vn 0.008220 -0.999964 0.002179
vn -0.679370 -0.711337 -0.180154
vn -0.966592 0.000000 -0.256320
vn -0.679368 0.711339 -0.180155
vn 0.696487 0.702786 0.144903
vn 0.008418 0.999963 0.001750
vn 0.979036 0.000000 0.203687
vn 0.696486 -0.702788 0.144902
vn 0.008418 -0.999963 0.001750
vn -0.688070 -0.711383 -0.143155
vn -0.979035 0.000002 -0.203691
vn -0.688068 0.711386 -0.143154
vn 0.703433 0.702726 0.106571
vn 0.008620 0.999962 0.001305
vn 0.988717 0.000000 0.149793
vn 0.703433 -0.702727 0.106571
vn 0.008620 -0.999962 0.001305
vn -0.694814 -0.711443 -0.105269
vn -0.988717 0.000000 -0.149797
vn -0.694814 0.711444 -0.105268
vn 0.708342 0.702652 0.067315
vn 0.008825 0.999961 0.000836
vn 0.995515 0.000000 0.094608
vn 0.708340 -0.702654 0.067316
vn 0.008825 -0.999961 0.000837
vn -0.699517 -0.711517 -0.066482
vn -0.995514 -0.000001 -0.094613
vn -0.699517 0.711517 -0.066482
vn 0.711097 0.702569 0.027156
vn 0.009019 0.999959 0.000342
vn 0.999272 0.000000 0.038161
vn 0.711096 -0.702571 0.027156
vn 0.009019 -0.999959 0.000342
vn -0.702074 -0.711599 -0.026816
vn -0.999271 0.000000 -0.038167
vn -0.702072 0.711601 -0.026816
vn 0.711509 0.702546 -0.013590
vn 0.009066 0.999959 -0.000172
vn 0.999818 0.000000 -0.019097
vn 0.711507 -0.702547 -0.013590
vn 0.009066 -0.999959 -0.000172
vn -0.702436 -0.711620 0.013419
vn -0.999818 0.000000 0.019099
vn -0.702435 0.711622 0.013419
vn 0.709510 0.702622 -0.054014
vn 0.008895 0.999960 -0.000675
vn 0.997115 0.000000 -0.075910
vn 0.709508 -0.702624 -0.054014
vn 0.008895 -0.999960 -0.000675
vn -0.700613 -0.711545 0.053342
vn -0.997114 -0.000000 0.075916
vn -0.700611 0.711547 0.053342
vn 0.705300 0.702704 -0.093589
vn 0.008689 0.999962 -0.001151
vn 0.991311 0.000000 -0.131541
vn 0.705299 -0.702705 -0.093588
vn 0.008689 -0.999962 -0.001152
vn -0.696614 -0.711466 0.092440
vn -0.991310 -0.000000 0.131546
vn -0.696612 0.711468 0.092441
vn 0.699022 0.702769 -0.132227
vn 0.008485 0.999963 -0.001604
vn 0.982576 -0.000000 -0.185864
vn 0.699021 -0.702770 -0.132226
vn 0.008485 -0.999963 -0.001604
vn -0.690540 -0.711401 0.130625
vn -0.982575 0.000000 0.185868
vn -0.690538 0.711403 0.130625
vn 0.690768 0.702819 -0.169955
vn 0.008285 0.999964 -0.002038
vn 0.971041 -0.000000 -0.238911
vn 0.690766 -0.702821 -0.169953
vn 0.008285 -0.999964 -0.002037
vn -0.682483 -0.711351 0.167918
vn -0.971041 0.000000 0.238915
vn -0.682482 0.711353 0.167917
vn 0.680608 0.702856 -0.206801
vn 0.008094 0.999964 -0.002458
vn 0.956807 -0.000000 -0.290724
vn 0.680607 -0.702858 -0.206800
vn 0.008094 -0.999964 -0.002458
vn -0.672512 -0.711316 0.204344
vn -0.956806 -0.000002 0.290727
vn -0.672512 0.711317 0.204344
vn 0.668584 0.702878 -0.242814
vn 0.007913 0.999965 -0.002873
vn 0.939932 -0.000000 -0.341361
vn 0.668583 -0.702879 -0.242812
vn 0.007913 -0.999965 -0.002872
vn -0.660671 -0.711296 0.239941
vn -0.939932 0.000002 0.341362
vn -0.660670 0.711298 0.239940
vn 0.654721 0.702884 -0.278020
vn 0.007738 0.999965 -0.003287
vn 0.920451 0.000000 -0.390858
vn 0.654719 -0.702886 -0.278019
vn 0.007738 -0.999965 -0.003286
vn -0.646983 -0.711290 0.274734
vn -0.920451 0.000004 0.390859
vn -0.646981 0.711293 0.274733
vn 0.639005 0.702874 -0.312475
vn 0.007571 0.999965 -0.003703
vn 0.898344 0.000000 -0.439292
vn 0.639004 -0.702876 -0.312474
vn 0.007571 -0.999965 -0.003703
vn -0.631436 -0.711300 0.308774
vn -0.898344 0.000000 0.439292
vn -0.631435 0.711302 0.308771
vn 0.621416 0.702847 -0.346191
vn 0.007408 0.999964 -0.004128
vn 0.873584 -0.000000 -0.486673
vn 0.621415 -0.702848 -0.346190
vn 0.007408 -0.999964 -0.004128
vn -0.614009 -0.711327 0.342063
vn -0.873585 0.000002 0.486671
vn -0.614008 0.711329 0.342060
vn 0.601897 0.702805 -0.379190
vn 0.007245 0.999963 -0.004566
vn 0.846095 0.000000 -0.533032
vn 0.601896 -0.702806 -0.379190
vn 0.007244 -0.999963 -0.004566
vn -0.594654 -0.711368 0.374623
vn -0.846097 0.000002 0.533030
vn -0.594653 0.711369 0.374622
vn 0.580386 0.702748 -0.411457
vn 0.007077 0.999962 -0.005019
vn 0.815793 0.000000 -0.578345
vn 0.580385 -0.702750 -0.411457
vn 0.007076 -0.999962 -0.005019
vn -0.573312 -0.711422 0.406438
vn -0.815795 0.000001 0.578342
vn -0.573310 0.711425 0.406436
vn 0.556806 0.702678 -0.442957
vn 0.006896 0.999961 -0.005489
vn 0.782572 0.000000 -0.622560
vn 0.556805 -0.702680 -0.442956
vn 0.006896 -0.999961 -0.005488
vn -0.549912 -0.711491 0.437466
vn -0.782576 0.000000 0.622555
vn -0.549910 0.711494 0.437465
vn 0.531080 0.702596 -0.473617
vn 0.006696 0.999960 -0.005975
vn 0.746329 0.000000 -0.665577
vn 0.531078 -0.702598 -0.473616
vn 0.006697 -0.999960 -0.005974
vn -0.524385 -0.711571 0.467641
vn -0.746333 0.000001 0.665572
vn -0.524384 0.711573 0.467638
vn 0.502893 0.702500 -0.503580
vn 0.006476 0.999958 -0.006488
vn 0.706626 -0.000000 -0.707587
vn 0.502892 -0.702502 -0.503577
vn 0.006476 -0.999958 -0.006488
vn -0.496415 -0.711668 0.497093
vn -0.706623 0.000002 0.707591
vn -0.496413 0.711670 0.497091
vn 0.472956 0.702515 -0.531775
vn 0.006072 0.999958 -0.006825
vn 0.664574 -0.000000 -0.747223
vn 0.472955 -0.702517 -0.531773
vn 0.006072 -0.999958 -0.006825
vn -0.466881 -0.711651 0.524953
vn -0.664568 0.000001 0.747228
vn -0.466880 0.711652 0.524952
vn 0.441530 0.702599 -0.558038
vn 0.005566 0.999960 -0.007032
vn 0.620487 -0.000000 -0.784217
vn 0.441529 -0.702601 -0.558036
vn 0.005566 -0.999960 -0.007031
vn -0.435961 -0.711567 0.551008
vn -0.620482 -0.000000 0.784221
vn -0.435961 0.711568 0.551007
vn 0.409228 0.702670 -0.582054
vn 0.005077 0.999961 -0.007218
vn 0.575150 -0.000001 -0.818048
vn 0.409228 -0.702673 -0.582051
vn 0.005077 -0.999961 -0.007219
vn -0.404148 -0.711498 0.574835
vn -0.575145 -0.000000 0.818051
vn -0.404147 0.711498 0.574835
vn 0.376124 0.702729 -0.603906
vn 0.004606 0.999962 -0.007393
vn 0.528666 -0.000000 -0.848830
vn 0.376123 -0.702730 -0.603906
vn 0.004607 -0.999962 -0.007394
vn -0.371515 -0.711441 0.596513
vn -0.528662 0.000001 0.848832
vn -0.371514 0.711443 0.596511
vn 0.342255 0.702771 -0.623678
vn 0.004152 0.999963 -0.007563
vn 0.481090 0.000000 -0.876671
vn 0.342254 -0.702773 -0.623677
vn 0.004152 -0.999963 -0.007563
vn -0.338101 -0.711399 0.616117
vn -0.481087 0.000002 0.876673
vn -0.338101 0.711402 0.616113
vn 0.307629 0.702797 -0.641437
vn 0.003709 0.999963 -0.007734
vn 0.432434 0.000000 -0.901666
vn 0.307629 -0.702799 -0.641434
vn 0.003709 -0.999963 -0.007735
vn -0.303920 -0.711374 0.633703
vn -0.432432 0.000001 0.901667
vn -0.303919 0.711375 0.633702
vn 0.272234 0.702805 -0.657232
vn 0.003276 0.999963 -0.007909
vn 0.382683 0.000000 -0.923880
vn 0.272234 -0.702808 -0.657228
vn 0.003276 -0.999963 -0.007909
vn -0.268959 -0.711367 0.649322
vn -0.382683 0.000001 0.923880
vn -0.268958 0.711367 0.649322
vn 0.236037 0.702797 -0.671091
vn 0.002846 0.999963 -0.008091
vn 0.331797 -0.000001 -0.943351
vn 0.236037 -0.702800 -0.671088
vn 0.002846 -0.999963 -0.008089
vn -0.233192 -0.711375 0.662998
vn -0.331799 0.000003 0.943350
vn -0.233192 0.711375 0.662998
vn 0.198997 0.702773 -0.683016
vn 0.002413 0.999963 -0.008283
vn 0.279720 0.000000 -0.960082
vn 0.198996 -0.702773 -0.683016
vn 0.002413 -0.999963 -0.008282
vn -0.196585 -0.711399 0.674733
vn -0.279722 0.000003 0.960081
vn -0.196584 0.711402 0.674731
vn 0.161068 0.702728 -0.692986
vn 0.001971 0.999962 -0.008486
vn 0.226391 0.000000 -0.974037
vn 0.161067 -0.702731 -0.692984
vn 0.001971 -0.999962 -0.008486
vn -0.159098 -0.711440 0.684500
vn -0.226394 0.000002 0.974036
vn -0.159097 0.711443 0.684498
vn 0.122206 0.702670 -0.700943
vn 0.001514 0.999961 -0.008694
vn 0.171755 -0.000000 -0.985140
vn 0.122206 -0.702674 -0.700939
vn 0.001514 -0.999961 -0.008698
vn -0.120694 -0.711498 0.692245
vn -0.171759 0.000001 0.985139
vn -0.120693 0.711498 0.692246
vn 0.082383 0.702599 -0.706801
vn 0.001036 0.999960 -0.008909
vn 0.115775 -0.000001 -0.993276
vn 0.082384 -0.702601 -0.706799
vn 0.001036 -0.999960 -0.008911
vn -0.081350 -0.711569 0.697891
vn -0.115781 0.000001 0.993275
vn -0.081350 0.711569 0.697891
vn 0.041591 0.702515 -0.710452
vn 0.000532 0.999958 -0.009119
vn 0.058442 -0.000001 -0.998291
vn 0.041591 -0.702517 -0.710450
vn 0.000532 -0.999958 -0.009119
vn -0.041062 -0.711650 0.701333
vn -0.058449 0.000002 0.998290
vn -0.041062 0.711652 0.701331
vn 0.020949 0.702305 -0.711568
vn 0.000272 0.999957 -0.009247
vn 0.029428 -0.000002 -0.999567
vn 0.020948 -0.702309 -0.711564
vn 0.000272 -0.999957 -0.009247
vn -0.020678 -0.711554 0.702327
vn -0.029430 0.000002 0.999567
vn -0.020678 0.711557 0.702324
s 1
g pCube35 polySurface106
usemtl initialShadingGroup
f 2255/4319/4067 2256/4320/4068 2264/4321/4069 2263/4322/4070
f 2256/4323/4068 2257/4324/4071 2265/4325/4072 2264/4326/4069
f 2257/4324/4071 2258/4327/4073 2266/4328/4074 2265/4325/4072
f 2258/4329/4073 2259/4330/4075 2267/4331/4076 2266/4332/4074
f 2259/4330/4075 2260/4333/4077 2268/4334/4078 2267/4331/4076
f 2260/4335/4077 2261/4336/4079 2269/4337/4080 2268/4338/4078
f 2261/4336/4079 2262/4339/4081 2270/4340/4082 2269/4337/4080
f 2262/4341/4081 2255/4319/4067 2263/4322/4070 2270/4342/4082
f 2263/4322/4070 2264/4321/4069 2272/4343/4083 2271/4344/4084
f 2264/4326/4069 2265/4325/4072 2273/4345/4085 2272/4346/4083
f 2265/4325/4072 2266/4328/4074 2274/4347/4086 2273/4345/4085
f 2266/4332/4074 2267/4331/4076 2275/4348/4087 2274/4349/4086
f 2267/4331/4076 2268/4334/4078 2276/4350/4088 2275/4348/4087
f 2268/4338/4078 2269/4337/4080 2277/4351/4089 2276/4352/4088
f 2269/4337/4080 2270/4340/4082 2278/4353/4090 2277/4351/4089
f 2270/4342/4082 2263/4322/4070 2271/4344/4084 2278/4354/4090
f 2271/4344/4084 2272/4343/4083 2280/4355/4091 2279/4356/4092
f 2272/4346/4083 2273/4345/4085 2281/4357/4093 2280/4358/4091
f 2273/4345/4085 2274/4347/4086 2282/4359/4094 2281/4357/4093
f 2274/4349/4086 2275/4348/4087 2283/4360/4095 2282/4361/4094
f 2275/4348/4087 2276/4350/4088 2284/4362/4096 2283/4360/4095
f 2276/4352/4088 2277/4351/4089 2285/4363/4097 2284/4364/4096
f 2277/4351/4089 2278/4353/4090 2286/4365/4098 2285/4363/4097
f 2278/4354/4090 2271/4344/4084 2279/4356/4092 2286/4366/4098
f 2279/4356/4092 2280/4355/4091 2288/4367/4099 2287/4368/4100
f 2280/4358/4091 2281/4357/4093 2289/4369/4101 2288/4370/4099
f 2281/4357/4093 2282/4359/4094 2290/4371/4102 2289/4369/4101
f 2282/4361/4094 2283/4360/4095 2291/4372/4103 2290/4373/4102
f 2283/4360/4095 2284/4362/4096 2292/4374/4104 2291/4372/4103
f 2284/4364/4096 2285/4363/4097 2293/4375/4105 2292/4376/4104
f 2285/4363/4097 2286/4365/4098 2294/4377/4106 2293/4375/4105
f 2286/4366/4098 2279/4356/4092 2287/4368/4100 2294/4378/4106
f 2287/4368/4100 2288/4367/4099 2296/4379/4107 2295/4380/4108
f 2288/4370/4099 2289/4369/4101 2297/4381/4109 2296/4382/4107
f 2289/4369/4101 2290/4371/4102 2298/4383/4110 2297/4381/4109
f 2290/4373/4102 2291/4372/4103 2299/4384/4111 2298/4385/4110
f 2291/4372/4103 2292/4374/4104 2300/4386/4112 2299/4384/4111
f 2292/4376/4104 2293/4375/4105 2301/4387/4113 2300/4388/4112
f 2293/4375/4105 2294/4377/4106 2302/4389/4114 2301/4387/4113
f 2294/4378/4106 2287/4368/4100 2295/4380/4108 2302/4390/4114
f 2295/4380/4108 2296/4379/4107 2304/4391/4115 2303/4392/4116
f 2296/4382/4107 2297/4381/4109 2305/4393/4117 2304/4394/4115
f 2297/4381/4109 2298/4383/4110 2306/4395/4118 2305/4393/4117
f 2298/4385/4110 2299/4384/4111 2307/4396/4119 2306/4397/4118
f 2299/4384/4111 2300/4386/4112 2308/4398/4120 2307/4396/4119
f 2300/4388/4112 2301/4387/4113 2309/4399/4121 2308/4400/4120
f 2301/4387/4113 2302/4389/4114 2310/4401/4122 2309/4399/4121
f 2302/4390/4114 2295/4380/4108 2303/4392/4116 2310/4402/4122
f 2303/4392/4116 2304/4391/4115 2312/4403/4123 2311/4404/4124
f 2304/4394/4115 2305/4393/4117 2313/4405/4125 2312/4406/4123
f 2305/4393/4117 2306/4395/4118 2314/4407/4126 2313/4405/4125
f 2306/4397/4118 2307/4396/4119 2315/4408/4127 2314/4409/4126
f 2307/4396/4119 2308/4398/4120 2316/4410/4128 2315/4408/4127
f 2308/4400/4120 2309/4399/4121 2317/4411/4129 2316/4412/4128
f 2309/4399/4121 2310/4401/4122 2318/4413/4130 2317/4411/4129
f 2310/4402/4122 2303/4392/4116 2311/4404/4124 2318/4414/4130
f 2311/4404/4124 2312/4403/4123 2320/4415/4131 2319/4416/4132
f 2312/4406/4123 2313/4405/4125 2321/4417/4133 2320/4418/4131
f 2313/4405/4125 2314/4407/4126 2322/4419/4134 2321/4417/4133
f 2314/4409/4126 2315/4408/4127 2323/4420/4135 2322/4421/4134
f 2315/4408/4127 2316/4410/4128 2324/4422/4136 2323/4420/4135
f 2316/4412/4128 2317/4411/4129 2325/4423/4137 2324/4424/4136
f 2317/4411/4129 2318/4413/4130 2326/4425/4138 2325/4423/4137
f 2318/4414/4130 2311/4404/4124 2319/4416/4132 2326/4426/4138
f 2319/4416/4132 2320/4415/4131 2328/4427/4139 2327/4428/4140
f 2320/4418/4131 2321/4417/4133 2329/4429/4141 2328/4430/4139
f 2321/4417/4133 2322/4419/4134 2330/4431/4142 2329/4429/4141
f 2322/4421/4134 2323/4420/4135 2331/4432/4143 2330/4433/4142
f 2323/4420/4135 2324/4422/4136 2332/4434/4144 2331/4432/4143
f 2324/4424/4136 2325/4423/4137 2333/4435/4145 2332/4436/4144
f 2325/4423/4137 2326/4425/4138 2334/4437/4146 2333/4435/4145
f 2326/4426/4138 2319/4416/4132 2327/4428/4140 2334/4438/4146
f 2327/4428/4140 2328/4427/4139 2336/4439/4147 2335/4440/4148
f 2328/4430/4139 2329/4429/4141 2337/4441/4149 2336/4442/4147
f 2329/4429/4141 2330/4431/4142 2338/4443/4150 2337/4441/4149
f 2330/4433/4142 2331/4432/4143 2339/4444/4151 2338/4445/4150
f 2331/4432/4143 2332/4434/4144 2340/4446/4152 2339/4444/4151
f 2332/4436/4144 2333/4435/4145 2341/4447/4153 2340/4448/4152
f 2333/4435/4145 2334/4437/4146 2342/4449/4154 2341/4447/4153
f 2334/4438/4146 2327/4428/4140 2335/4440/4148 2342/4450/4154
f 2335/4440/4148 2336/4439/4147 2344/4451/4155 2343/4452/4156
f 2336/4453/4147 2337/4454/4149 2345/4455/4157 2344/4456/4155
f 2337/4454/4149 2338/4457/4150 2346/4458/4158 2345/4455/4157
f 2338/4445/4150 2339/4444/4151 2347/4459/4159 2346/4460/4158
f 2339/4444/4151 2340/4446/4152 2348/4461/4160 2347/4459/4159
f 2340/4462/4152 2341/4463/4153 2349/4464/4161 2348/4465/4160
f 2341/4463/4153 2342/4466/4154 2350/4467/4162 2349/4464/4161
f 2342/4450/4154 2335/4440/4148 2343/4452/4156 2350/4468/4162
f 2343/4452/4156 2344/4451/4155 2352/4469/4163 2351/4470/4164
f 2344/4456/4155 2345/4455/4157 2353/4471/4165 2352/4472/4163
f 2345/4455/4157 2346/4458/4158 2354/4473/4166 2353/4471/4165
f 2346/4460/4158 2347/4459/4159 2355/4474/4167 2354/4475/4166
f 2347/4459/4159 2348/4461/4160 2356/4476/4168 2355/4474/4167
f 2348/4465/4160 2349/4464/4161 2357/4477/4169 2356/4478/4168
f 2349/4464/4161 2350/4467/4162 2358/4479/4170 2357/4477/4169
f 2350/4468/4162 2343/4452/4156 2351/4470/4164 2358/4480/4170
f 2351/4470/4164 2352/4469/4163 2360/4481/4171 2359/4482/4172
f 2352/4472/4163 2353/4471/4165 2361/4483/4173 2360/4484/4171
f 2353/4471/4165 2354/4473/4166 2362/4485/4174 2361/4483/4173
f 2354/4475/4166 2355/4474/4167 2363/4486/4175 2362/4487/4174
f 2355/4474/4167 2356/4476/4168 2364/4488/4176 2363/4486/4175
f 2356/4478/4168 2357/4477/4169 2365/4489/4177 2364/4490/4176
f 2357/4477/4169 2358/4479/4170 2366/4491/4178 2365/4489/4177
f 2358/4480/4170 2351/4470/4164 2359/4482/4172 2366/4492/4178
f 2359/4482/4172 2360/4481/4171 2368/4493/4179 2367/4494/4180
f 2360/4484/4171 2361/4483/4173 2369/4495/4181 2368/4496/4179
f 2361/4483/4173 2362/4485/4174 2370/4497/4182 2369/4495/4181
f 2362/4487/4174 2363/4486/4175 2371/4498/4183 2370/4499/4182
f 2363/4486/4175 2364/4488/4176 2372/4500/4184 2371/4498/4183
f 2364/4490/4176 2365/4489/4177 2373/4501/4185 2372/4502/4184
f 2365/4489/4177 2366/4491/4178 2374/4503/4186 2373/4501/4185
f 2366/4492/4178 2359/4482/4172 2367/4494/4180 2374/4504/4186
f 2367/4494/4180 2368/4493/4179 2376/4505/4187 2375/4506/4188
f 2368/4496/4179 2369/4495/4181 2377/4507/4189 2376/4508/4187
f 2369/4495/4181 2370/4497/4182 2378/4509/4190 2377/4507/4189
f 2370/4499/4182 2371/4498/4183 2379/4510/4191 2378/4511/4190
f 2371/4498/4183 2372/4500/4184 2380/4512/4192 2379/4510/4191
f 2372/4502/4184 2373/4501/4185 2381/4513/4193 2380/4514/4192
f 2373/4501/4185 2374/4503/4186 2382/4515/4194 2381/4513/4193
f 2374/4504/4186 2367/4494/4180 2375/4506/4188 2382/4516/4194
f 2375/4506/4188 2376/4505/4187 2384/4517/4195 2383/4518/4196
f 2376/4508/4187 2377/4507/4189 2385/4519/4197 2384/4520/4195
f 2377/4507/4189 2378/4509/4190 2386/4521/4198 2385/4519/4197
f 2378/4511/4190 2379/4510/4191 2387/4522/4199 2386/4523/4198
f 2379/4510/4191 2380/4512/4192 2388/4524/4200 2387/4522/4199
f 2380/4514/4192 2381/4513/4193 2389/4525/4201 2388/4526/4200
f 2381/4513/4193 2382/4515/4194 2390/4527/4202 2389/4525/4201
f 2382/4516/4194 2375/4506/4188 2383/4518/4196 2390/4528/4202
f 2383/4518/4196 2384/4517/4195 2392/4529/4203 2391/4530/4204
f 2384/4520/4195 2385/4519/4197 2393/4531/4205 2392/4532/4203
f 2385/4519/4197 2386/4521/4198 2394/4533/4206 2393/4531/4205
f 2386/4523/4198 2387/4522/4199 2395/4534/4207 2394/4535/4206
f 2387/4522/4199 2388/4524/4200 2396/4536/4208 2395/4534/4207
f 2388/4526/4200 2389/4525/4201 2397/4537/4209 2396/4538/4208
f 2389/4525/4201 2390/4527/4202 2398/4539/4210 2397/4537/4209
f 2390/4528/4202 2383/4518/4196 2391/4530/4204 2398/4540/4210
f 2391/4530/4204 2392/4529/4203 2400/4541/4211 2399/4542/4212
f 2392/4532/4203 2393/4531/4205 2401/4543/4213 2400/4544/4211
f 2393/4531/4205 2394/4533/4206 2402/4545/4214 2401/4543/4213
f 2394/4535/4206 2395/4534/4207 2403/4546/4215 2402/4547/4214
f 2395/4534/4207 2396/4536/4208 2404/4548/4216 2403/4546/4215
f 2396/4538/4208 2397/4537/4209 2405/4549/4217 2404/4550/4216
f 2397/4537/4209 2398/4539/4210 2406/4551/4218 2405/4549/4217
f 2398/4540/4210 2391/4530/4204 2399/4542/4212 2406/4552/4218
f 2399/4542/4212 2400/4541/4211 2408/4553/4219 2407/4554/4220
f 2400/4544/4211 2401/4543/4213 2409/4555/4221 2408/4556/4219
f 2401/4543/4213 2402/4545/4214 2410/4557/4222 2409/4555/4221
f 2402/4547/4214 2403/4546/4215 2411/4558/4223 2410/4559/4222
f 2403/4546/4215 2404/4548/4216 2412/4560/4224 2411/4558/4223
f 2404/4550/4216 2405/4549/4217 2413/4561/4225 2412/4562/4224
f 2405/4549/4217 2406/4551/4218 2414/4563/4226 2413/4561/4225
f 2406/4552/4218 2399/4542/4212 2407/4554/4220 2414/4564/4226
f 2407/4554/4220 2408/4553/4219 2416/4565/4227 2415/4566/4228
f 2408/4556/4219 2409/4555/4221 2417/4567/4229 2416/4568/4227
f 2409/4555/4221 2410/4557/4222 2418/4569/4230 2417/4567/4229
f 2410/4559/4222 2411/4558/4223 2419/4570/4231 2418/4571/4230
f 2411/4558/4223 2412/4560/4224 2420/4572/4232 2419/4570/4231
f 2412/4562/4224 2413/4561/4225 2421/4573/4233 2420/4574/4232
f 2413/4561/4225 2414/4563/4226 2422/4575/4234 2421/4573/4233
f 2414/4564/4226 2407/4554/4220 2415/4566/4228 2422/4576/4234
f 2415/4566/4228 2416/4565/4227 2424/4577/4235 2423/4578/4236
f 2416/4568/4227 2417/4567/4229 2425/4579/4237 2424/4580/4235
f 2417/4567/4229 2418/4569/4230 2426/4581/4238 2425/4579/4237
f 2418/4571/4230 2419/4570/4231 2427/4582/4239 2426/4583/4238
f 2419/4570/4231 2420/4572/4232 2428/4584/4240 2427/4582/4239
f 2420/4574/4232 2421/4573/4233 2429/4585/4241 2428/4586/4240
f 2421/4573/4233 2422/4575/4234 2430/4587/4242 2429/4585/4241
f 2422/4576/4234 2415/4566/4228 2423/4578/4236 2430/4588/4242
f 2423/4578/4236 2424/4577/4235 2432/4589/4243 2431/4590/4244
f 2424/4580/4235 2425/4579/4237 2433/4591/4245 2432/4592/4243
f 2425/4579/4237 2426/4581/4238 2434/4593/4246 2433/4591/4245
f 2426/4583/4238 2427/4582/4239 2435/4594/4247 2434/4595/4246
f 2427/4582/4239 2428/4584/4240 2436/4596/4248 2435/4594/4247
f 2428/4586/4240 2429/4585/4241 2437/4597/4249 2436/4598/4248
f 2429/4585/4241 2430/4587/4242 2438/4599/4250 2437/4597/4249
f 2430/4588/4242 2423/4578/4236 2431/4590/4244 2438/4600/4250
f 2431/4590/4244 2432/4589/4243 2440/4601/4251 2439/4602/4252
f 2432/4592/4243 2433/4591/4245 2441/4603/4253 2440/4604/4251
f 2433/4591/4245 2434/4593/4246 2442/4605/4254 2441/4603/4253
f 2434/4595/4246 2435/4594/4247 2443/4606/4255 2442/4607/4254
f 2435/4594/4247 2436/4596/4248 2444/4608/4256 2443/4606/4255
f 2436/4598/4248 2437/4597/4249 2445/4609/4257 2444/4610/4256
f 2437/4597/4249 2438/4599/4250 2446/4611/4258 2445/4609/4257
f 2438/4600/4250 2431/4590/4244 2439/4602/4252 2446/4612/4258
f 2439/4602/4252 2440/4601/4251 2448/4613/4259 2447/4614/4260
f 2440/4604/4251 2441/4603/4253 2449/4615/4261 2448/4616/4259
f 2441/4603/4253 2442/4605/4254 2450/4617/4262 2449/4615/4261
f 2442/4607/4254 2443/4606/4255 2451/4618/4263 2450/4619/4262
f 2443/4606/4255 2444/4608/4256 2452/4620/4264 2451/4618/4263
f 2444/4610/4256 2445/4609/4257 2453/4621/4265 2452/4622/4264
f 2445/4609/4257 2446/4611/4258 2454/4623/4266 2453/4621/4265
f 2446/4612/4258 2439/4602/4252 2447/4614/4260 2454/4624/4266
f 2447/4614/4260 2448/4613/4259 2456/4625/4267 2455/4626/4268
f 2448/4616/4259 2449/4615/4261 2457/4627/4269 2456/4628/4267
f 2449/4615/4261 2450/4617/4262 2458/4629/4270 2457/4627/4269
f 2450/4619/4262 2451/4618/4263 2459/4630/4271 2458/4631/4270
f 2451/4618/4263 2452/4620/4264 2460/4632/4272 2459/4630/4271
f 2452/4622/4264 2453/4621/4265 2461/4633/4273 2460/4634/4272
f 2453/4621/4265 2454/4623/4266 2462/4635/4274 2461/4633/4273
f 2454/4624/4266 2447/4614/4260 2455/4626/4268 2462/4636/4274
f 2455/4626/4268 2456/4625/4267 2464/4637/4275 2463/4638/4276
f 2456/4628/4267 2457/4627/4269 2465/4639/4277 2464/4640/4275
f 2457/4627/4269 2458/4629/4270 2466/4641/4278 2465/4639/4277
f 2458/4631/4270 2459/4630/4271 2467/4642/4279 2466/4643/4278
f 2459/4630/4271 2460/4632/4272 2468/4644/4280 2467/4642/4279
f 2460/4634/4272 2461/4633/4273 2469/4645/4281 2468/4646/4280
f 2461/4633/4273 2462/4635/4274 2470/4647/4282 2469/4645/4281
f 2462/4636/4274 2455/4626/4268 2463/4638/4276 2470/4648/4282
f 2463/4638/4276 2464/4637/4275 2472/4649/4283 2471/4650/4284
f 2464/4640/4275 2465/4639/4277 2473/4651/4285 2472/4652/4283
f 2465/4639/4277 2466/4641/4278 2474/4653/4286 2473/4651/4285
f 2466/4643/4278 2467/4642/4279 2475/4654/4287 2474/4655/4286
f 2467/4642/4279 2468/4644/4280 2476/4656/4288 2475/4654/4287
f 2468/4646/4280 2469/4645/4281 2477/4657/4289 2476/4658/4288
f 2469/4645/4281 2470/4647/4282 2478/4659/4290 2477/4657/4289
f 2470/4648/4282 2463/4638/4276 2471/4650/4284 2478/4660/4290
f 2471/4650/4284 2472/4649/4283 2480/4661/4291 2479/4662/4292
f 2472/4652/4283 2473/4651/4285 2481/4663/4293 2480/4664/4291
f 2473/4651/4285 2474/4653/4286 2482/4665/4294 2481/4663/4293
f 2474/4655/4286 2475/4654/4287 2483/4666/4295 2482/4667/4294
f 2475/4654/4287 2476/4656/4288 2484/4668/4296 2483/4666/4295
f 2476/4658/4288 2477/4657/4289 2485/4669/4297 2484/4670/4296
f 2477/4657/4289 2478/4659/4290 2486/4671/4298 2485/4669/4297
f 2478/4660/4290 2471/4650/4284 2479/4662/4292 2486/4672/4298
f 2479/4662/4292 2480/4661/4291 2488/4673/4299 2487/4674/4300
f 2480/4664/4291 2481/4663/4293 2489/4675/4301 2488/4676/4299
f 2481/4663/4293 2482/4665/4294 2490/4677/4302 2489/4675/4301
f 2482/4667/4294 2483/4666/4295 2491/4678/4303 2490/4679/4302
f 2483/4666/4295 2484/4668/4296 2492/4680/4304 2491/4678/4303
f 2484/4670/4296 2485/4669/4297 2493/4681/4305 2492/4682/4304
f 2485/4669/4297 2486/4671/4298 2494/4683/4306 2493/4681/4305
f 2486/4672/4298 2479/4662/4292 2487/4674/4300 2494/4684/4306
f 2487/4674/4300 2488/4673/4299 2496/4685/4307 2495/4686/4308
f 2488/4676/4299 2489/4675/4301 2497/4687/4309 2496/4688/4307
f 2489/4675/4301 2490/4677/4302 2498/4689/4310 2497/4687/4309
f 2490/4679/4302 2491/4678/4303 2499/4690/4311 2498/4691/4310
f 2491/4678/4303 2492/4680/4304 2500/4692/4312 2499/4690/4311
f 2492/4682/4304 2493/4681/4305 2501/4693/4313 2500/4694/4312
f 2493/4681/4305 2494/4683/4306 2502/4695/4314 2501/4693/4313
f 2494/4684/4306 2487/4674/4300 2495/4686/4308 2502/4696/4314
f 2495/4686/4308 2496/4685/4307 2504/4697/4315 2503/4698/4316
f 2496/4688/4307 2497/4687/4309 2505/4699/4317 2504/4700/4315
f 2497/4687/4309 2498/4689/4310 2506/4701/4318 2505/4699/4317
f 2498/4691/4310 2499/4690/4311 2507/4702/4319 2506/4703/4318
f 2499/4690/4311 2500/4692/4312 2508/4704/4320 2507/4702/4319
f 2500/4694/4312 2501/4693/4313 2509/4705/4321 2508/4706/4320
f 2501/4693/4313 2502/4695/4314 2510/4707/4322 2509/4705/4321
f 2502/4696/4314 2495/4686/4308 2503/4698/4316 2510/4708/4322
f 2503/4698/4316 2504/4697/4315 2512/4709/4323 2511/4710/4324
f 2504/4700/4315 2505/4699/4317 2513/4711/4325 2512/4712/4323
f 2505/4699/4317 2506/4701/4318 2514/4713/4326 2513/4711/4325
f 2506/4703/4318 2507/4702/4319 2515/4714/4327 2514/4715/4326
f 2507/4702/4319 2508/4704/4320 2516/4716/4328 2515/4714/4327
f 2508/4706/4320 2509/4705/4321 2517/4717/4329 2516/4718/4328
f 2509/4705/4321 2510/4707/4322 2518/4719/4330 2517/4717/4329
f 2510/4708/4322 2503/4698/4316 2511/4710/4324 2518/4720/4330
f 2511/4710/4324 2512/4709/4323 2520/4721/4331 2519/4722/4332
f 2512/4712/4323 2513/4711/4325 2521/4723/4333 2520/4724/4331
f 2513/4711/4325 2514/4713/4326 2522/4725/4334 2521/4723/4333
f 2514/4715/4326 2515/4714/4327 2523/4726/4335 2522/4727/4334
f 2515/4714/4327 2516/4716/4328 2524/4728/4336 2523/4726/4335
f 2516/4718/4328 2517/4717/4329 2525/4729/4337 2524/4730/4336
f 2517/4717/4329 2518/4719/4330 2526/4731/4338 2525/4729/4337
f 2518/4720/4330 2511/4710/4324 2519/4722/4332 2526/4732/4338
f 2519/4722/4332 2520/4721/4331 2528/4733/4339 2527/4734/4340
f 2520/4724/4331 2521/4723/4333 2529/4735/4341 2528/4736/4339
f 2521/4723/4333 2522/4725/4334 2530/4737/4342 2529/4735/4341
f 2522/4727/4334 2523/4726/4335 2531/4738/4343 2530/4739/4342
f 2523/4726/4335 2524/4728/4336 2532/4740/4344 2531/4738/4343
f 2524/4730/4336 2525/4729/4337 2533/4741/4345 2532/4742/4344
f 2525/4729/4337 2526/4731/4338 2534/4743/4346 2533/4741/4345
f 2526/4732/4338 2519/4722/4332 2527/4734/4340 2534/4744/4346
f 2527/4734/4340 2528/4733/4339 2536/4745/4347 2535/4746/4348
f 2528/4736/4339 2529/4735/4341 2537/4747/4349 2536/4748/4347
f 2529/4735/4341 2530/4737/4342 2538/4749/4350 2537/4747/4349
f 2530/4739/4342 2531/4738/4343 2539/4750/4351 2538/4751/4350
f 2531/4738/4343 2532/4740/4344 2540/4752/4352 2539/4750/4351
f 2532/4742/4344 2533/4741/4345 2541/4753/4353 2540/4754/4352
f 2533/4741/4345 2534/4743/4346 2542/4755/4354 2541/4753/4353
f 2534/4744/4346 2527/4734/4340 2535/4746/4348 2542/4756/4354
f 2535/4746/4348 2536/4745/4347 2544/4757/4355 2543/4758/4356
f 2536/4748/4347 2537/4747/4349 2545/4759/4357 2544/4760/4355
f 2537/4747/4349 2538/4749/4350 2546/4761/4358 2545/4759/4357
f 2538/4751/4350 2539/4750/4351 2547/4762/4359 2546/4763/4358
f 2539/4750/4351 2540/4752/4352 2548/4764/4360 2547/4762/4359
f 2540/4754/4352 2541/4753/4353 2549/4765/4361 2548/4766/4360
f 2541/4753/4353 2542/4755/4354 2550/4767/4362 2549/4765/4361
f 2542/4756/4354 2535/4746/4348 2543/4758/4356 2550/4768/4362
f 2543/4758/4356 2544/4757/4355 2552/4769/4363 2551/4770/4364
f 2544/4760/4355 2545/4759/4357 2553/4771/4365 2552/4772/4363
f 2545/4759/4357 2546/4761/4358 2554/4773/4366 2553/4771/4365
f 2546/4763/4358 2547/4762/4359 2555/4774/4367 2554/4775/4366
f 2547/4762/4359 2548/4764/4360 2556/4776/4368 2555/4774/4367
f 2548/4766/4360 2549/4765/4361 2557/4777/4369 2556/4778/4368
f 2549/4765/4361 2550/4767/4362 2558/4779/4370 2557/4777/4369
f 2550/4768/4362 2543/4758/4356 2551/4770/4364 2558/4780/4370
f 2551/4770/4364 2552/4769/4363 2560/4781/4371 2559/4782/4372
f 2552/4772/4363 2553/4771/4365 2561/4783/4373 2560/4784/4371
f 2553/4771/4365 2554/4773/4366 2562/4785/4374 2561/4783/4373
f 2554/4775/4366 2555/4774/4367 2563/4786/4375 2562/4787/4374
f 2555/4774/4367 2556/4776/4368 2564/4788/4376 2563/4786/4375
f 2556/4778/4368 2557/4777/4369 2565/4789/4377 2564/4790/4376
f 2557/4777/4369 2558/4779/4370 2566/4791/4378 2565/4789/4377
f 2558/4780/4370 2551/4770/4364 2559/4782/4372 2566/4792/4378
f 2559/4782/4372 2560/4781/4371 2568/4793/4379 2567/4794/4380
f 2560/4784/4371 2561/4783/4373 2569/4795/4381 2568/4796/4379
f 2561/4783/4373 2562/4785/4374 2570/4797/4382 2569/4795/4381
f 2562/4787/4374 2563/4786/4375 2571/4798/4383 2570/4799/4382
f 2563/4786/4375 2564/4788/4376 2572/4800/4384 2571/4798/4383
f 2564/4790/4376 2565/4789/4377 2573/4801/4385 2572/4802/4384
f 2565/4789/4377 2566/4791/4378 2574/4803/4386 2573/4801/4385
f 2566/4792/4378 2559/4782/4372 2567/4794/4380 2574/4804/4386
f 2567/4794/4380 2568/4793/4379 2576/4805/4387 2575/4806/4388
f 2568/4796/4379 2569/4795/4381 2577/4807/4389 2576/4808/4387
f 2569/4795/4381 2570/4797/4382 2578/4809/4390 2577/4807/4389
f 2570/4799/4382 2571/4798/4383 2579/4810/4391 2578/4811/4390
f 2571/4798/4383 2572/4800/4384 2580/4812/4392 2579/4810/4391
f 2572/4802/4384 2573/4801/4385 2581/4813/4393 2580/4814/4392
f 2573/4801/4385 2574/4803/4386 2582/4815/4394 2581/4813/4393
f 2574/4804/4386 2567/4794/4380 2575/4806/4388 2582/4816/4394
f 2575/4806/4388 2576/4805/4387 2584/4817/4395 2583/4818/4396
f 2576/4808/4387 2577/4807/4389 2585/4819/4397 2584/4820/4395
f 2577/4807/4389 2578/4809/4390 2586/4821/4398 2585/4819/4397
f 2578/4811/4390 2579/4810/4391 2587/4822/4399 2586/4823/4398
f 2579/4810/4391 2580/4812/4392 2588/4824/4400 2587/4822/4399
f 2580/4814/4392 2581/4813/4393 2589/4825/4401 2588/4826/4400
f 2581/4813/4393 2582/4815/4394 2590/4827/4402 2589/4825/4401
f 2582/4816/4394 2575/4806/4388 2583/4818/4396 2590/4828/4402
f 2583/4818/4396 2584/4817/4395 2592/4829/4403 2591/4830/4404
f 2584/4820/4395 2585/4819/4397 2593/4831/4405 2592/4832/4403
f 2585/4819/4397 2586/4821/4398 2594/4833/4406 2593/4831/4405
f 2586/4823/4398 2587/4822/4399 2595/4834/4407 2594/4835/4406
f 2587/4822/4399 2588/4824/4400 2596/4836/4408 2595/4834/4407
f 2588/4826/4400 2589/4825/4401 2597/4837/4409 2596/4838/4408
f 2589/4825/4401 2590/4827/4402 2598/4839/4410 2597/4837/4409
f 2590/4828/4402 2583/4818/4396 2591/4830/4404 2598/4840/4410
f 2591/4830/4404 2592/4829/4403 2600/4841/4411 2599/4842/4412
f 2592/4832/4403 2593/4831/4405 2601/4843/4413 2600/4844/4411
f 2593/4831/4405 2594/4833/4406 2602/4845/4414 2601/4843/4413
f 2594/4835/4406 2595/4834/4407 2603/4846/4415 2602/4847/4414
f 2595/4834/4407 2596/4836/4408 2604/4848/4416 2603/4846/4415
f 2596/4838/4408 2597/4837/4409 2605/4849/4417 2604/4850/4416
f 2597/4837/4409 2598/4839/4410 2606/4851/4418 2605/4849/4417
f 2598/4840/4410 2591/4830/4404 2599/4842/4412 2606/4852/4418
f 2599/4842/4412 2600/4841/4411 2608/4853/4419 2607/4854/4420
f 2600/4844/4411 2601/4843/4413 2609/4855/4421 2608/4856/4419
f 2601/4843/4413 2602/4845/4414 2610/4857/4422 2609/4855/4421
f 2602/4847/4414 2603/4846/4415 2611/4858/4423 2610/4859/4422
f 2603/4846/4415 2604/4848/4416 2612/4860/4424 2611/4858/4423
f 2604/4850/4416 2605/4849/4417 2613/4861/4425 2612/4862/4424
f 2605/4849/4417 2606/4851/4418 2614/4863/4426 2613/4861/4425
f 2606/4852/4418 2599/4842/4412 2607/4854/4420 2614/4864/4426
f 2607/4854/4420 2608/4853/4419 2616/4865/4427 2615/4866/4428
f 2608/4856/4419 2609/4855/4421 2617/4867/4429 2616/4868/4427
f 2609/4855/4421 2610/4857/4422 2618/4869/4430 2617/4867/4429
f 2610/4859/4422 2611/4858/4423 2619/4870/4431 2618/4871/4430
f 2611/4858/4423 2612/4860/4424 2620/4872/4432 2619/4870/4431
f 2612/4862/4424 2613/4861/4425 2621/4873/4433 2620/4874/4432
f 2613/4861/4425 2614/4863/4426 2622/4875/4434 2621/4873/4433
f 2614/4864/4426 2607/4854/4420 2615/4866/4428 2622/4876/4434
f 2615/4866/4428 2616/4865/4427 2624/4877/4435 2623/4878/4436
f 2616/4868/4427 2617/4867/4429 2625/4879/4437 2624/4880/4435
f 2617/4867/4429 2618/4869/4430 2626/4881/4438 2625/4879/4437
f 2618/4871/4430 2619/4870/4431 2627/4882/4439 2626/4883/4438
f 2619/4870/4431 2620/4872/4432 2628/4884/4440 2627/4882/4439
f 2620/4874/4432 2621/4873/4433 2629/4885/4441 2628/4886/4440
f 2621/4873/4433 2622/4875/4434 2630/4887/4442 2629/4885/4441
f 2622/4876/4434 2615/4866/4428 2623/4878/4436 2630/4888/4442
f 2623/4878/4436 2624/4877/4435 2632/4889/4443 2631/4890/4444
f 2624/4891/4435 2625/4892/4437 2633/4893/4445 2632/4894/4443
f 2625/4892/4437 2626/4895/4438 2634/4896/4446 2633/4893/4445
f 2626/4883/4438 2627/4882/4439 2635/4897/4447 2634/4898/4446
f 2627/4882/4439 2628/4884/4440 2636/4899/4448 2635/4897/4447
f 2628/4900/4440 2629/4901/4441 2637/4902/4449 2636/4903/4448
f 2629/4901/4441 2630/4904/4442 2638/4905/4450 2637/4902/4449
f 2630/4888/4442 2623/4878/4436 2631/4890/4444 2638/4906/4450
f 2631/4890/4444 2632/4889/4443 2640/4907/4451 2639/4908/4452
f 2632/4894/4443 2633/4893/4445 2641/4909/4453 2640/4910/4451
f 2633/4893/4445 2634/4896/4446 2642/4911/4454 2641/4909/4453
f 2634/4898/4446 2635/4897/4447 2643/4912/4455 2642/4913/4454
f 2635/4897/4447 2636/4899/4448 2644/4914/4456 2643/4912/4455
f 2636/4903/4448 2637/4902/4449 2645/4915/4457 2644/4916/4456
f 2637/4902/4449 2638/4905/4450 2646/4917/4458 2645/4915/4457
f 2638/4906/4450 2631/4890/4444 2639/4908/4452 2646/4918/4458
f 2639/4908/4452 2640/4907/4451 2648/4919/4459 2647/4920/4460
f 2640/4910/4451 2641/4909/4453 2649/4921/4461 2648/4922/4459
f 2641/4909/4453 2642/4911/4454 2650/4923/4462 2649/4921/4461
f 2642/4913/4454 2643/4912/4455 2651/4924/4463 2650/4925/4462
f 2643/4912/4455 2644/4914/4456 2652/4926/4464 2651/4924/4463
f 2644/4916/4456 2645/4915/4457 2653/4927/4465 2652/4928/4464
f 2645/4915/4457 2646/4917/4458 2654/4929/4466 2653/4927/4465
f 2646/4918/4458 2639/4908/4452 2647/4920/4460 2654/4930/4466
f 2647/4920/4460 2648/4919/4459 2656/4931/4467 2655/4932/4468
f 2648/4922/4459 2649/4921/4461 2657/4933/4469 2656/4934/4467
f 2649/4921/4461 2650/4923/4462 2658/4935/4470 2657/4933/4469
f 2650/4925/4462 2651/4924/4463 2659/4936/4471 2658/4937/4470
f 2651/4924/4463 2652/4926/4464 2660/4938/4472 2659/4936/4471
f 2652/4928/4464 2653/4927/4465 2661/4939/4473 2660/4940/4472
f 2653/4927/4465 2654/4929/4466 2662/4941/4474 2661/4939/4473
f 2654/4930/4466 2647/4920/4460 2655/4932/4468 2662/4942/4474
f 2655/4932/4468 2656/4931/4467 2664/4943/4475 2663/4944/4476
f 2656/4934/4467 2657/4933/4469 2665/4945/4477 2664/4946/4475
f 2657/4933/4469 2658/4935/4470 2666/4947/4478 2665/4945/4477
f 2658/4937/4470 2659/4936/4471 2667/4948/4479 2666/4949/4478
f 2659/4936/4471 2660/4938/4472 2668/4950/4480 2667/4948/4479
f 2660/4940/4472 2661/4939/4473 2669/4951/4481 2668/4952/4480
f 2661/4939/4473 2662/4941/4474 2670/4953/4482 2669/4951/4481
f 2662/4942/4474 2655/4932/4468 2663/4944/4476 2670/4954/4482
f 2663/4944/4476 2664/4943/4475 2672/4955/4483 2671/4956/4484
f 2664/4946/4475 2665/4945/4477 2673/4957/4485 2672/4958/4483
f 2665/4945/4477 2666/4947/4478 2674/4959/4486 2673/4957/4485
f 2666/4949/4478 2667/4948/4479 2675/4960/4487 2674/4961/4486
f 2667/4948/4479 2668/4950/4480 2676/4962/4488 2675/4960/4487
f 2668/4952/4480 2669/4951/4481 2677/4963/4489 2676/4964/4488
f 2669/4951/4481 2670/4953/4482 2678/4965/4490 2677/4963/4489
f 2670/4954/4482 2663/4944/4476 2671/4956/4484 2678/4966/4490
f 2671/4956/4484 2672/4955/4483 2680/4967/4491 2679/4968/4492
f 2672/4958/4483 2673/4957/4485 2681/4969/4493 2680/4970/4491
f 2673/4957/4485 2674/4959/4486 2682/4971/4494 2681/4969/4493
f 2674/4961/4486 2675/4960/4487 2683/4972/4495 2682/4973/4494
f 2675/4960/4487 2676/4962/4488 2684/4974/4496 2683/4972/4495
f 2676/4964/4488 2677/4963/4489 2685/4975/4497 2684/4976/4496
f 2677/4963/4489 2678/4965/4490 2686/4977/4498 2685/4975/4497
f 2678/4966/4490 2671/4956/4484 2679/4968/4492 2686/4978/4498
f 2679/4968/4492 2680/4967/4491 2688/4979/4499 2687/4980/4500
f 2680/4970/4491 2681/4969/4493 2689/4981/4501 2688/4982/4499
f 2681/4969/4493 2682/4971/4494 2690/4983/4502 2689/4981/4501
f 2682/4973/4494 2683/4972/4495 2691/4984/4503 2690/4985/4502
f 2683/4972/4495 2684/4974/4496 2692/4986/4504 2691/4984/4503
f 2684/4976/4496 2685/4975/4497 2693/4987/4505 2692/4988/4504
f 2685/4975/4497 2686/4977/4498 2694/4989/4506 2693/4987/4505
f 2686/4978/4498 2679/4968/4492 2687/4980/4500 2694/4990/4506
f 2687/4980/4500 2688/4979/4499 2696/4991/4507 2695/4992/4508
f 2688/4982/4499 2689/4981/4501 2697/4993/4509 2696/4994/4507
f 2689/4981/4501 2690/4983/4502 2698/4995/4510 2697/4993/4509
f 2690/4985/4502 2691/4984/4503 2699/4996/4511 2698/4997/4510
f 2691/4984/4503 2692/4986/4504 2700/4998/4512 2699/4996/4511
f 2692/4988/4504 2693/4987/4505 2701/4999/4513 2700/5000/4512
f 2693/4987/4505 2694/4989/4506 2702/5001/4514 2701/4999/4513
f 2694/4990/4506 2687/4980/4500 2695/4992/4508 2702/5002/4514
f 2695/4992/4508 2696/4991/4507 2704/5003/4515 2703/5004/4516
f 2696/4994/4507 2697/4993/4509 2705/5005/4517 2704/5006/4515
f 2697/4993/4509 2698/4995/4510 2706/5007/4518 2705/5005/4517
f 2698/4997/4510 2699/4996/4511 2707/5008/4519 2706/5009/4518
f 2699/4996/4511 2700/4998/4512 2708/5010/4520 2707/5008/4519
f 2700/5000/4512 2701/4999/4513 2709/5011/4521 2708/5012/4520
f 2701/4999/4513 2702/5001/4514 2710/5013/4522 2709/5011/4521
f 2702/5002/4514 2695/4992/4508 2703/5004/4516 2710/5014/4522
f 2703/5004/4516 2704/5003/4515 2712/5015/4523 2711/5016/4524
f 2704/5006/4515 2705/5005/4517 2713/5017/4525 2712/5018/4523
f 2705/5005/4517 2706/5007/4518 2714/5019/4526 2713/5017/4525
f 2706/5009/4518 2707/5008/4519 2715/5020/4527 2714/5021/4526
f 2707/5008/4519 2708/5010/4520 2716/5022/4528 2715/5020/4527
f 2708/5012/4520 2709/5011/4521 2717/5023/4529 2716/5024/4528
f 2709/5011/4521 2710/5013/4522 2718/5025/4530 2717/5023/4529
f 2710/5014/4522 2703/5004/4516 2711/5016/4524 2718/5026/4530
f 2711/5016/4524 2712/5015/4523 2720/5027/4531 2719/5028/4532
f 2712/5018/4523 2713/5017/4525 2721/5029/4533 2720/5030/4531
f 2713/5017/4525 2714/5019/4526 2722/5031/4534 2721/5029/4533
f 2714/5021/4526 2715/5020/4527 2723/5032/4535 2722/5033/4534
f 2715/5020/4527 2716/5022/4528 2724/5034/4536 2723/5032/4535
f 2716/5024/4528 2717/5023/4529 2725/5035/4537 2724/5036/4536
f 2717/5023/4529 2718/5025/4530 2726/5037/4538 2725/5035/4537
f 2718/5026/4530 2711/5016/4524 2719/5028/4532 2726/5038/4538
f 2719/5028/4532 2720/5027/4531 2728/5039/4539 2727/5040/4540
f 2720/5030/4531 2721/5029/4533 2729/5041/4541 2728/5042/4539
f 2721/5029/4533 2722/5031/4534 2730/5043/4542 2729/5041/4541
f 2722/5033/4534 2723/5032/4535 2731/5044/4543 2730/5045/4542
f 2723/5032/4535 2724/5034/4536 2732/5046/4544 2731/5044/4543
f 2724/5036/4536 2725/5035/4537 2733/5047/4545 2732/5048/4544
f 2725/5035/4537 2726/5037/4538 2734/5049/4546 2733/5047/4545
f 2726/5038/4538 2719/5028/4532 2727/5040/4540 2734/5050/4546
f 2727/5040/4540 2728/5039/4539 2736/5051/4547 2735/5052/4548
f 2728/5042/4539 2729/5041/4541 2737/5053/4549 2736/5054/4547
f 2729/5041/4541 2730/5043/4542 2738/5055/4550 2737/5053/4549
f 2730/5045/4542 2731/5044/4543 2739/5056/4551 2738/5057/4550
f 2731/5044/4543 2732/5046/4544 2740/5058/4552 2739/5056/4551
f 2732/5048/4544 2733/5047/4545 2741/5059/4553 2740/5060/4552
f 2733/5047/4545 2734/5049/4546 2742/5061/4554 2741/5059/4553
f 2734/5050/4546 2727/5040/4540 2735/5052/4548 2742/5062/4554
f 2735/5052/4548 2736/5051/4547 2744/5063/4555 2743/5064/4556
f 2736/5054/4547 2737/5053/4549 2745/5065/4557 2744/5066/4555
f 2737/5053/4549 2738/5055/4550 2746/5067/4558 2745/5065/4557
f 2738/5057/4550 2739/5056/4551 2747/5068/4559 2746/5069/4558
f 2739/5056/4551 2740/5058/4552 2748/5070/4560 2747/5068/4559
f 2740/5060/4552 2741/5059/4553 2749/5071/4561 2748/5072/4560
f 2741/5059/4553 2742/5061/4554 2750/5073/4562 2749/5071/4561
f 2742/5062/4554 2735/5052/4548 2743/5064/4556 2750/5074/4562
f 2743/5064/4556 2744/5063/4555 2752/5075/4563 2751/5076/4564
f 2744/5066/4555 2745/5065/4557 2753/5077/4565 2752/5078/4563
f 2745/5065/4557 2746/5067/4558 2754/5079/4566 2753/5077/4565
f 2746/5069/4558 2747/5068/4559 2755/5080/4567 2754/5081/4566
f 2747/5068/4559 2748/5070/4560 2756/5082/4568 2755/5080/4567
f 2748/5072/4560 2749/5071/4561 2757/5083/4569 2756/5084/4568
f 2749/5071/4561 2750/5073/4562 2758/5085/4570 2757/5083/4569
f 2750/5074/4562 2743/5064/4556 2751/5076/4564 2758/5086/4570
f 2751/5076/4564 2752/5075/4563 2760/5087/4571 2759/5088/4572
f 2752/5078/4563 2753/5077/4565 2761/5089/4573 2760/5090/4571
f 2753/5077/4565 2754/5079/4566 2762/5091/4574 2761/5089/4573
f 2754/5081/4566 2755/5080/4567 2763/5092/4575 2762/5093/4574
f 2755/5080/4567 2756/5082/4568 2764/5094/4576 2763/5092/4575
f 2756/5084/4568 2757/5083/4569 2765/5095/4577 2764/5096/4576
f 2757/5083/4569 2758/5085/4570 2766/5097/4578 2765/5095/4577
f 2758/5086/4570 2751/5076/4564 2759/5088/4572 2766/5098/4578
f 2759/5088/4572 2760/5087/4571 2768/5099/4579 2767/5100/4580
f 2760/5090/4571 2761/5089/4573 2769/5101/4581 2768/5102/4579
f 2761/5089/4573 2762/5091/4574 2770/5103/4582 2769/5101/4581
f 2762/5093/4574 2763/5092/4575 2771/5104/4583 2770/5105/4582
f 2763/5092/4575 2764/5094/4576 2772/5106/4584 2771/5104/4583
f 2764/5096/4576 2765/5095/4577 2773/5107/4585 2772/5108/4584
f 2765/5095/4577 2766/5097/4578 2774/5109/4586 2773/5107/4585
f 2766/5098/4578 2759/5088/4572 2767/5100/4580 2774/5110/4586
f 2767/5100/4580 2768/5099/4579 2776/5111/4587 2775/5112/4588
f 2768/5102/4579 2769/5101/4581 2777/5113/4589 2776/5114/4587
f 2769/5101/4581 2770/5103/4582 2778/5115/4590 2777/5113/4589
f 2770/5105/4582 2771/5104/4583 2779/5116/4591 2778/5117/4590
f 2771/5104/4583 2772/5106/4584 2780/5118/4592 2779/5116/4591
f 2772/5108/4584 2773/5107/4585 2781/5119/4593 2780/5120/4592
f 2773/5107/4585 2774/5109/4586 2782/5121/4594 2781/5119/4593
f 2774/5110/4586 2767/5100/4580 2775/5112/4588 2782/5122/4594
f 2775/5112/4588 2776/5111/4587 2784/5123/4595 2783/5124/4596
f 2776/5114/4587 2777/5113/4589 2785/5125/4597 2784/5126/4595
f 2777/5113/4589 2778/5115/4590 2786/5127/4598 2785/5125/4597
f 2778/5117/4590 2779/5116/4591 2787/5128/4599 2786/5129/4598
f 2779/5116/4591 2780/5118/4592 2788/5130/4600 2787/5128/4599
f 2780/5120/4592 2781/5119/4593 2789/5131/4601 2788/5132/4600
f 2781/5119/4593 2782/5121/4594 2790/5133/4602 2789/5131/4601
f 2782/5122/4594 2775/5112/4588 2783/5124/4596 2790/5134/4602
f 2783/5124/4596 2784/5123/4595 2792/5135/4603 2791/5136/4604
f 2784/5126/4595 2785/5125/4597 2793/5137/4605 2792/5138/4603
f 2785/5125/4597 2786/5127/4598 2794/5139/4606 2793/5137/4605
f 2786/5129/4598 2787/5128/4599 2795/5140/4607 2794/5141/4606
f 2787/5128/4599 2788/5130/4600 2796/5142/4608 2795/5140/4607
f 2788/5132/4600 2789/5131/4601 2797/5143/4609 2796/5144/4608
f 2789/5131/4601 2790/5133/4602 2798/5145/4610 2797/5143/4609
f 2790/5134/4602 2783/5124/4596 2791/5136/4604 2798/5146/4610
f 2791/5136/4604 2792/5135/4603 2800/5147/4611 2799/5148/4612
f 2792/5138/4603 2793/5137/4605 2801/5149/4613 2800/5150/4611
f 2793/5137/4605 2794/5139/4606 2802/5151/4614 2801/5149/4613
f 2794/5141/4606 2795/5140/4607 2803/5152/4615 2802/5153/4614
f 2795/5140/4607 2796/5142/4608 2804/5154/4616 2803/5152/4615
f 2796/5144/4608 2797/5143/4609 2805/5155/4617 2804/5156/4616
f 2797/5143/4609 2798/5145/4610 2806/5157/4618 2805/5155/4617
f 2798/5146/4610 2791/5136/4604 2799/5148/4612 2806/5158/4618
f 2799/5148/4612 2800/5147/4611 2808/5159/4619 2807/5160/4620
f 2800/5161/4611 2801/5162/4613 2809/5163/4621 2808/5164/4619
f 2801/5162/4613 2802/5165/4614 2810/5166/4622 2809/5163/4621
f 2802/5153/4614 2803/5152/4615 2811/5167/4623 2810/5168/4622
f 2803/5152/4615 2804/5154/4616 2812/5169/4624 2811/5167/4623
f 2804/5170/4616 2805/5171/4617 2813/5172/4625 2812/5173/4624
f 2805/5171/4617 2806/5174/4618 2814/5175/4626 2813/5172/4625
f 2806/5158/4618 2799/5148/4612 2807/5160/4620 2814/5176/4626
f 2807/5160/4620 2808/5159/4619 2816/5177/4627 2815/5178/4628
f 2808/5164/4619 2809/5163/4621 2817/5179/4629 2816/5180/4627
f 2809/5163/4621 2810/5166/4622 2818/5181/4630 2817/5179/4629
f 2810/5168/4622 2811/5167/4623 2819/5182/4631 2818/5183/4630
f 2811/5167/4623 2812/5169/4624 2820/5184/4632 2819/5182/4631
f 2812/5173/4624 2813/5172/4625 2821/5185/4633 2820/5186/4632
f 2813/5172/4625 2814/5175/4626 2822/5187/4634 2821/5185/4633
f 2814/5176/4626 2807/5160/4620 2815/5178/4628 2822/5188/4634
f 2815/5178/4628 2816/5177/4627 2824/5189/4635 2823/5190/4636
f 2816/5180/4627 2817/5179/4629 2825/5191/4637 2824/5192/4635
f 2817/5179/4629 2818/5181/4630 2826/5193/4638 2825/5191/4637
f 2818/5183/4630 2819/5182/4631 2827/5194/4639 2826/5195/4638
f 2819/5182/4631 2820/5184/4632 2828/5196/4640 2827/5194/4639
f 2820/5186/4632 2821/5185/4633 2829/5197/4641 2828/5198/4640
f 2821/5185/4633 2822/5187/4634 2830/5199/4642 2829/5197/4641
f 2822/5188/4634 2815/5178/4628 2823/5190/4636 2830/5200/4642
f 2823/5190/4636 2824/5189/4635 2832/5201/4643 2831/5202/4644
f 2824/5192/4635 2825/5191/4637 2833/5203/4645 2832/5204/4643
f 2825/5191/4637 2826/5193/4638 2834/5205/4646 2833/5203/4645
f 2826/5195/4638 2827/5194/4639 2835/5206/4647 2834/5207/4646
f 2827/5194/4639 2828/5196/4640 2836/5208/4648 2835/5206/4647
f 2828/5198/4640 2829/5197/4641 2837/5209/4649 2836/5210/4648
f 2829/5197/4641 2830/5199/4642 2838/5211/4650 2837/5209/4649
f 2830/5200/4642 2823/5190/4636 2831/5202/4644 2838/5212/4650
f 2831/5202/4644 2832/5201/4643 2840/5213/4651 2839/5214/4652
f 2832/5204/4643 2833/5203/4645 2841/5215/4653 2840/5216/4651
f 2833/5203/4645 2834/5205/4646 2842/5217/4654 2841/5215/4653
f 2834/5207/4646 2835/5206/4647 2843/5218/4655 2842/5219/4654
f 2835/5206/4647 2836/5208/4648 2844/5220/4656 2843/5218/4655
f 2836/5210/4648 2837/5209/4649 2845/5221/4657 2844/5222/4656
f 2837/5209/4649 2838/5211/4650 2846/5223/4658 2845/5221/4657
f 2838/5212/4650 2831/5202/4644 2839/5214/4652 2846/5224/4658
f 2839/5214/4652 2840/5213/4651 2848/5225/4659 2847/5226/4660
f 2840/5216/4651 2841/5215/4653 2849/5227/4661 2848/5228/4659
f 2841/5215/4653 2842/5217/4654 2850/5229/4662 2849/5227/4661
f 2842/5219/4654 2843/5218/4655 2851/5230/4663 2850/5231/4662
f 2843/5218/4655 2844/5220/4656 2852/5232/4664 2851/5230/4663
f 2844/5222/4656 2845/5221/4657 2853/5233/4665 2852/5234/4664
f 2845/5221/4657 2846/5223/4658 2854/5235/4666 2853/5233/4665
f 2846/5224/4658 2839/5214/4652 2847/5226/4660 2854/5236/4666
f 2847/5226/4660 2848/5225/4659 2856/5237/4667 2855/5238/4668
f 2848/5228/4659 2849/5227/4661 2857/5239/4669 2856/5240/4667
f 2849/5227/4661 2850/5229/4662 2858/5241/4670 2857/5239/4669
f 2850/5231/4662 2851/5230/4663 2859/5242/4671 2858/5243/4670
f 2851/5230/4663 2852/5232/4664 2860/5244/4672 2859/5242/4671
f 2852/5234/4664 2853/5233/4665 2861/5245/4673 2860/5246/4672
f 2853/5233/4665 2854/5235/4666 2862/5247/4674 2861/5245/4673
f 2854/5236/4666 2847/5226/4660 2855/5238/4668 2862/5248/4674
f 2855/5238/4668 2856/5237/4667 2864/5249/4675 2863/5250/4676
f 2856/5240/4667 2857/5239/4669 2865/5251/4677 2864/5252/4675
f 2857/5239/4669 2858/5241/4670 2866/5253/4678 2865/5251/4677
f 2858/5243/4670 2859/5242/4671 2867/5254/4679 2866/5255/4678
f 2859/5242/4671 2860/5244/4672 2868/5256/4680 2867/5254/4679
f 2860/5246/4672 2861/5245/4673 2869/5257/4681 2868/5258/4680
f 2861/5245/4673 2862/5247/4674 2870/5259/4682 2869/5257/4681
f 2862/5248/4674 2855/5238/4668 2863/5250/4676 2870/5260/4682
f 2863/5250/4676 2864/5249/4675 2872/5261/4683 2871/5262/4684
f 2864/5252/4675 2865/5251/4677 2873/5263/4685 2872/5264/4683
f 2865/5251/4677 2866/5253/4678 2874/5265/4686 2873/5263/4685
f 2866/5255/4678 2867/5254/4679 2875/5266/4687 2874/5267/4686
f 2867/5254/4679 2868/5256/4680 2876/5268/4688 2875/5266/4687
f 2868/5258/4680 2869/5257/4681 2877/5269/4689 2876/5270/4688
f 2869/5257/4681 2870/5259/4682 2878/5271/4690 2877/5269/4689
f 2870/5260/4682 2863/5250/4676 2871/5262/4684 2878/5272/4690
f 2871/5262/4684 2872/5261/4683 2880/5273/4691 2879/5274/4692
f 2872/5264/4683 2873/5263/4685 2881/5275/4693 2880/5276/4691
f 2873/5263/4685 2874/5265/4686 2882/5277/4694 2881/5275/4693
f 2874/5267/4686 2875/5266/4687 2883/5278/4695 2882/5279/4694
f 2875/5266/4687 2876/5268/4688 2884/5280/4696 2883/5278/4695
f 2876/5270/4688 2877/5269/4689 2885/5281/4697 2884/5282/4696
f 2877/5269/4689 2878/5271/4690 2886/5283/4698 2885/5281/4697
f 2878/5272/4690 2871/5262/4684 2879/5274/4692 2886/5284/4698
f 2879/5274/4692 2880/5273/4691 2888/5285/4699 2887/5286/4700
f 2880/5276/4691 2881/5275/4693 2889/5287/4701 2888/5288/4699
f 2881/5275/4693 2882/5277/4694 2890/5289/4702 2889/5287/4701
f 2882/5279/4694 2883/5278/4695 2891/5290/4703 2890/5291/4702
f 2883/5278/4695 2884/5280/4696 2892/5292/4704 2891/5290/4703
f 2884/5282/4696 2885/5281/4697 2893/5293/4705 2892/5294/4704
f 2885/5281/4697 2886/5283/4698 2894/5295/4706 2893/5293/4705
f 2886/5284/4698 2879/5274/4692 2887/5286/4700 2894/5296/4706
f 2887/5286/4700 2888/5285/4699 2896/5297/4707 2895/5298/4708
f 2888/5288/4699 2889/5287/4701 2897/5299/4709 2896/5300/4707
f 2889/5287/4701 2890/5289/4702 2898/5301/4710 2897/5299/4709
f 2890/5291/4702 2891/5290/4703 2899/5302/4711 2898/5303/4710
f 2891/5290/4703 2892/5292/4704 2900/5304/4712 2899/5302/4711
f 2892/5294/4704 2893/5293/4705 2901/5305/4713 2900/5306/4712
f 2893/5293/4705 2894/5295/4706 2902/5307/4714 2901/5305/4713
f 2894/5296/4706 2887/5286/4700 2895/5298/4708 2902/5308/4714
f 2895/5298/4708 2896/5297/4707 2904/5309/4715 2903/5310/4716
f 2896/5300/4707 2897/5299/4709 2905/5311/4717 2904/5312/4715
f 2897/5299/4709 2898/5301/4710 2906/5313/4718 2905/5311/4717
f 2898/5303/4710 2899/5302/4711 2907/5314/4719 2906/5315/4718
f 2899/5302/4711 2900/5304/4712 2908/5316/4720 2907/5314/4719
f 2900/5306/4712 2901/5305/4713 2909/5317/4721 2908/5318/4720
f 2901/5305/4713 2902/5307/4714 2910/5319/4722 2909/5317/4721
f 2902/5308/4714 2895/5298/4708 2903/5310/4716 2910/5320/4722
f 2903/5310/4716 2904/5309/4715 2912/5321/4723 2911/5322/4724
f 2904/5312/4715 2905/5311/4717 2913/5323/4725 2912/5324/4723
f 2905/5311/4717 2906/5313/4718 2914/5325/4726 2913/5323/4725
f 2906/5315/4718 2907/5314/4719 2915/5326/4727 2914/5327/4726
f 2907/5314/4719 2908/5316/4720 2916/5328/4728 2915/5326/4727
f 2908/5318/4720 2909/5317/4721 2917/5329/4729 2916/5330/4728
f 2909/5317/4721 2910/5319/4722 2918/5331/4730 2917/5329/4729
f 2910/5320/4722 2903/5310/4716 2911/5322/4724 2918/5332/4730
f 2911/5322/4724 2912/5321/4723 2920/5333/4731 2919/5334/4732
f 2912/5324/4723 2913/5323/4725 2921/5335/4733 2920/5336/4731
f 2913/5323/4725 2914/5325/4726 2922/5337/4734 2921/5335/4733
f 2914/5327/4726 2915/5326/4727 2923/5338/4735 2922/5339/4734
f 2915/5326/4727 2916/5328/4728 2924/5340/4736 2923/5338/4735
f 2916/5330/4728 2917/5329/4729 2925/5341/4737 2924/5342/4736
f 2917/5329/4729 2918/5331/4730 2926/5343/4738 2925/5341/4737
f 2918/5332/4730 2911/5322/4724 2919/5334/4732 2926/5344/4738
f 2919/5334/4732 2920/5333/4731 2928/5345/4739 2927/5346/4740
f 2920/5336/4731 2921/5335/4733 2929/5347/4741 2928/5348/4739
f 2921/5335/4733 2922/5337/4734 2930/5349/4742 2929/5347/4741
f 2922/5339/4734 2923/5338/4735 2931/5350/4743 2930/5351/4742
f 2923/5338/4735 2924/5340/4736 2932/5352/4744 2931/5350/4743
f 2924/5342/4736 2925/5341/4737 2933/5353/4745 2932/5354/4744
f 2925/5341/4737 2926/5343/4738 2934/5355/4746 2933/5353/4745
f 2926/5344/4738 2919/5334/4732 2927/5346/4740 2934/5356/4746
f 2927/5346/4740 2928/5345/4739 2936/5357/4747 2935/5358/4748
f 2928/5348/4739 2929/5347/4741 2937/5359/4749 2936/5360/4747
f 2929/5347/4741 2930/5349/4742 2938/5361/4750 2937/5359/4749
f 2930/5351/4742 2931/5350/4743 2939/5362/4751 2938/5363/4750
f 2931/5350/4743 2932/5352/4744 2940/5364/4752 2939/5362/4751
f 2932/5354/4744 2933/5353/4745 2941/5365/4753 2940/5366/4752
f 2933/5353/4745 2934/5355/4746 2942/5367/4754 2941/5365/4753
f 2934/5356/4746 2927/5346/4740 2935/5358/4748 2942/5368/4754
f 2935/5358/4748 2936/5357/4747 2944/5369/4755 2943/5370/4756
f 2936/5360/4747 2937/5359/4749 2945/5371/4757 2944/5372/4755
f 2937/5359/4749 2938/5361/4750 2946/5373/4758 2945/5371/4757
f 2938/5363/4750 2939/5362/4751 2947/5374/4759 2946/5375/4758
f 2939/5362/4751 2940/5364/4752 2948/5376/4760 2947/5374/4759
f 2940/5366/4752 2941/5365/4753 2949/5377/4761 2948/5378/4760
f 2941/5365/4753 2942/5367/4754 2950/5379/4762 2949/5377/4761
f 2942/5368/4754 2935/5358/4748 2943/5370/4756 2950/5380/4762
f 2943/5370/4756 2944/5369/4755 2952/5381/4763 2951/5382/4764
f 2944/5372/4755 2945/5371/4757 2953/5383/4765 2952/5384/4763
f 2945/5371/4757 2946/5373/4758 2954/5385/4766 2953/5383/4765
f 2946/5375/4758 2947/5374/4759 2955/5386/4767 2954/5387/4766
f 2947/5374/4759 2948/5376/4760 2956/5388/4768 2955/5386/4767
f 2948/5378/4760 2949/5377/4761 2957/5389/4769 2956/5390/4768
f 2949/5377/4761 2950/5379/4762 2958/5391/4770 2957/5389/4769
f 2950/5380/4762 2943/5370/4756 2951/5382/4764 2958/5392/4770
f 2951/5382/4764 2952/5381/4763 2960/5393/4771 2959/5394/4772
f 2952/5384/4763 2953/5383/4765 2961/5395/4773 2960/5396/4771
f 2953/5383/4765 2954/5385/4766 2962/5397/4774 2961/5395/4773
f 2954/5387/4766 2955/5386/4767 2963/5398/4775 2962/5399/4774
f 2955/5386/4767 2956/5388/4768 2964/5400/4776 2963/5398/4775
f 2956/5390/4768 2957/5389/4769 2965/5401/4777 2964/5402/4776
f 2957/5389/4769 2958/5391/4770 2966/5403/4778 2965/5401/4777
f 2958/5392/4770 2951/5382/4764 2959/5394/4772 2966/5404/4778
f 2959/5394/4772 2960/5393/4771 2968/5405/4779 2967/5406/4780
f 2960/5396/4771 2961/5395/4773 2969/5407/4781 2968/5408/4779
f 2961/5395/4773 2962/5397/4774 2970/5409/4782 2969/5407/4781
f 2962/5399/4774 2963/5398/4775 2971/5410/4783 2970/5411/4782
f 2963/5398/4775 2964/5400/4776 2972/5412/4784 2971/5410/4783
f 2964/5402/4776 2965/5401/4777 2973/5413/4785 2972/5414/4784
f 2965/5401/4777 2966/5403/4778 2974/5415/4786 2973/5413/4785
f 2966/5404/4778 2959/5394/4772 2967/5406/4780 2974/5416/4786
f 2967/5406/4780 2968/5405/4779 2976/5417/4787 2975/5418/4788
f 2968/5408/4779 2969/5407/4781 2977/5419/4789 2976/5420/4787
f 2969/5407/4781 2970/5409/4782 2978/5421/4790 2977/5419/4789
f 2970/5411/4782 2971/5410/4783 2979/5422/4791 2978/5423/4790
f 2971/5410/4783 2972/5412/4784 2980/5424/4792 2979/5422/4791
f 2972/5414/4784 2973/5413/4785 2981/5425/4793 2980/5426/4792
f 2973/5413/4785 2974/5415/4786 2982/5427/4794 2981/5425/4793
f 2974/5416/4786 2967/5406/4780 2975/5418/4788 2982/5428/4794
f 2975/5418/4788 2976/5417/4787 2984/5429/4795 2983/5430/4796
f 2976/5420/4787 2977/5419/4789 2985/5431/4797 2984/5432/4795
f 2977/5419/4789 2978/5421/4790 2986/5433/4798 2985/5431/4797
f 2978/5423/4790 2979/5422/4791 2987/5434/4799 2986/5435/4798
f 2979/5422/4791 2980/5424/4792 2988/5436/4800 2987/5434/4799
f 2980/5426/4792 2981/5425/4793 2989/5437/4801 2988/5438/4800
f 2981/5425/4793 2982/5427/4794 2990/5439/4802 2989/5437/4801
f 2982/5428/4794 2975/5418/4788 2983/5430/4796 2990/5440/4802
f 2983/5430/4796 2984/5429/4795 2992/5441/4803 2991/5442/4804
f 2984/5432/4795 2985/5431/4797 2993/5443/4805 2992/5444/4803
f 2985/5431/4797 2986/5433/4798 2994/5445/4806 2993/5443/4805
f 2986/5435/4798 2987/5434/4799 2995/5446/4807 2994/5447/4806
f 2987/5434/4799 2988/5436/4800 2996/5448/4808 2995/5446/4807
f 2988/5438/4800 2989/5437/4801 2997/5449/4809 2996/5450/4808
f 2989/5437/4801 2990/5439/4802 2998/5451/4810 2997/5449/4809
f 2990/5440/4802 2983/5430/4796 2991/5442/4804 2998/5452/4810
f 2991/5442/4804 2992/5441/4803 3000/5453/4811 2999/5454/4812
f 2992/5444/4803 2993/5443/4805 3001/5455/4813 3000/5456/4811
f 2993/5443/4805 2994/5445/4806 3002/5457/4814 3001/5455/4813
f 2994/5447/4806 2995/5446/4807 3003/5458/4815 3002/5459/4814
f 2995/5446/4807 2996/5448/4808 3004/5460/4816 3003/5458/4815
f 2996/5450/4808 2997/5449/4809 3005/5461/4817 3004/5462/4816
f 2997/5449/4809 2998/5451/4810 3006/5463/4818 3005/5461/4817
f 2998/5452/4810 2991/5442/4804 2999/5454/4812 3006/5464/4818
f 2999/5454/4812 3000/5453/4811 3008/5465/4819 3007/5466/4820
f 3000/5456/4811 3001/5455/4813 3009/5467/4821 3008/5468/4819
f 3001/5455/4813 3002/5457/4814 3010/5469/4822 3009/5467/4821
f 3002/5459/4814 3003/5458/4815 3011/5470/4823 3010/5471/4822
f 3003/5458/4815 3004/5460/4816 3012/5472/4824 3011/5470/4823
f 3004/5462/4816 3005/5461/4817 3013/5473/4825 3012/5474/4824
f 3005/5461/4817 3006/5463/4818 3014/5475/4826 3013/5473/4825
f 3006/5464/4818 2999/5454/4812 3007/5466/4820 3014/5476/4826
f 3007/5466/4820 3008/5465/4819 3016/5477/4827 3015/5478/4828
f 3008/5468/4819 3009/5467/4821 3017/5479/4829 3016/5480/4827
f 3009/5467/4821 3010/5469/4822 3018/5481/4830 3017/5479/4829
f 3010/5471/4822 3011/5470/4823 3019/5482/4831 3018/5483/4830
f 3011/5470/4823 3012/5472/4824 3020/5484/4832 3019/5482/4831
f 3012/5474/4824 3013/5473/4825 3021/5485/4833 3020/5486/4832
f 3013/5473/4825 3014/5475/4826 3022/5487/4834 3021/5485/4833
f 3014/5476/4826 3007/5466/4820 3015/5478/4828 3022/5488/4834
f 3015/5478/4828 3016/5477/4827 3024/5489/4835 3023/5490/4836
f 3016/5480/4827 3017/5479/4829 3025/5491/4837 3024/5492/4835
f 3017/5479/4829 3018/5481/4830 3026/5493/4838 3025/5491/4837
f 3018/5483/4830 3019/5482/4831 3027/5494/4839 3026/5495/4838
f 3019/5482/4831 3020/5484/4832 3028/5496/4840 3027/5494/4839
f 3020/5486/4832 3021/5485/4833 3029/5497/4841 3028/5498/4840
f 3021/5485/4833 3022/5487/4834 3030/5499/4842 3029/5497/4841
f 3022/5488/4834 3015/5478/4828 3023/5490/4836 3030/5500/4842
f 3023/5490/4836 3024/5489/4835 3032/5501/4843 3031/5502/4844
f 3024/5492/4835 3025/5491/4837 3033/5503/4845 3032/5504/4843
f 3025/5491/4837 3026/5493/4838 3034/5505/4846 3033/5503/4845
f 3026/5495/4838 3027/5494/4839 3035/5506/4847 3034/5507/4846
f 3027/5494/4839 3028/5496/4840 3036/5508/4848 3035/5506/4847
f 3028/5498/4840 3029/5497/4841 3037/5509/4849 3036/5510/4848
f 3029/5497/4841 3030/5499/4842 3038/5511/4850 3037/5509/4849
f 3030/5500/4842 3023/5490/4836 3031/5502/4844 3038/5512/4850
f 3031/5502/4844 3032/5501/4843 3040/5513/4851 3039/5514/4852
f 3032/5504/4843 3033/5503/4845 3041/5515/4853 3040/5516/4851
f 3033/5503/4845 3034/5505/4846 3042/5517/4854 3041/5515/4853
f 3034/5507/4846 3035/5506/4847 3043/5518/4855 3042/5519/4854
f 3035/5506/4847 3036/5508/4848 3044/5520/4856 3043/5518/4855
f 3036/5510/4848 3037/5509/4849 3045/5521/4857 3044/5522/4856
f 3037/5509/4849 3038/5511/4850 3046/5523/4858 3045/5521/4857
f 3038/5512/4850 3031/5502/4844 3039/5514/4852 3046/5524/4858
f 3039/5514/4852 3040/5513/4851 3048/5525/4859 3047/5526/4860
f 3040/5516/4851 3041/5515/4853 3049/5527/4861 3048/5528/4859
f 3041/5515/4853 3042/5517/4854 3050/5529/4862 3049/5527/4861
f 3042/5519/4854 3043/5518/4855 3051/5530/4863 3050/5531/4862
f 3043/5518/4855 3044/5520/4856 3052/5532/4864 3051/5530/4863
f 3044/5522/4856 3045/5521/4857 3053/5533/4865 3052/5534/4864
f 3045/5521/4857 3046/5523/4858 3054/5535/4866 3053/5533/4865
f 3046/5524/4858 3039/5514/4852 3047/5526/4860 3054/5536/4866
f 3047/5526/4860 3048/5525/4859 3056/5537/4867 3055/5538/4868
f 3048/5528/4859 3049/5527/4861 3057/5539/4869 3056/5540/4867
f 3049/5527/4861 3050/5529/4862 3058/5541/4870 3057/5539/4869
f 3050/5531/4862 3051/5530/4863 3059/5542/4871 3058/5543/4870
f 3051/5530/4863 3052/5532/4864 3060/5544/4872 3059/5542/4871
f 3052/5534/4864 3053/5533/4865 3061/5545/4873 3060/5546/4872
f 3053/5533/4865 3054/5535/4866 3062/5547/4874 3061/5545/4873
f 3054/5536/4866 3047/5526/4860 3055/5538/4868 3062/5548/4874
f 3055/5538/4868 3056/5537/4867 3064/5549/4875 3063/5550/4876
f 3056/5540/4867 3057/5539/4869 3065/5551/4877 3064/5552/4875
f 3057/5539/4869 3058/5541/4870 3066/5553/4878 3065/5551/4877
f 3058/5543/4870 3059/5542/4871 3067/5554/4879 3066/5555/4878
f 3059/5542/4871 3060/5544/4872 3068/5556/4880 3067/5554/4879
f 3060/5546/4872 3061/5545/4873 3069/5557/4881 3068/5558/4880
f 3061/5545/4873 3062/5547/4874 3070/5559/4882 3069/5557/4881
f 3062/5548/4874 3055/5538/4868 3063/5550/4876 3070/5560/4882
f 3063/5550/4876 3064/5549/4875 3072/5561/4883 3071/5562/4884
f 3064/5552/4875 3065/5551/4877 3073/5563/4885 3072/5564/4883
f 3065/5551/4877 3066/5553/4878 3074/5565/4886 3073/5563/4885
f 3066/5555/4878 3067/5554/4879 3075/5566/4887 3074/5567/4886
f 3067/5554/4879 3068/5556/4880 3076/5568/4888 3075/5566/4887
f 3068/5558/4880 3069/5557/4881 3077/5569/4889 3076/5570/4888
f 3069/5557/4881 3070/5559/4882 3078/5571/4890 3077/5569/4889
f 3070/5560/4882 3063/5550/4876 3071/5562/4884 3078/5572/4890
f 3071/5562/4884 3072/5561/4883 3080/5573/4891 3079/5574/4892
f 3072/5564/4883 3073/5563/4885 3081/5575/4893 3080/5576/4891
f 3073/5563/4885 3074/5565/4886 3082/5577/4894 3081/5575/4893
f 3074/5567/4886 3075/5566/4887 3083/5578/4895 3082/5579/4894
f 3075/5566/4887 3076/5568/4888 3084/5580/4896 3083/5578/4895
f 3076/5570/4888 3077/5569/4889 3085/5581/4897 3084/5582/4896
f 3077/5569/4889 3078/5571/4890 3086/5583/4898 3085/5581/4897
f 3078/5572/4890 3071/5562/4884 3079/5574/4892 3086/5584/4898
f 3079/5574/4892 3080/5573/4891 3088/5585/4899 3087/5586/4900
f 3080/5576/4891 3081/5575/4893 3089/5587/4901 3088/5588/4899
f 3081/5575/4893 3082/5577/4894 3090/5589/4902 3089/5587/4901
f 3082/5579/4894 3083/5578/4895 3091/5590/4903 3090/5591/4902
f 3083/5578/4895 3084/5580/4896 3092/5592/4904 3091/5590/4903
f 3084/5582/4896 3085/5581/4897 3093/5593/4905 3092/5594/4904
f 3085/5581/4897 3086/5583/4898 3094/5595/4906 3093/5593/4905
f 3086/5584/4898 3079/5574/4892 3087/5586/4900 3094/5596/4906
f 3087/5586/4900 3088/5585/4899 3096/5597/4907 3095/5598/4908
f 3088/5599/4899 3089/5600/4901 3097/5601/4909 3096/5602/4907
f 3089/5600/4901 3090/5603/4902 3098/5604/4910 3097/5601/4909
f 3090/5591/4902 3091/5590/4903 3099/5605/4911 3098/5606/4910
f 3091/5590/4903 3092/5592/4904 3100/5607/4912 3099/5605/4911
f 3092/5608/4904 3093/5609/4905 3101/5610/4913 3100/5611/4912
f 3093/5609/4905 3094/5612/4906 3102/5613/4914 3101/5610/4913
f 3094/5596/4906 3087/5586/4900 3095/5598/4908 3102/5614/4914
f 3095/5598/4908 3096/5597/4907 3104/5615/4915 3103/5616/4916
f 3096/5602/4907 3097/5601/4909 3105/5617/4917 3104/5618/4915
f 3097/5601/4909 3098/5604/4910 3106/5619/4918 3105/5617/4917
f 3098/5606/4910 3099/5605/4911 3107/5620/4919 3106/5621/4918
f 3099/5605/4911 3100/5607/4912 3108/5622/4920 3107/5620/4919
f 3100/5611/4912 3101/5610/4913 3109/5623/4921 3108/5624/4920
f 3101/5610/4913 3102/5613/4914 3110/5625/4922 3109/5623/4921
f 3102/5614/4914 3095/5598/4908 3103/5616/4916 3110/5626/4922
f 3103/5616/4916 3104/5615/4915 3112/5627/4923 3111/5628/4924
f 3104/5618/4915 3105/5617/4917 3113/5629/4925 3112/5630/4923
f 3105/5617/4917 3106/5619/4918 3114/5631/4926 3113/5629/4925
f 3106/5621/4918 3107/5620/4919 3115/5632/4927 3114/5633/4926
f 3107/5620/4919 3108/5622/4920 3116/5634/4928 3115/5632/4927
f 3108/5624/4920 3109/5623/4921 3117/5635/4929 3116/5636/4928
f 3109/5623/4921 3110/5625/4922 3118/5637/4930 3117/5635/4929
f 3110/5626/4922 3103/5616/4916 3111/5628/4924 3118/5638/4930
f 3111/5628/4924 3112/5627/4923 3120/5639/4931 3119/5640/4932
f 3112/5630/4923 3113/5629/4925 3121/5641/4933 3120/5642/4931
f 3113/5629/4925 3114/5631/4926 3122/5643/4934 3121/5641/4933
f 3114/5633/4926 3115/5632/4927 3123/5644/4935 3122/5645/4934
f 3115/5632/4927 3116/5634/4928 3124/5646/4936 3123/5644/4935
f 3116/5636/4928 3117/5635/4929 3125/5647/4937 3124/5648/4936
f 3117/5635/4929 3118/5637/4930 3126/5649/4938 3125/5647/4937
f 3118/5638/4930 3111/5628/4924 3119/5640/4932 3126/5650/4938
f 3119/5640/4932 3120/5639/4931 3128/5651/4939 3127/5652/4940
f 3120/5642/4931 3121/5641/4933 3129/5653/4941 3128/5654/4939
f 3121/5641/4933 3122/5643/4934 3130/5655/4942 3129/5653/4941
f 3122/5645/4934 3123/5644/4935 3131/5656/4943 3130/5657/4942
f 3123/5644/4935 3124/5646/4936 3132/5658/4944 3131/5656/4943
f 3124/5648/4936 3125/5647/4937 3133/5659/4945 3132/5660/4944
f 3125/5647/4937 3126/5649/4938 3134/5661/4946 3133/5659/4945
f 3126/5650/4938 3119/5640/4932 3127/5652/4940 3134/5662/4946
f 3127/5652/4940 3128/5651/4939 3136/5663/4947 3135/5664/4948
f 3128/5654/4939 3129/5653/4941 3137/5665/4949 3136/5666/4947
f 3129/5653/4941 3130/5655/4942 3138/5667/4950 3137/5665/4949
f 3130/5657/4942 3131/5656/4943 3139/5668/4951 3138/5669/4950
f 3131/5656/4943 3132/5658/4944 3140/5670/4952 3139/5668/4951
f 3132/5660/4944 3133/5659/4945 3141/5671/4953 3140/5672/4952
f 3133/5659/4945 3134/5661/4946 3142/5673/4954 3141/5671/4953
f 3134/5662/4946 3127/5652/4940 3135/5664/4948 3142/5674/4954
f 3135/5664/4948 3136/5663/4947 3144/5675/4955 3143/5676/4956
f 3136/5666/4947 3137/5665/4949 3145/5677/4957 3144/5678/4955
f 3137/5665/4949 3138/5667/4950 3146/5679/4958 3145/5677/4957
f 3138/5669/4950 3139/5668/4951 3147/5680/4959 3146/5681/4958
f 3139/5668/4951 3140/5670/4952 3148/5682/4960 3147/5680/4959
f 3140/5672/4952 3141/5671/4953 3149/5683/4961 3148/5684/4960
f 3141/5671/4953 3142/5673/4954 3150/5685/4962 3149/5683/4961
f 3142/5674/4954 3135/5664/4948 3143/5676/4956 3150/5686/4962
f 3143/5676/4956 3144/5675/4955 3152/5687/4963 3151/5688/4964
f 3144/5678/4955 3145/5677/4957 3153/5689/4965 3152/5690/4963
f 3145/5677/4957 3146/5679/4958 3154/5691/4966 3153/5689/4965
f 3146/5681/4958 3147/5680/4959 3155/5692/4967 3154/5693/4966
f 3147/5680/4959 3148/5682/4960 3156/5694/4968 3155/5692/4967
f 3148/5684/4960 3149/5683/4961 3157/5695/4969 3156/5696/4968
f 3149/5683/4961 3150/5685/4962 3158/5697/4970 3157/5695/4969
f 3150/5686/4962 3143/5676/4956 3151/5688/4964 3158/5698/4970
f 3151/5688/4964 3152/5687/4963 3160/5699/4971 3159/5700/4972
f 3152/5690/4963 3153/5689/4965 3161/5701/4973 3160/5702/4971
f 3153/5689/4965 3154/5691/4966 3162/5703/4974 3161/5701/4973
f 3154/5693/4966 3155/5692/4967 3163/5704/4975 3162/5705/4974
f 3155/5692/4967 3156/5694/4968 3164/5706/4976 3163/5704/4975
f 3156/5696/4968 3157/5695/4969 3165/5707/4977 3164/5708/4976
f 3157/5695/4969 3158/5697/4970 3166/5709/4978 3165/5707/4977
f 3158/5698/4970 3151/5688/4964 3159/5700/4972 3166/5710/4978
f 3159/5700/4972 3160/5699/4971 3168/5711/4979 3167/5712/4980
f 3160/5702/4971 3161/5701/4973 3169/5713/4981 3168/5714/4979
f 3161/5701/4973 3162/5703/4974 3170/5715/4982 3169/5713/4981
f 3162/5705/4974 3163/5704/4975 3171/5716/4983 3170/5717/4982
f 3163/5704/4975 3164/5706/4976 3172/5718/4984 3171/5716/4983
f 3164/5708/4976 3165/5707/4977 3173/5719/4985 3172/5720/4984
f 3165/5707/4977 3166/5709/4978 3174/5721/4986 3173/5719/4985
f 3166/5710/4978 3159/5700/4972 3167/5712/4980 3174/5722/4986
g default
v 0.000000 -24.533211 -30.360447
v 0.000000 -24.653910 -30.651838
v 0.000000 -24.945299 -30.772535
v 0.000000 -25.236689 -30.651838
v 0.000000 -25.357388 -30.360447
v 0.000000 -25.236689 -30.069057
v 0.000000 -24.945299 -29.948360
v 0.000000 -24.653908 -30.069057
v -1.701200 -24.533211 -30.310362
v -1.718286 -24.653910 -30.601252
v -1.725363 -24.945299 -30.721741
v -1.718286 -25.236689 -30.601250
v -1.701200 -25.357388 -30.310362
v -1.684115 -25.236689 -30.019472
v -1.677038 -24.945299 -29.898983
v -1.684115 -24.653908 -30.019474
v -3.396636 -24.533211 -30.161591
v -3.430420 -24.653910 -30.451015
v -3.444414 -24.945299 -30.570900
v -3.430420 -25.236689 -30.451015
v -3.396636 -25.357388 -30.161591
v -3.362851 -25.236689 -29.872166
v -3.348858 -24.945299 -29.752281
v -3.362852 -24.653908 -29.872166
v -5.080847 -24.533211 -29.916424
v -5.130934 -24.653910 -30.203478
v -5.151681 -24.945299 -30.322378
v -5.130934 -25.236689 -30.203478
v -5.080847 -25.357388 -29.916424
v -5.030759 -25.236689 -29.629372
v -5.010012 -24.945299 -29.510469
v -5.030759 -24.653908 -29.629372
v -6.748662 -24.533211 -29.577171
v -6.814660 -24.653910 -29.860989
v -6.841997 -24.945299 -29.978550
v -6.814660 -25.236689 -29.860989
v -6.748662 -25.357388 -29.577171
v -6.682663 -25.236689 -29.293352
v -6.655326 -24.945299 -29.175793
v -6.682663 -24.653908 -29.293354
v -8.395139 -24.533211 -29.146093
v -8.476666 -24.653910 -29.425846
v -8.510436 -24.945299 -29.541723
v -8.476666 -25.236689 -29.425846
v -8.395139 -25.357388 -29.146093
v -8.313611 -25.236689 -28.866341
v -8.279841 -24.945299 -28.750463
v -8.313611 -24.653908 -28.866343
v -10.015498 -24.533211 -28.625376
v -10.112191 -24.653910 -28.900255
v -10.152243 -24.945299 -29.014114
v -10.112191 -25.236689 -28.900255
v -10.015498 -25.357388 -28.625376
v -9.918806 -25.236689 -28.350494
v -9.878755 -24.945299 -28.236637
v -9.918806 -24.653908 -28.350496
v -11.605060 -24.533211 -28.017092
v -11.716570 -24.653910 -28.286303
v -11.762759 -24.945299 -28.397812
v -11.716570 -25.236689 -28.286303
v -11.605060 -25.357388 -28.017092
v -11.493549 -25.236689 -27.747883
v -11.447361 -24.945299 -27.636374
v -11.493549 -24.653908 -27.747883
v -13.159170 -24.533211 -27.323223
v -13.285167 -24.653910 -27.585964
v -13.337357 -24.945299 -27.694796
v -13.285167 -25.236689 -27.585964
v -13.159170 -25.357388 -27.323223
v -13.033173 -25.236689 -27.060482
v -12.980983 -24.945299 -26.951653
v -13.033173 -24.653908 -27.060482
v -14.673141 -24.533211 -26.545660
v -14.813308 -24.653910 -26.801125
v -14.871367 -24.945299 -26.906940
v -14.813308 -25.236689 -26.801125
v -14.673141 -25.357388 -26.545660
v -14.532975 -25.236689 -26.290195
v -14.474916 -24.945299 -26.184380
v -14.532975 -24.653908 -26.290197
v -16.142193 -24.533211 -25.686243
v -16.296215 -24.653910 -25.933599
v -16.360012 -24.945299 -26.036058
v -16.296215 -25.236689 -25.933599
v -16.142193 -25.357388 -25.686243
v -15.988172 -25.236689 -25.438885
v -15.924374 -24.945299 -25.336426
v -15.988172 -24.653908 -25.438885
v -17.561405 -24.533211 -24.746807
v -17.728966 -24.653910 -24.985203
v -17.798370 -24.945299 -25.083948
v -17.728966 -25.236689 -24.985203
v -17.561405 -25.357388 -24.746807
v -17.393845 -25.236689 -24.508413
v -17.324440 -24.945299 -24.409666
v -17.393845 -24.653908 -24.508413
v -18.925680 -24.533211 -23.729250
v -19.106445 -24.653910 -23.957792
v -19.181322 -24.945299 -24.052458
v -19.106445 -25.236689 -23.957792
v -18.925680 -25.357388 -23.729250
v -18.744915 -25.236689 -23.500706
v -18.670040 -24.945299 -23.406040
v -18.744915 -24.653908 -23.500706
v -20.229733 -24.533211 -22.635593
v -20.423340 -24.653910 -22.853363
v -20.503536 -24.945299 -22.943567
v -20.423340 -25.236689 -22.853363
v -20.229733 -25.357388 -22.635593
v -20.036123 -25.236689 -22.417822
v -19.955929 -24.945299 -22.327620
v -20.036123 -24.653908 -22.417822
v -21.468079 -24.533211 -21.468079
v -21.674122 -24.653910 -21.674122
v -21.759468 -24.945299 -21.759468
v -21.674122 -25.236689 -21.674122
v -21.468079 -25.357388 -21.468079
v -21.262033 -25.236689 -21.262035
v -21.176687 -24.945299 -21.176689
v -21.262035 -24.653908 -21.262035
v -22.609270 -24.533211 -20.259298
v -22.826780 -24.653910 -20.453201
v -22.916874 -24.945299 -20.533518
v -22.826780 -25.236689 -20.453201
v -22.609270 -25.357388 -20.259298
v -22.391762 -25.236689 -20.065395
v -22.301666 -24.945299 -19.985079
v -22.391762 -24.653908 -20.065395
v -23.680052 -24.533211 -18.987711
v -23.908115 -24.653910 -19.169083
v -24.002583 -24.945299 -19.244209
v -23.908115 -25.236689 -19.169083
v -23.680052 -25.357388 -18.987711
v -23.451990 -25.236689 -18.806341
v -23.357523 -24.945299 -18.731215
v -23.451990 -24.653908 -18.806341
v -24.678328 -24.533211 -17.658430
v -24.916063 -24.653910 -17.826921
v -25.014538 -24.945299 -17.896713
v -24.916063 -25.236689 -17.826921
v -24.678328 -25.357388 -17.658430
v -24.440592 -25.236689 -17.489937
v -24.342117 -24.945299 -17.420145
v -24.440592 -24.653908 -17.489937
v -25.602200 -24.533211 -16.276392
v -25.848761 -24.653910 -16.431686
v -25.950890 -24.945299 -16.496012
v -25.848761 -25.236689 -16.431686
v -25.602200 -25.357388 -16.276392
v -25.355640 -25.236689 -16.121098
v -25.253511 -24.945299 -16.056772
v -25.355640 -24.653908 -16.121098
v -26.449898 -24.533211 -14.846362
v -26.704462 -24.653910 -14.988155
v -26.809906 -24.945299 -15.046887
v -26.704462 -25.236689 -14.988155
v -26.449898 -25.357388 -14.846362
v -26.195333 -25.236689 -14.704569
v -26.089890 -24.945299 -14.645836
v -26.195335 -24.653908 -14.704569
v -27.219709 -24.533211 -13.372939
v -27.481483 -24.653910 -13.500933
v -27.589914 -24.945299 -13.553949
v -27.481483 -25.236689 -13.500933
v -27.219709 -25.357388 -13.372939
v -26.957933 -25.236689 -13.244946
v -26.849503 -24.945299 -13.191929
v -26.957933 -24.653908 -13.244946
v -27.909760 -24.533211 -11.860966
v -28.177971 -24.653910 -11.974860
v -28.289066 -24.945299 -12.022037
v -28.177971 -25.236689 -11.974860
v -27.909760 -25.357388 -11.860966
v -27.641550 -25.236689 -11.747072
v -27.530455 -24.945299 -11.699895
v -27.641552 -24.653908 -11.747072
v -28.518776 -24.533211 -10.313703
v -28.792660 -24.653910 -10.413177
v -28.906107 -24.945299 -10.454381
v -28.792660 -25.236689 -10.413177
v -28.518776 -25.357388 -10.313703
v -28.244890 -25.236689 -10.214227
v -28.131443 -24.945299 -10.173023
v -28.244890 -24.653908 -10.214228
v -29.044453 -24.533211 -8.736602
v -29.323252 -24.653910 -8.821333
v -29.438734 -24.945299 -8.856430
v -29.323252 -25.236689 -8.821333
v -29.044453 -25.357388 -8.736602
v -28.765654 -25.236689 -8.651871
v -28.650171 -24.945299 -8.616774
v -28.765654 -24.653908 -8.651871
v -29.485033 -24.533211 -7.133645
v -29.767979 -24.653910 -7.203288
v -29.885178 -24.945299 -7.232135
v -29.767979 -25.236689 -7.203288
v -29.485033 -25.357388 -7.133645
v -29.202087 -25.236689 -7.064002
v -29.084888 -24.945299 -7.035154
v -29.202087 -24.653908 -7.064002
v -29.838503 -24.533211 -5.509258
v -30.124809 -24.653910 -5.563453
v -30.243401 -24.945299 -5.585901
v -30.124809 -25.236689 -5.563453
v -29.838503 -25.357388 -5.509258
v -29.552197 -25.236689 -5.455063
v -29.433605 -24.945299 -5.432615
v -29.552197 -24.653908 -5.455063
v -30.102770 -24.533211 -3.868004
v -30.391623 -24.653910 -3.906378
v -30.511269 -24.945299 -3.922273
v -30.391623 -25.236689 -3.906378
v -30.102770 -25.357388 -3.868004
v -29.813917 -25.236689 -3.829630
v -29.694271 -24.945299 -3.813735
v -29.813917 -24.653908 -3.829630
v -30.275688 -24.533211 -2.214638
v -30.566233 -24.653910 -2.236813
v -30.686581 -24.945299 -2.245999
v -30.566233 -25.236689 -2.236813
v -30.275688 -25.357388 -2.214638
v -29.985144 -25.236689 -2.192463
v -29.864796 -24.945299 -2.183277
v -29.985144 -24.653908 -2.192463
v -30.355131 -24.533211 -0.553245
v -30.646467 -24.653910 -0.558840
v -30.767141 -24.945299 -0.561157
v -30.646467 -25.236689 -0.558840
v -30.355131 -25.357388 -0.553245
v -30.063793 -25.236689 -0.547651
v -29.943119 -24.945299 -0.545333
v -30.063793 -24.653908 -0.547651
v -30.339157 -24.533211 1.108125
v -30.630333 -24.653910 1.119293
v -30.750942 -24.945299 1.123919
v -30.630333 -25.236689 1.119293
v -30.339157 -25.357388 1.108125
v -30.047981 -25.236689 1.096956
v -29.927372 -24.945299 1.092330
v -30.047981 -24.653908 1.096956
v -30.228331 -24.533211 2.766803
v -30.518410 -24.653910 2.794419
v -30.638565 -24.945299 2.805858
v -30.518410 -25.236689 2.794419
v -30.228331 -25.357388 2.766803
v -29.938253 -25.236689 2.739186
v -29.818098 -24.945299 2.727746
v -29.938253 -24.653908 2.739186
v -30.024723 -24.533211 4.416674
v -30.312820 -24.653910 4.460363
v -30.432154 -24.945299 4.478460
v -30.312820 -25.236689 4.460363
v -30.024723 -25.357388 4.416674
v -29.736628 -25.236689 4.372984
v -29.617294 -24.945299 4.354887
v -29.736628 -24.653908 4.372984
v -29.730486 -24.533211 6.052824
v -30.015760 -24.653910 6.112208
v -30.133924 -24.945299 6.136806
v -30.015760 -25.236689 6.112208
v -29.730486 -25.357388 6.052823
v -29.445211 -25.236689 5.993438
v -29.327047 -24.945299 5.968840
v -29.445211 -24.653908 5.993438
v -29.347750 -24.533211 7.670566
v -29.629400 -24.653910 7.745278
v -29.746063 -24.945299 7.776225
v -29.629400 -25.236689 7.745278
v -29.347750 -25.357388 7.670566
v -29.066101 -25.236689 7.595854
v -28.949438 -24.945299 7.564907
v -29.066101 -24.653908 7.595854
v -28.878586 -24.533211 9.265391
v -29.155832 -24.653910 9.355074
v -29.270670 -24.945299 9.392222
v -29.155832 -25.236689 9.355074
v -28.878586 -25.357388 9.265391
v -28.601339 -25.236689 9.175708
v -28.486502 -24.945299 9.138559
v -28.601341 -24.653908 9.175708
v -28.324974 -24.533211 10.832903
v -28.597052 -24.653910 10.937219
v -28.709749 -24.945299 10.980428
v -28.597052 -25.236689 10.937219
v -28.324974 -25.357388 10.832903
v -28.052895 -25.236689 10.728587
v -27.940197 -24.945299 10.685378
v -28.052896 -24.653908 10.728587
v -27.688801 -24.533211 12.368762
v -27.954950 -24.653910 12.487388
v -28.065193 -24.945299 12.536524
v -27.954950 -25.236689 12.487388
v -27.688801 -25.357388 12.368762
v -27.422649 -25.236689 12.250136
v -27.312407 -24.945299 12.200999
v -27.422649 -24.653908 12.250136
v -26.971865 -24.533211 13.868623
v -27.231323 -24.653910 14.001249
v -27.338793 -24.945299 14.056186
v -27.231323 -25.236689 14.001249
v -26.971865 -25.357388 13.868623
v -26.712406 -25.236689 13.735996
v -26.604937 -24.945299 13.681061
v -26.712406 -24.653908 13.735996
v -26.175903 -24.533211 15.328084
v -26.427889 -24.653910 15.474411
v -26.532265 -24.945299 15.535022
v -26.427889 -25.236689 15.474411
v -26.175903 -25.357388 15.328084
v -25.923918 -25.236689 15.181757
v -25.819542 -24.945299 15.121147
v -25.923918 -24.653908 15.181758
v -25.302620 -24.533211 16.742636
v -25.546331 -24.653910 16.902365
v -25.647280 -24.945299 16.968525
v -25.546331 -25.236689 16.902365
v -25.302620 -25.357388 16.742636
v -25.058908 -25.236689 16.582909
v -24.957960 -24.945299 16.516747
v -25.058910 -24.653908 16.582909
v -24.353746 -24.533211 18.107626
v -24.588354 -24.653910 18.280447
v -24.685532 -24.945299 18.352032
v -24.588354 -25.236689 18.280447
v -24.353746 -25.357388 18.107626
v -24.119139 -25.236689 17.934805
v -24.021959 -24.945299 17.863218
v -24.119139 -24.653908 17.934805
v -23.331083 -24.533211 19.418234
v -23.555727 -24.653910 19.603823
v -23.648779 -24.945299 19.680695
v -23.555727 -25.236689 19.603823
v -23.331083 -25.357388 19.418234
v -23.106438 -25.236689 19.232645
v -23.013388 -24.945299 19.155771
v -23.106438 -24.653908 19.232645
v -22.236586 -24.533211 20.669460
v -22.450377 -24.653910 20.867456
v -22.538931 -24.945299 20.949469
v -22.450377 -25.236689 20.867456
v -22.236586 -25.357388 20.669460
v -22.022797 -25.236689 20.471466
v -21.934242 -24.945299 20.389454
v -22.022797 -24.653908 20.471466
v -21.073114 -24.533211 21.855522
v -21.275166 -24.653910 22.065483
v -21.358856 -24.945299 22.152452
v -21.275166 -25.236689 22.065483
v -21.073114 -25.357388 21.855522
v -20.871065 -25.236689 21.645559
v -20.787373 -24.945299 21.558590
v -20.871065 -24.653908 21.645559
v -19.842159 -24.533211 22.974131
v -20.031925 -24.653910 23.195257
v -20.110529 -24.945299 23.286850
v -20.031925 -25.236689 23.195257
v -19.842159 -25.357388 22.974131
v -19.652393 -25.236689 22.753004
v -19.573790 -24.945299 22.661409
v -19.652393 -24.653908 22.753004
v -18.550781 -24.533211 24.020964
v -18.727896 -24.653910 24.252348
v -18.801258 -24.945299 24.348190
v -18.727896 -25.236689 24.252348
v -18.550781 -25.357388 24.020964
v -18.373665 -25.236689 23.789579
v -18.300303 -24.945299 23.693737
v -18.373665 -24.653908 23.789579
v -17.203373 -24.533211 24.994642
v -17.367502 -24.653910 25.235413
v -17.435486 -24.945299 25.335142
v -17.367500 -25.236689 25.235413
v -17.203373 -25.357388 24.994642
v -17.039246 -25.236689 24.753870
v -16.971262 -24.945299 24.654140
v -17.039246 -24.653908 24.753872
v -15.804818 -24.533211 25.893316
v -15.955646 -24.653910 26.142633
v -16.018120 -24.945299 26.245903
v -15.955646 -25.236689 26.142633
v -15.804818 -25.357388 25.893314
v -15.653991 -25.236689 25.643997
v -15.591516 -24.945299 25.540728
v -15.653991 -24.653908 25.643997
v -14.359819 -24.533211 26.715240
v -14.497046 -24.653910 26.972296
v -14.553886 -24.945299 27.078770
v -14.497046 -25.236689 26.972296
v -14.359819 -25.357388 26.715240
v -14.222592 -25.236689 26.458185
v -14.165751 -24.945299 26.351709
v -14.222592 -24.653908 26.458185
v -12.872931 -24.533211 27.458708
v -12.996258 -24.653910 27.722713
v -13.047341 -24.945299 27.832067
v -12.996258 -25.236689 27.722713
v -12.872931 -25.357388 27.458708
v -12.749604 -25.236689 27.194702
v -12.698521 -24.945299 27.085348
v -12.749604 -24.653908 27.194704
v -11.348211 -24.533211 28.122150
v -11.457329 -24.653910 28.392338
v -11.502526 -24.945299 28.504253
v -11.457329 -25.236689 28.392338
v -11.348211 -25.357388 28.122150
v -11.239094 -25.236689 27.851963
v -11.193896 -24.945299 27.740047
v -11.239094 -24.653908 27.851963
v -9.791144 -24.533211 28.703337
v -9.885742 -24.653910 28.978945
v -9.924926 -24.945299 29.093103
v -9.885742 -25.236689 28.978945
v -9.791144 -25.357388 28.703337
v -9.696547 -25.236689 28.427729
v -9.657363 -24.945299 28.313568
v -9.696547 -24.653908 28.427729
v -8.204940 -24.533211 29.200867
v -8.284680 -24.653910 29.481133
v -8.317710 -24.945299 29.597223
v -8.284680 -25.236689 29.481133
v -8.204940 -25.357388 29.200865
v -8.125198 -25.236689 28.920599
v -8.092169 -24.945299 28.804508
v -8.125198 -24.653908 28.920599
v -6.594342 -24.533211 29.612637
v -6.658876 -24.653910 29.896791
v -6.685607 -24.945299 30.014492
v -6.658876 -25.236689 29.896791
v -6.594342 -25.357388 29.612637
v -6.529807 -25.236689 29.328484
v -6.503076 -24.945299 29.210783
v -6.529808 -24.653908 29.328484
v -4.963817 -24.533211 29.936609
v -5.012780 -24.653910 30.223856
v -5.033062 -24.945299 30.342836
v -5.012780 -25.236689 30.223856
v -4.963817 -25.357388 29.936607
v -4.914854 -25.236689 29.649361
v -4.894573 -24.945299 29.530380
v -4.914854 -24.653908 29.649361
v -3.317986 -24.533211 30.170666
v -3.351002 -24.653910 30.460178
v -3.364678 -24.945299 30.580099
v -3.351002 -25.236689 30.460178
v -3.317986 -25.357388 30.170666
v -3.284970 -25.236689 29.881151
v -3.271294 -24.945299 29.761230
v -3.284970 -24.653908 29.881151
v -1.661681 -24.533211 30.312656
v -1.678374 -24.653910 30.603567
v -1.685288 -24.945299 30.724068
v -1.678374 -25.236689 30.603567
v -1.661681 -25.357388 30.312656
v -1.644989 -25.236689 30.021744
v -1.638075 -24.945299 29.901245
v -1.644989 -24.653908 30.021744
v -0.000000 -24.533211 30.360447
v -0.000000 -24.653910 30.651838
v -0.000000 -24.945299 30.772535
v -0.000000 -25.236689 30.651838
v 0.000000 -25.357388 30.360447
v 0.000000 -25.236689 30.069057
v 0.000000 -24.945299 29.948360
v 0.000000 -24.653908 30.069057
v 1.661681 -24.533211 30.312656
v 1.678374 -24.653910 30.603567
v 1.685288 -24.945299 30.724068
v 1.678374 -25.236689 30.603567
v 1.661681 -25.357388 30.312656
v 1.644989 -25.236689 30.021744
v 1.638075 -24.945299 29.901245
v 1.644989 -24.653908 30.021744
v 3.317986 -24.533211 30.170666
v 3.351002 -24.653910 30.460178
v 3.364678 -24.945299 30.580099
v 3.351002 -25.236689 30.460178
v 3.317986 -25.357388 30.170666
v 3.284970 -25.236689 29.881151
v 3.271294 -24.945299 29.761230
v 3.284970 -24.653908 29.881151
v 4.963817 -24.533211 29.936609
v 5.012780 -24.653910 30.223856
v 5.033062 -24.945299 30.342836
v 5.012780 -25.236689 30.223856
v 4.963817 -25.357388 29.936607
v 4.914854 -25.236689 29.649361
v 4.894573 -24.945299 29.530380
v 4.914854 -24.653908 29.649361
v 6.594342 -24.533211 29.612637
v 6.658876 -24.653910 29.896791
v 6.685607 -24.945299 30.014492
v 6.658876 -25.236689 29.896791
v 6.594342 -25.357388 29.612637
v 6.529807 -25.236689 29.328484
v 6.503076 -24.945299 29.210783
v 6.529808 -24.653908 29.328484
v 8.204940 -24.533211 29.200867
v 8.284680 -24.653910 29.481133
v 8.317710 -24.945299 29.597223
v 8.284680 -25.236689 29.481133
v 8.204940 -25.357388 29.200865
v 8.125198 -25.236689 28.920599
v 8.092169 -24.945299 28.804508
v 8.125198 -24.653908 28.920599
v 9.791144 -24.533211 28.703337
v 9.885742 -24.653910 28.978945
v 9.924926 -24.945299 29.093103
v 9.885742 -25.236689 28.978945
v 9.791144 -25.357388 28.703337
v 9.696547 -25.236689 28.427729
v 9.657363 -24.945299 28.313568
v 9.696547 -24.653908 28.427729
v 11.348211 -24.533211 28.122150
v 11.457329 -24.653910 28.392338
v 11.502526 -24.945299 28.504253
v 11.457329 -25.236689 28.392338
v 11.348211 -25.357388 28.122150
v 11.239094 -25.236689 27.851963
v 11.193896 -24.945299 27.740047
v 11.239094 -24.653908 27.851963
v 12.872931 -24.533211 27.458708
v 12.996258 -24.653910 27.722713
v 13.047341 -24.945299 27.832067
v 12.996258 -25.236689 27.722713
v 12.872931 -25.357388 27.458708
v 12.749604 -25.236689 27.194702
v 12.698521 -24.945299 27.085348
v 12.749604 -24.653908 27.194704
v 14.359819 -24.533211 26.715240
v 14.497046 -24.653910 26.972296
v 14.553886 -24.945299 27.078770
v 14.497046 -25.236689 26.972296
v 14.359819 -25.357388 26.715240
v 14.222592 -25.236689 26.458185
v 14.165751 -24.945299 26.351709
v 14.222592 -24.653908 26.458185
v 15.804818 -24.533211 25.893316
v 15.955646 -24.653910 26.142633
v 16.018120 -24.945299 26.245903
v 15.955646 -25.236689 26.142633
v 15.804818 -25.357388 25.893314
v 15.653991 -25.236689 25.643997
v 15.591516 -24.945299 25.540728
v 15.653991 -24.653908 25.643997
v 17.203373 -24.533211 24.994642
v 17.367502 -24.653910 25.235413
v 17.435486 -24.945299 25.335142
v 17.367500 -25.236689 25.235413
v 17.203373 -25.357388 24.994642
v 17.039246 -25.236689 24.753870
v 16.971262 -24.945299 24.654140
v 17.039246 -24.653908 24.753872
v 18.550781 -24.533211 24.020964
v 18.727896 -24.653910 24.252348
v 18.801258 -24.945299 24.348190
v 18.727896 -25.236689 24.252348
v 18.550781 -25.357388 24.020964
v 18.373665 -25.236689 23.789579
v 18.300303 -24.945299 23.693737
v 18.373665 -24.653908 23.789579
v 19.842159 -24.533211 22.974131
v 20.031925 -24.653910 23.195257
v 20.110529 -24.945299 23.286850
v 20.031925 -25.236689 23.195257
v 19.842159 -25.357388 22.974131
v 19.652393 -25.236689 22.753004
v 19.573790 -24.945299 22.661409
v 19.652393 -24.653908 22.753004
v 21.073114 -24.533211 21.855522
v 21.275166 -24.653910 22.065483
v 21.358856 -24.945299 22.152452
v 21.275166 -25.236689 22.065483
v 21.073114 -25.357388 21.855522
v 20.871065 -25.236689 21.645559
v 20.787373 -24.945299 21.558590
v 20.871065 -24.653908 21.645559
v 22.236586 -24.533211 20.669460
v 22.450377 -24.653910 20.867456
v 22.538931 -24.945299 20.949469
v 22.450377 -25.236689 20.867456
v 22.236586 -25.357388 20.669460
v 22.022797 -25.236689 20.471466
v 21.934242 -24.945299 20.389454
v 22.022797 -24.653908 20.471466
v 23.331083 -24.533211 19.418234
v 23.555727 -24.653910 19.603823
v 23.648779 -24.945299 19.680695
v 23.555727 -25.236689 19.603823
v 23.331083 -25.357388 19.418234
v 23.106438 -25.236689 19.232645
v 23.013388 -24.945299 19.155771
v 23.106438 -24.653908 19.232645
v 24.353746 -24.533211 18.107626
v 24.588354 -24.653910 18.280447
v 24.685532 -24.945299 18.352032
v 24.588354 -25.236689 18.280447
v 24.353746 -25.357388 18.107626
v 24.119139 -25.236689 17.934805
v 24.021959 -24.945299 17.863218
v 24.119139 -24.653908 17.934805
v 25.302620 -24.533211 16.742636
v 25.546331 -24.653910 16.902365
v 25.647280 -24.945299 16.968525
v 25.546331 -25.236689 16.902365
v 25.302620 -25.357388 16.742636
v 25.058908 -25.236689 16.582909
v 24.957960 -24.945299 16.516747
v 25.058910 -24.653908 16.582909
v 26.175903 -24.533211 15.328084
v 26.427889 -24.653910 15.474411
v 26.532265 -24.945299 15.535022
v 26.427889 -25.236689 15.474411
v 26.175903 -25.357388 15.328084
v 25.923918 -25.236689 15.181757
v 25.819542 -24.945299 15.121147
v 25.923918 -24.653908 15.181758
v 26.971865 -24.533211 13.868623
v 27.231323 -24.653910 14.001249
v 27.338793 -24.945299 14.056186
v 27.231323 -25.236689 14.001249
v 26.971865 -25.357388 13.868623
v 26.712406 -25.236689 13.735996
v 26.604937 -24.945299 13.681061
v 26.712406 -24.653908 13.735996
v 27.688801 -24.533211 12.368762
v 27.954950 -24.653910 12.487388
v 28.065193 -24.945299 12.536524
v 27.954950 -25.236689 12.487388
v 27.688801 -25.357388 12.368762
v 27.422649 -25.236689 12.250136
v 27.312407 -24.945299 12.200999
v 27.422649 -24.653908 12.250136
v 28.324974 -24.533211 10.832903
v 28.597052 -24.653910 10.937219
v 28.709749 -24.945299 10.980428
v 28.597052 -25.236689 10.937219
v 28.324974 -25.357388 10.832903
v 28.052895 -25.236689 10.728587
v 27.940197 -24.945299 10.685378
v 28.052896 -24.653908 10.728587
v 28.878586 -24.533211 9.265391
v 29.155832 -24.653910 9.355074
v 29.270670 -24.945299 9.392222
v 29.155832 -25.236689 9.355074
v 28.878586 -25.357388 9.265391
v 28.601339 -25.236689 9.175708
v 28.486502 -24.945299 9.138559
v 28.601341 -24.653908 9.175708
v 29.347750 -24.533211 7.670566
v 29.629400 -24.653910 7.745278
v 29.746063 -24.945299 7.776225
v 29.629400 -25.236689 7.745278
v 29.347750 -25.357388 7.670566
v 29.066101 -25.236689 7.595854
v 28.949438 -24.945299 7.564907
v 29.066101 -24.653908 7.595854
v 29.730486 -24.533211 6.052824
v 30.015760 -24.653910 6.112208
v 30.133924 -24.945299 6.136806
v 30.015760 -25.236689 6.112208
v 29.730486 -25.357388 6.052823
v 29.445211 -25.236689 5.993438
v 29.327047 -24.945299 5.968840
v 29.445211 -24.653908 5.993438
v 30.024723 -24.533211 4.416674
v 30.312820 -24.653910 4.460363
v 30.432154 -24.945299 4.478460
v 30.312820 -25.236689 4.460363
v 30.024723 -25.357388 4.416674
v 29.736628 -25.236689 4.372984
v 29.617294 -24.945299 4.354887
v 29.736628 -24.653908 4.372984
v 30.228331 -24.533211 2.766803
v 30.518410 -24.653910 2.794419
v 30.638565 -24.945299 2.805858
v 30.518410 -25.236689 2.794419
v 30.228331 -25.357388 2.766803
v 29.938253 -25.236689 2.739186
v 29.818098 -24.945299 2.727746
v 29.938253 -24.653908 2.739186
v 30.339157 -24.533211 1.108125
v 30.630333 -24.653910 1.119293
v 30.750942 -24.945299 1.123919
v 30.630333 -25.236689 1.119293
v 30.339157 -25.357388 1.108125
v 30.047981 -25.236689 1.096956
v 29.927372 -24.945299 1.092330
v 30.047981 -24.653908 1.096956
v 30.355131 -24.533211 -0.553245
v 30.646467 -24.653910 -0.558840
v 30.767141 -24.945299 -0.561157
v 30.646467 -25.236689 -0.558840
v 30.355131 -25.357388 -0.553245
v 30.063793 -25.236689 -0.547651
v 29.943119 -24.945299 -0.545333
v 30.063793 -24.653908 -0.547651
v 30.275688 -24.533211 -2.214638
v 30.566233 -24.653910 -2.236813
v 30.686581 -24.945299 -2.245999
v 30.566233 -25.236689 -2.236813
v 30.275688 -25.357388 -2.214638
v 29.985144 -25.236689 -2.192463
v 29.864796 -24.945299 -2.183277
v 29.985144 -24.653908 -2.192463
v 30.102770 -24.533211 -3.868004
v 30.391623 -24.653910 -3.906378
v 30.511269 -24.945299 -3.922273
v 30.391623 -25.236689 -3.906378
v 30.102770 -25.357388 -3.868004
v 29.813917 -25.236689 -3.829630
v 29.694271 -24.945299 -3.813735
v 29.813917 -24.653908 -3.829630
v 29.838503 -24.533211 -5.509258
v 30.124809 -24.653910 -5.563453
v 30.243401 -24.945299 -5.585901
v 30.124809 -25.236689 -5.563453
v 29.838503 -25.357388 -5.509258
v 29.552197 -25.236689 -5.455063
v 29.433605 -24.945299 -5.432615
v 29.552197 -24.653908 -5.455063
v 29.485033 -24.533211 -7.133645
v 29.767979 -24.653910 -7.203288
v 29.885178 -24.945299 -7.232135
v 29.767979 -25.236689 -7.203288
v 29.485033 -25.357388 -7.133645
v 29.202087 -25.236689 -7.064002
v 29.084888 -24.945299 -7.035154
v 29.202087 -24.653908 -7.064002
v 29.044453 -24.533211 -8.736602
v 29.323252 -24.653910 -8.821333
v 29.438734 -24.945299 -8.856430
v 29.323252 -25.236689 -8.821333
v 29.044453 -25.357388 -8.736602
v 28.765654 -25.236689 -8.651871
v 28.650171 -24.945299 -8.616774
v 28.765654 -24.653908 -8.651871
v 28.518776 -24.533211 -10.313703
v 28.792660 -24.653910 -10.413177
v 28.906107 -24.945299 -10.454381
v 28.792660 -25.236689 -10.413177
v 28.518776 -25.357388 -10.313703
v 28.244890 -25.236689 -10.214227
v 28.131443 -24.945299 -10.173023
v 28.244890 -24.653908 -10.214228
v 27.909760 -24.533211 -11.860966
v 28.177971 -24.653910 -11.974860
v 28.289066 -24.945299 -12.022037
v 28.177971 -25.236689 -11.974860
v 27.909760 -25.357388 -11.860966
v 27.641550 -25.236689 -11.747072
v 27.530455 -24.945299 -11.699895
v 27.641552 -24.653908 -11.747072
v 27.219709 -24.533211 -13.372939
v 27.481483 -24.653910 -13.500933
v 27.589914 -24.945299 -13.553949
v 27.481483 -25.236689 -13.500933
v 27.219709 -25.357388 -13.372939
v 26.957933 -25.236689 -13.244946
v 26.849503 -24.945299 -13.191929
v 26.957933 -24.653908 -13.244946
v 26.449898 -24.533211 -14.846362
v 26.704462 -24.653910 -14.988155
v 26.809906 -24.945299 -15.046887
v 26.704462 -25.236689 -14.988155
v 26.449898 -25.357388 -14.846362
v 26.195333 -25.236689 -14.704569
v 26.089890 -24.945299 -14.645836
v 26.195335 -24.653908 -14.704569
v 25.602200 -24.533211 -16.276392
v 25.848761 -24.653910 -16.431686
v 25.950890 -24.945299 -16.496012
v 25.848761 -25.236689 -16.431686
v 25.602200 -25.357388 -16.276392
v 25.355640 -25.236689 -16.121098
v 25.253511 -24.945299 -16.056772
v 25.355640 -24.653908 -16.121098
v 24.678328 -24.533211 -17.658430
v 24.916063 -24.653910 -17.826921
v 25.014538 -24.945299 -17.896713
v 24.916063 -25.236689 -17.826921
v 24.678328 -25.357388 -17.658430
v 24.440592 -25.236689 -17.489937
v 24.342117 -24.945299 -17.420145
v 24.440592 -24.653908 -17.489937
v 23.680052 -24.533211 -18.987711
v 23.908115 -24.653910 -19.169083
v 24.002583 -24.945299 -19.244209
v 23.908115 -25.236689 -19.169083
v 23.680052 -25.357388 -18.987711
v 23.451990 -25.236689 -18.806341
v 23.357523 -24.945299 -18.731215
v 23.451990 -24.653908 -18.806341
v 22.609270 -24.533211 -20.259298
v 22.826780 -24.653910 -20.453201
v 22.916874 -24.945299 -20.533518
v 22.826780 -25.236689 -20.453201
v 22.609270 -25.357388 -20.259298
v 22.391762 -25.236689 -20.065395
v 22.301666 -24.945299 -19.985079
v 22.391762 -24.653908 -20.065395
v 21.468079 -24.533211 -21.468079
v 21.674122 -24.653910 -21.674122
v 21.759468 -24.945299 -21.759468
v 21.674122 -25.236689 -21.674122
v 21.468079 -25.357388 -21.468079
v 21.262035 -25.236689 -21.262033
v 21.176689 -24.945299 -21.176687
v 21.262035 -24.653908 -21.262035
v 20.229733 -24.533211 -22.635593
v 20.423340 -24.653910 -22.853363
v 20.503536 -24.945299 -22.943567
v 20.423340 -25.236689 -22.853363
v 20.229733 -25.357388 -22.635593
v 20.036123 -25.236689 -22.417822
v 19.955929 -24.945299 -22.327620
v 20.036123 -24.653908 -22.417822
v 18.925680 -24.533211 -23.729250
v 19.106445 -24.653910 -23.957792
v 19.181322 -24.945299 -24.052458
v 19.106445 -25.236689 -23.957792
v 18.925680 -25.357388 -23.729250
v 18.744915 -25.236689 -23.500706
v 18.670040 -24.945299 -23.406040
v 18.744915 -24.653908 -23.500706
v 17.561405 -24.533211 -24.746807
v 17.728966 -24.653910 -24.985203
v 17.798370 -24.945299 -25.083948
v 17.728966 -25.236689 -24.985203
v 17.561405 -25.357388 -24.746807
v 17.393845 -25.236689 -24.508413
v 17.324440 -24.945299 -24.409666
v 17.393845 -24.653908 -24.508413
v 16.142193 -24.533211 -25.686243
v 16.296215 -24.653910 -25.933599
v 16.360012 -24.945299 -26.036058
v 16.296215 -25.236689 -25.933599
v 16.142193 -25.357388 -25.686243
v 15.988172 -25.236689 -25.438885
v 15.924374 -24.945299 -25.336426
v 15.988172 -24.653908 -25.438885
v 14.673141 -24.533211 -26.545660
v 14.813308 -24.653910 -26.801125
v 14.871367 -24.945299 -26.906940
v 14.813308 -25.236689 -26.801125
v 14.673141 -25.357388 -26.545660
v 14.532975 -25.236689 -26.290195
v 14.474916 -24.945299 -26.184380
v 14.532975 -24.653908 -26.290197
v 13.159170 -24.533211 -27.323223
v 13.285167 -24.653910 -27.585964
v 13.337357 -24.945299 -27.694796
v 13.285167 -25.236689 -27.585964
v 13.159170 -25.357388 -27.323223
v 13.033173 -25.236689 -27.060482
v 12.980983 -24.945299 -26.951653
v 13.033173 -24.653908 -27.060482
v 11.605060 -24.533211 -28.017092
v 11.716570 -24.653910 -28.286303
v 11.762759 -24.945299 -28.397812
v 11.716570 -25.236689 -28.286303
v 11.605060 -25.357388 -28.017092
v 11.493549 -25.236689 -27.747883
v 11.447361 -24.945299 -27.636374
v 11.493549 -24.653908 -27.747883
v 10.015498 -24.533211 -28.625376
v 10.112191 -24.653910 -28.900255
v 10.152243 -24.945299 -29.014114
v 10.112191 -25.236689 -28.900255
v 10.015498 -25.357388 -28.625376
v 9.918806 -25.236689 -28.350494
v 9.878755 -24.945299 -28.236637
v 9.918806 -24.653908 -28.350496
v 8.395139 -24.533211 -29.146093
v 8.476666 -24.653910 -29.425846
v 8.510436 -24.945299 -29.541723
v 8.476666 -25.236689 -29.425846
v 8.395139 -25.357388 -29.146093
v 8.313611 -25.236689 -28.866341
v 8.279841 -24.945299 -28.750463
v 8.313611 -24.653908 -28.866343
v 6.748662 -24.533211 -29.577171
v 6.814660 -24.653910 -29.860989
v 6.841997 -24.945299 -29.978550
v 6.814660 -25.236689 -29.860989
v 6.748662 -25.357388 -29.577171
v 6.682663 -25.236689 -29.293352
v 6.655326 -24.945299 -29.175793
v 6.682663 -24.653908 -29.293354
v 5.080847 -24.533211 -29.916424
v 5.130934 -24.653910 -30.203478
v 5.151681 -24.945299 -30.322378
v 5.130934 -25.236689 -30.203478
v 5.080847 -25.357388 -29.916424
v 5.030759 -25.236689 -29.629372
v 5.010012 -24.945299 -29.510469
v 5.030759 -24.653908 -29.629372
v 3.396636 -24.533211 -30.161591
v 3.430420 -24.653910 -30.451015
v 3.444414 -24.945299 -30.570900
v 3.430420 -25.236689 -30.451015
v 3.396636 -25.357388 -30.161591
v 3.362851 -25.236689 -29.872166
v 3.348858 -24.945299 -29.752281
v 3.362852 -24.653908 -29.872166
v 1.701200 -24.533211 -30.310362
v 1.718286 -24.653910 -30.601252
v 1.725363 -24.945299 -30.721741
v 1.718286 -25.236689 -30.601250
v 1.701200 -25.357388 -30.310362
v 1.684115 -25.236689 -30.019472
v 1.677038 -24.945299 -29.898983
v 1.684115 -24.653908 -30.019474
v 0.000000 -24.533211 -30.360447
v 0.000000 -24.653910 -30.651838
v 0.000000 -24.945299 -30.772535
v 0.000000 -25.236689 -30.651838
v 0.000000 -25.357388 -30.360447
v 0.000000 -25.236689 -30.069057
v 0.000000 -24.945299 -29.948360
v 0.000000 -24.653908 -30.069057
vt 0.270218 0.305828
vt 0.270218 0.306320
vt 0.267319 0.306235
vt 0.267348 0.305744
vt 0.554106 0.916496
vt 0.554598 0.916496
vt 0.554598 0.919407
vt 0.554106 0.919395
vt 0.555089 0.916496
vt 0.555089 0.919395
vt 0.160778 0.202913
vt 0.160778 0.203404
vt 0.157908 0.203489
vt 0.157879 0.202998
vt 0.160778 0.203896
vt 0.157936 0.203979
vt 0.600103 0.916496
vt 0.600594 0.916496
vt 0.600594 0.919326
vt 0.600103 0.919338
vt 0.601086 0.916496
vt 0.601086 0.919338
vt 0.270218 0.305337
vt 0.267377 0.305253
vt 0.264431 0.305981
vt 0.264488 0.305493
vt 0.554598 0.922307
vt 0.554106 0.922284
vt 0.555089 0.922284
vt 0.155047 0.203740
vt 0.154990 0.203251
vt 0.155104 0.204228
vt 0.600594 0.922146
vt 0.600103 0.922170
vt 0.601086 0.922170
vt 0.264545 0.305005
vt 0.261562 0.305563
vt 0.261646 0.305079
vt 0.554598 0.925188
vt 0.554106 0.925153
vt 0.555089 0.925153
vt 0.152206 0.204153
vt 0.152121 0.203669
vt 0.152290 0.204638
vt 0.600594 0.924949
vt 0.600103 0.924984
vt 0.601086 0.924984
vt 0.261731 0.304595
vt 0.258721 0.304986
vt 0.258832 0.304507
vt 0.554598 0.928039
vt 0.554106 0.927993
vt 0.555089 0.927993
vt 0.149392 0.204726
vt 0.149281 0.204247
vt 0.149503 0.205204
vt 0.600594 0.927725
vt 0.600103 0.927771
vt 0.601086 0.927771
vt 0.258944 0.304028
vt 0.255917 0.304252
vt 0.256055 0.303780
vt 0.554598 0.930854
vt 0.554106 0.930797
vt 0.555089 0.930797
vt 0.146614 0.205453
vt 0.146477 0.204981
vt 0.146752 0.205925
vt 0.600594 0.930465
vt 0.600103 0.930522
vt 0.601086 0.930522
vt 0.256192 0.303308
vt 0.253158 0.303365
vt 0.253321 0.302901
vt 0.554598 0.933624
vt 0.554106 0.933557
vt 0.555089 0.933557
vt 0.143880 0.206331
vt 0.143717 0.205868
vt 0.144044 0.206795
vt 0.600594 0.933163
vt 0.600103 0.933230
vt 0.601086 0.933230
vt 0.253484 0.302437
vt 0.250451 0.302329
vt 0.250639 0.301875
vt 0.554598 0.936341
vt 0.554106 0.936263
vt 0.555089 0.936263
vt 0.141199 0.207358
vt 0.141011 0.206903
vt 0.141387 0.207812
vt 0.600594 0.935809
vt 0.600103 0.935887
vt 0.601086 0.935887
vt 0.250827 0.301421
vt 0.247805 0.301147
vt 0.248017 0.300704
vt 0.554598 0.938998
vt 0.554106 0.938910
vt 0.555089 0.938910
vt 0.138577 0.208528
vt 0.138364 0.208085
vt 0.138789 0.208972
vt 0.600594 0.938397
vt 0.600103 0.938485
vt 0.601086 0.938485
vt 0.248230 0.300261
vt 0.245227 0.299823
vt 0.245463 0.299392
vt 0.554598 0.941586
vt 0.554106 0.941488
vt 0.555089 0.941488
vt 0.136023 0.209840
vt 0.135786 0.209409
vt 0.136259 0.210271
vt 0.600594 0.940917
vt 0.600103 0.941015
vt 0.601086 0.941015
vt 0.245700 0.298961
vt 0.242725 0.298360
vt 0.242985 0.297942
vt 0.554598 0.944097
vt 0.554106 0.943990
vt 0.555089 0.943990
vt 0.133544 0.211290
vt 0.133284 0.210873
vt 0.133804 0.211707
vt 0.600594 0.943362
vt 0.600103 0.943470
vt 0.601086 0.943470
vt 0.243244 0.297525
vt 0.240308 0.296760
vt 0.240590 0.296358
vt 0.048052 0.300434
vt 0.047560 0.300607
vt 0.047560 0.299000
vt 0.048052 0.298834
vt 0.047069 0.300434
vt 0.047069 0.298834
vt 0.131150 0.212875
vt 0.130867 0.212473
vt 0.131432 0.213277
vt 0.004970 0.213938
vt 0.005462 0.214111
vt 0.005462 0.215675
vt 0.004970 0.215508
vt 0.005954 0.213938
vt 0.005954 0.215508
vt 0.240873 0.295955
vt 0.237984 0.295026
vt 0.238289 0.294641
vt 0.047560 0.297260
vt 0.048052 0.297100
vt 0.047069 0.297100
vt 0.128848 0.214592
vt 0.128543 0.214206
vt 0.129153 0.214977
vt 0.005462 0.217368
vt 0.004970 0.217208
vt 0.005954 0.217208
vt 0.238594 0.294255
vt 0.235762 0.293163
vt 0.236089 0.292796
vt 0.047560 0.295389
vt 0.048052 0.295237
vt 0.047069 0.295237
vt 0.126648 0.216437
vt 0.126321 0.216069
vt 0.126975 0.216804
vt 0.005462 0.219187
vt 0.004970 0.219035
vt 0.005954 0.219035
vt 0.236415 0.292428
vt 0.233652 0.291174
vt 0.233999 0.290826
vt 0.047560 0.293392
vt 0.048052 0.293248
vt 0.047069 0.293248
vt 0.124559 0.218406
vt 0.124211 0.218059
vt 0.124906 0.218754
vt 0.005462 0.221129
vt 0.004970 0.220985
vt 0.005954 0.220985
vt 0.234347 0.290478
vt 0.231707 0.289114
vt 0.232074 0.288787
vt 0.047560 0.291323
vt 0.048052 0.291188
vt 0.047069 0.291188
vt 0.122633 0.220446
vt 0.122267 0.220119
vt 0.123000 0.220773
vt 0.005462 0.223139
vt 0.004970 0.223004
vt 0.005954 0.223004
vt 0.232441 0.288460
vt 0.229883 0.286947
vt 0.230268 0.286641
vt 0.047560 0.289148
vt 0.048052 0.289021
vt 0.047069 0.289021
vt 0.120827 0.222591
vt 0.120442 0.222285
vt 0.121212 0.222897
vt 0.005462 0.225255
vt 0.004970 0.225128
vt 0.005954 0.225128
vt 0.230652 0.286335
vt 0.228182 0.284683
vt 0.228583 0.284399
vt 0.047560 0.286875
vt 0.048052 0.286757
vt 0.047069 0.286757
vt 0.119143 0.224834
vt 0.118742 0.224549
vt 0.119544 0.225118
vt 0.005462 0.227467
vt 0.004970 0.227349
vt 0.005954 0.227349
vt 0.228984 0.284114
vt 0.226609 0.282329
vt 0.227025 0.282067
vt 0.047560 0.284512
vt 0.048052 0.284403
vt 0.047069 0.284403
vt 0.117584 0.227165
vt 0.117168 0.226903
vt 0.118000 0.227427
vt 0.005462 0.229767
vt 0.004970 0.229658
vt 0.005954 0.229658
vt 0.227441 0.281805
vt 0.225165 0.279894
vt 0.225595 0.279654
vt 0.047560 0.282067
vt 0.048052 0.281968
vt 0.047069 0.281968
vt 0.116154 0.229578
vt 0.115724 0.229339
vt 0.116583 0.229817
vt 0.005462 0.232147
vt 0.004970 0.232048
vt 0.005954 0.232048
vt 0.226024 0.279415
vt 0.223854 0.277385
vt 0.224296 0.277169
vt 0.047560 0.279548
vt 0.048052 0.279459
vt 0.047069 0.279459
vt 0.114855 0.232064
vt 0.114414 0.231848
vt 0.115297 0.232280
vt 0.005462 0.234600
vt 0.004970 0.234511
vt 0.005954 0.234511
vt 0.224737 0.276953
vt 0.222679 0.274810
vt 0.223132 0.274618
vt 0.047560 0.276964
vt 0.048052 0.276884
vt 0.047069 0.276884
vt 0.113691 0.234615
vt 0.113239 0.234422
vt 0.114144 0.234807
vt 0.005462 0.237117
vt 0.004970 0.237038
vt 0.005954 0.237038
vt 0.223584 0.274426
vt 0.221642 0.272175
vt 0.222104 0.272007
vt 0.047560 0.274319
vt 0.048052 0.274249
vt 0.047069 0.274249
vt 0.112664 0.237225
vt 0.112201 0.237057
vt 0.113126 0.237393
vt 0.005462 0.239693
vt 0.004970 0.239624
vt 0.005954 0.239624
vt 0.222566 0.271840
vt 0.220747 0.269490
vt 0.221217 0.269347
vt 0.047560 0.271623
vt 0.048052 0.271564
vt 0.047069 0.271564
vt 0.111777 0.239886
vt 0.111306 0.239743
vt 0.112247 0.240029
vt 0.005462 0.242319
vt 0.004970 0.242260
vt 0.005954 0.242260
vt 0.221688 0.269204
vt 0.219997 0.266760
vt 0.220474 0.266642
vt 0.047560 0.268883
vt 0.048052 0.268834
vt 0.047069 0.268834
vt 0.111033 0.242590
vt 0.110556 0.242473
vt 0.111511 0.242708
vt 0.005462 0.244987
vt 0.004970 0.244939
vt 0.005954 0.244939
vt 0.220951 0.266525
vt 0.219395 0.263993
vt 0.219878 0.263902
vt 0.047560 0.266105
vt 0.048052 0.266067
vt 0.047069 0.266067
vt 0.110437 0.245331
vt 0.109954 0.245239
vt 0.110920 0.245422
vt 0.005462 0.247691
vt 0.004970 0.247653
vt 0.005954 0.247653
vt 0.220361 0.263810
vt 0.218944 0.261198
vt 0.219432 0.261133
vt 0.047560 0.263299
vt 0.048052 0.263272
vt 0.047069 0.263272
vt 0.109991 0.248100
vt 0.109504 0.248035
vt 0.110479 0.248164
vt 0.005462 0.250422
vt 0.004970 0.250395
vt 0.005954 0.250395
vt 0.219919 0.261068
vt 0.218650 0.258381
vt 0.219140 0.258343
vt 0.047560 0.260471
vt 0.048052 0.260455
vt 0.047069 0.260455
vt 0.109699 0.250889
vt 0.109209 0.250852
vt 0.110190 0.250926
vt 0.005462 0.253173
vt 0.004970 0.253157
vt 0.005954 0.253157
vt 0.219630 0.258306
vt 0.218514 0.255550
vt 0.219006 0.255541
vt 0.047560 0.257628
vt 0.048052 0.257624
vt 0.047069 0.257624
vt 0.109565 0.253692
vt 0.109074 0.253682
vt 0.110057 0.253701
vt 0.005462 0.255936
vt 0.004970 0.255932
vt 0.005954 0.255932
vt 0.219498 0.255531
vt 0.218542 0.252719
vt 0.219033 0.252738
vt 0.047560 0.254785
vt 0.048052 0.254793
vt 0.047069 0.254793
vt 0.109592 0.256495
vt 0.109101 0.256514
vt 0.110084 0.256476
vt 0.005462 0.258699
vt 0.004970 0.258707
vt 0.005954 0.258707
vt 0.219524 0.252757
vt 0.218731 0.249893
vt 0.219220 0.249939
vt 0.047560 0.251948
vt 0.048052 0.251967
vt 0.047069 0.251967
vt 0.109779 0.259293
vt 0.109290 0.259340
vt 0.110269 0.259247
vt 0.005462 0.261458
vt 0.004970 0.261478
vt 0.005954 0.261478
vt 0.219709 0.249986
vt 0.219077 0.247082
vt 0.219563 0.247156
vt 0.047560 0.249126
vt 0.048052 0.249156
vt 0.047069 0.249156
vt 0.110123 0.262077
vt 0.109637 0.262150
vt 0.110609 0.262003
vt 0.005462 0.264203
vt 0.004970 0.264234
vt 0.005954 0.264234
vt 0.220049 0.247230
vt 0.219579 0.244295
vt 0.220060 0.244395
vt 0.047560 0.246328
vt 0.048052 0.246369
vt 0.047069 0.246369
vt 0.110619 0.264837
vt 0.110138 0.264937
vt 0.111101 0.264737
vt 0.005462 0.266926
vt 0.004970 0.266968
vt 0.005954 0.266968
vt 0.220541 0.244496
vt 0.220230 0.241540
vt 0.220706 0.241666
vt 0.047560 0.243562
vt 0.048052 0.243614
vt 0.047069 0.243614
vt 0.111265 0.267566
vt 0.110790 0.267692
vt 0.111740 0.267440
vt 0.005462 0.269619
vt 0.004970 0.269671
vt 0.005954 0.269671
vt 0.221181 0.241792
vt 0.221029 0.238824
vt 0.221497 0.238976
vt 0.047560 0.240836
vt 0.048052 0.240898
vt 0.047069 0.240898
vt 0.112057 0.270257
vt 0.111589 0.270408
vt 0.112524 0.270106
vt 0.005462 0.272274
vt 0.004970 0.272337
vt 0.005954 0.272337
vt 0.221965 0.239127
vt 0.221972 0.236155
vt 0.222431 0.236331
vt 0.047560 0.238156
vt 0.048052 0.238229
vt 0.047069 0.238229
vt 0.112991 0.272901
vt 0.112531 0.273077
vt 0.113450 0.272725
vt 0.005462 0.274884
vt 0.004970 0.274957
vt 0.005954 0.274957
vt 0.222890 0.236507
vt 0.223055 0.233540
vt 0.223504 0.233740
vt 0.047560 0.235531
vt 0.048052 0.235614
vt 0.047069 0.235614
vt 0.114064 0.275493
vt 0.113615 0.275693
vt 0.114513 0.275292
vt 0.005462 0.277441
vt 0.004970 0.277524
vt 0.005954 0.277524
vt 0.223953 0.233940
vt 0.224276 0.230986
vt 0.224714 0.231209
vt 0.047560 0.232967
vt 0.048052 0.233060
vt 0.047069 0.233060
vt 0.115273 0.278023
vt 0.114836 0.278247
vt 0.115711 0.277799
vt 0.005462 0.279938
vt 0.004970 0.280030
vt 0.005954 0.280030
vt 0.225152 0.231433
vt 0.225632 0.228500
vt 0.226057 0.228747
vt 0.047560 0.230472
vt 0.048052 0.230574
vt 0.047069 0.230574
vt 0.116616 0.280485
vt 0.116191 0.280732
vt 0.117041 0.280238
vt 0.005462 0.282367
vt 0.004970 0.282469
vt 0.005954 0.282469
vt 0.226482 0.228994
vt 0.227119 0.226091
vt 0.227530 0.226361
vt 0.047560 0.228054
vt 0.048052 0.228165
vt 0.047069 0.228165
vt 0.118090 0.282872
vt 0.117678 0.283141
vt 0.118501 0.282602
vt 0.005462 0.284722
vt 0.004970 0.284833
vt 0.005954 0.284833
vt 0.227941 0.226630
vt 0.228735 0.223766
vt 0.229131 0.224058
vt 0.047560 0.225720
vt 0.048052 0.225840
vt 0.047069 0.225840
vt 0.119690 0.285175
vt 0.119295 0.285466
vt 0.120086 0.284883
vt 0.005462 0.286993
vt 0.004970 0.287114
vt 0.005954 0.287114
vt 0.229527 0.224349
vt 0.230477 0.221534
vt 0.230856 0.221847
vt 0.047560 0.223478
vt 0.048052 0.223608
vt 0.047069 0.223608
vt 0.121416 0.287386
vt 0.121037 0.287699
vt 0.121795 0.287073
vt 0.005462 0.289174
vt 0.004970 0.289304
vt 0.005954 0.289304
vt 0.231235 0.222160
vt 0.232342 0.219402
vt 0.232703 0.219736
vt 0.047560 0.221337
vt 0.048052 0.221476
vt 0.047069 0.221476
vt 0.123262 0.289497
vt 0.122902 0.289831
vt 0.123623 0.289163
vt 0.005462 0.291255
vt 0.004970 0.291394
vt 0.005954 0.291394
vt 0.233063 0.220070
vt 0.234325 0.217380
vt 0.234666 0.217735
vt 0.047560 0.219308
vt 0.048052 0.219455
vt 0.047069 0.219455
vt 0.125225 0.291498
vt 0.124884 0.291852
vt 0.125566 0.291144
vt 0.005462 0.293228
vt 0.004970 0.293375
vt 0.005954 0.293375
vt 0.235007 0.218089
vt 0.236422 0.215474
vt 0.236742 0.215847
vt 0.047560 0.217394
vt 0.048052 0.217549
vt 0.047069 0.217549
vt 0.127302 0.293385
vt 0.126982 0.293758
vt 0.127622 0.293012
vt 0.005462 0.295088
vt 0.004970 0.295243
vt 0.005954 0.295243
vt 0.237063 0.216221
vt 0.238622 0.213691
vt 0.238921 0.214081
vt 0.047560 0.215603
vt 0.048052 0.215765
vt 0.047069 0.215765
vt 0.129481 0.295151
vt 0.129182 0.295541
vt 0.129779 0.294761
vt 0.005462 0.296830
vt 0.004970 0.296992
vt 0.005954 0.296992
vt 0.239220 0.214472
vt 0.240917 0.212033
vt 0.241194 0.212439
vt 0.047560 0.213938
vt 0.048052 0.214107
vt 0.047069 0.214107
vt 0.131754 0.296794
vt 0.131477 0.297200
vt 0.132031 0.296388
vt 0.005462 0.298450
vt 0.004970 0.298619
vt 0.005954 0.298619
vt 0.241471 0.212845
vt 0.243299 0.210502
vt 0.243554 0.210923
vt 0.650915 0.860054
vt 0.650424 0.860168
vt 0.650424 0.857777
vt 0.650915 0.857672
vt 0.649932 0.860054
vt 0.649932 0.857672
vt 0.134113 0.298310
vt 0.133859 0.298730
vt 0.134368 0.297889
vt 0.704578 0.858831
vt 0.704086 0.858717
vt 0.704086 0.856389
vt 0.704578 0.856494
vt 0.703594 0.858831
vt 0.703594 0.856494
vt 0.243808 0.211343
vt 0.245760 0.209102
vt 0.245992 0.209536
vt 0.650424 0.855307
vt 0.650915 0.855211
vt 0.649932 0.855211
vt 0.136551 0.299697
vt 0.136320 0.300130
vt 0.136783 0.299263
vt 0.704086 0.853983
vt 0.704578 0.854079
vt 0.703594 0.854079
vt 0.246223 0.209970
vt 0.248292 0.207836
vt 0.248500 0.208282
vt 0.650424 0.852765
vt 0.650915 0.852679
vt 0.649932 0.852679
vt 0.139060 0.300951
vt 0.138852 0.301396
vt 0.139268 0.300505
vt 0.704086 0.851508
vt 0.704578 0.851594
vt 0.703594 0.851594
vt 0.248708 0.208727
vt 0.250888 0.206706
vt 0.251073 0.207162
vt 0.650424 0.850159
vt 0.650915 0.850083
vt 0.649932 0.850083
vt 0.141632 0.302070
vt 0.141448 0.302526
vt 0.141816 0.301614
vt 0.704086 0.848970
vt 0.704578 0.849046
vt 0.703594 0.849046
vt 0.251257 0.207618
vt 0.253540 0.205717
vt 0.253700 0.206182
vt 0.650424 0.847497
vt 0.650915 0.847431
vt 0.649932 0.847431
vt 0.144259 0.303051
vt 0.144099 0.303516
vt 0.144419 0.302586
vt 0.704086 0.846377
vt 0.704578 0.846443
vt 0.703594 0.846443
vt 0.253859 0.206647
vt 0.256241 0.204870
vt 0.256376 0.205342
vt 0.650424 0.844786
vt 0.650915 0.844730
vt 0.649932 0.844730
vt 0.146935 0.303890
vt 0.146801 0.304363
vt 0.147070 0.303417
vt 0.704086 0.843737
vt 0.704578 0.843792
vt 0.703594 0.843792
vt 0.256510 0.205815
vt 0.258984 0.204168
vt 0.259093 0.204648
vt 0.650424 0.842032
vt 0.650915 0.841987
vt 0.649932 0.841987
vt 0.149652 0.304585
vt 0.149543 0.305064
vt 0.149761 0.304105
vt 0.704086 0.841056
vt 0.704578 0.841101
vt 0.703594 0.841101
vt 0.259202 0.205127
vt 0.261761 0.203616
vt 0.261844 0.204101
vt 0.650424 0.839244
vt 0.650915 0.839210
vt 0.649932 0.839210
vt 0.152403 0.305131
vt 0.152321 0.305616
vt 0.152486 0.304647
vt 0.704086 0.838342
vt 0.704578 0.838376
vt 0.703594 0.838376
vt 0.261926 0.204586
vt 0.264565 0.203218
vt 0.264620 0.203706
vt 0.650424 0.836429
vt 0.650915 0.836406
vt 0.649932 0.836406
vt 0.155180 0.305526
vt 0.155124 0.306015
vt 0.155236 0.305038
vt 0.704086 0.835603
vt 0.704578 0.835626
vt 0.703594 0.835626
vt 0.264676 0.204195
vt 0.267387 0.202976
vt 0.267415 0.203467
vt 0.650424 0.833596
vt 0.650915 0.833584
vt 0.649932 0.833584
vt 0.157974 0.305766
vt 0.157946 0.306257
vt 0.158002 0.305275
vt 0.704086 0.832848
vt 0.704578 0.832860
vt 0.703594 0.832860
vt 0.267443 0.203957
vt 0.270218 0.202894
vt 0.270218 0.203386
vt 0.650424 0.830753
vt 0.650915 0.830753
vt 0.649932 0.830753
vt 0.160778 0.305846
vt 0.160778 0.306338
vt 0.160778 0.305355
vt 0.704086 0.830084
vt 0.704578 0.830084
vt 0.703594 0.830084
vt 0.270218 0.203878
vt 0.273050 0.202976
vt 0.273022 0.203467
vt 0.650424 0.827910
vt 0.650915 0.827921
vt 0.649932 0.827921
vt 0.163581 0.305766
vt 0.163609 0.306257
vt 0.163553 0.305275
vt 0.704086 0.827321
vt 0.704578 0.827309
vt 0.703594 0.827309
vt 0.272993 0.203957
vt 0.275872 0.203218
vt 0.275816 0.203706
vt 0.650424 0.825076
vt 0.650915 0.825099
vt 0.649932 0.825099
vt 0.166375 0.305526
vt 0.166431 0.306015
vt 0.166320 0.305038
vt 0.704086 0.824565
vt 0.704578 0.824542
vt 0.703594 0.824542
vt 0.275760 0.204195
vt 0.278675 0.203616
vt 0.278593 0.204101
vt 0.650424 0.822262
vt 0.650915 0.822296
vt 0.649932 0.822296
vt 0.169152 0.305131
vt 0.169235 0.305616
vt 0.169069 0.304647
vt 0.704086 0.821827
vt 0.704578 0.821793
vt 0.703594 0.821793
vt 0.278510 0.204586
vt 0.281452 0.204168
vt 0.281343 0.204648
vt 0.650424 0.819474
vt 0.650915 0.819519
vt 0.649932 0.819519
vt 0.171903 0.304585
vt 0.172012 0.305064
vt 0.171794 0.304105
vt 0.704086 0.819113
vt 0.704578 0.819068
vt 0.703594 0.819068
vt 0.281235 0.205127
vt 0.284195 0.204870
vt 0.284061 0.205342
vt 0.650424 0.816720
vt 0.650915 0.816776
vt 0.649932 0.816776
vt 0.174620 0.303890
vt 0.174755 0.304363
vt 0.174486 0.303417
vt 0.704086 0.816432
vt 0.704578 0.816376
vt 0.703594 0.816376
vt 0.283926 0.205815
vt 0.286896 0.205717
vt 0.286737 0.206182
vt 0.650424 0.814009
vt 0.650915 0.814075
vt 0.649932 0.814075
vt 0.177296 0.303051
vt 0.177456 0.303516
vt 0.177137 0.302586
vt 0.704086 0.813792
vt 0.704578 0.813725
vt 0.703594 0.813725
vt 0.286577 0.206647
vt 0.289548 0.206706
vt 0.289364 0.207162
vt 0.650424 0.811347
vt 0.650915 0.811423
vt 0.649932 0.811423
vt 0.179923 0.302070
vt 0.180107 0.302526
vt 0.179739 0.301614
vt 0.704086 0.811199
vt 0.704578 0.811123
vt 0.703594 0.811123
vt 0.289180 0.207618
vt 0.292144 0.207836
vt 0.291936 0.208282
vt 0.650424 0.808741
vt 0.650915 0.808827
vt 0.649932 0.808827
vt 0.182496 0.300951
vt 0.182704 0.301396
vt 0.182287 0.300505
vt 0.704086 0.808661
vt 0.704578 0.808574
vt 0.703594 0.808574
vt 0.291728 0.208727
vt 0.294676 0.209102
vt 0.294445 0.209536
vt 0.650424 0.806199
vt 0.650915 0.806295
vt 0.649932 0.806295
vt 0.185004 0.299697
vt 0.185236 0.300130
vt 0.184773 0.299263
vt 0.704086 0.806185
vt 0.704578 0.806090
vt 0.703594 0.806090
vt 0.294213 0.209970
vt 0.297137 0.210502
vt 0.296882 0.210923
vt 0.650424 0.803729
vt 0.650915 0.803834
vt 0.649932 0.803834
vt 0.187442 0.298310
vt 0.187696 0.298730
vt 0.187187 0.297889
vt 0.704086 0.803780
vt 0.704578 0.803675
vt 0.703594 0.803675
vt 0.296628 0.211343
vt 0.299519 0.212033
vt 0.299242 0.212439
vt 0.650424 0.801338
vt 0.650915 0.801452
vt 0.649932 0.801452
vt 0.189801 0.296794
vt 0.190078 0.297200
vt 0.189525 0.296388
vt 0.704086 0.801452
vt 0.704578 0.801337
vt 0.703594 0.801337
vt 0.298965 0.212845
vt 0.301814 0.213691
vt 0.301515 0.214081
vt 0.041036 0.300438
vt 0.040544 0.300607
vt 0.040544 0.298942
vt 0.041036 0.298780
vt 0.040052 0.300438
vt 0.040052 0.298780
vt 0.192075 0.295151
vt 0.192373 0.295541
vt 0.191776 0.294761
vt 0.001959 0.302544
vt 0.002450 0.302712
vt 0.002450 0.304332
vt 0.001959 0.304170
vt 0.002942 0.302544
vt 0.002942 0.304170
vt 0.301216 0.214472
vt 0.304014 0.215474
vt 0.303694 0.215847
vt 0.040544 0.297151
vt 0.041036 0.296997
vt 0.040052 0.296997
vt 0.194253 0.293385
vt 0.194573 0.293758
vt 0.193933 0.293012
vt 0.002450 0.306074
vt 0.001959 0.305919
vt 0.002942 0.305919
vt 0.303374 0.216221
vt 0.306111 0.217380
vt 0.305771 0.217735
vt 0.040544 0.295237
vt 0.041036 0.295091
vt 0.040052 0.295091
vt 0.196330 0.291498
vt 0.196671 0.291852
vt 0.195989 0.291144
vt 0.002450 0.307934
vt 0.001959 0.307788
vt 0.002942 0.307788
vt 0.305430 0.218089
vt 0.308094 0.219402
vt 0.307734 0.219736
vt 0.040544 0.293208
vt 0.041036 0.293069
vt 0.040052 0.293069
vt 0.198293 0.289497
vt 0.198654 0.289831
vt 0.197932 0.289163
vt 0.002450 0.309907
vt 0.001959 0.309768
vt 0.002942 0.309768
vt 0.307373 0.220070
vt 0.309959 0.221534
vt 0.309580 0.221847
vt 0.040544 0.291067
vt 0.041036 0.290937
vt 0.040052 0.290937
vt 0.200139 0.287386
vt 0.200518 0.287699
vt 0.199760 0.287073
vt 0.002450 0.311988
vt 0.001959 0.311858
vt 0.002942 0.311858
vt 0.309201 0.222160
vt 0.311701 0.223766
vt 0.311305 0.224058
vt 0.040544 0.288826
vt 0.041036 0.288705
vt 0.040052 0.288705
vt 0.201865 0.285175
vt 0.202261 0.285466
vt 0.201469 0.284883
vt 0.002450 0.314169
vt 0.001959 0.314048
vt 0.002942 0.314048
vt 0.310910 0.224349
vt 0.313317 0.226091
vt 0.312906 0.226361
vt 0.040544 0.286491
vt 0.041036 0.286380
vt 0.040052 0.286380
vt 0.203466 0.282872
vt 0.203877 0.283141
vt 0.203055 0.282602
vt 0.002450 0.316440
vt 0.001959 0.316329
vt 0.002942 0.316329
vt 0.312495 0.226630
vt 0.314805 0.228500
vt 0.314380 0.228747
vt 0.040544 0.284073
vt 0.041036 0.283971
vt 0.040052 0.283971
vt 0.204939 0.280485
vt 0.205364 0.280732
vt 0.204514 0.280238
vt 0.002450 0.318795
vt 0.001959 0.318693
vt 0.002942 0.318693
vt 0.313954 0.228994
vt 0.316160 0.230986
vt 0.315722 0.231209
vt 0.040544 0.281578
vt 0.041036 0.281485
vt 0.040052 0.281485
vt 0.206282 0.278023
vt 0.206720 0.278247
vt 0.205844 0.277799
vt 0.002450 0.321225
vt 0.001959 0.321132
vt 0.002942 0.321132
vt 0.315285 0.231433
vt 0.317381 0.233540
vt 0.316932 0.233740
vt 0.040544 0.279014
vt 0.041036 0.278931
vt 0.040052 0.278931
vt 0.207491 0.275493
vt 0.207940 0.275693
vt 0.207042 0.275292
vt 0.002450 0.323722
vt 0.001959 0.323639
vt 0.002942 0.323639
vt 0.316483 0.233940
vt 0.318464 0.236155
vt 0.318005 0.236331
vt 0.040544 0.276389
vt 0.041036 0.276316
vt 0.040052 0.276316
vt 0.208565 0.272901
vt 0.209024 0.273077
vt 0.208106 0.272725
vt 0.002450 0.326279
vt 0.001959 0.326206
vt 0.002942 0.326206
vt 0.317546 0.236507
vt 0.319407 0.238824
vt 0.318939 0.238976
vt 0.040544 0.273709
vt 0.041036 0.273647
vt 0.040052 0.273647
vt 0.209499 0.270257
vt 0.209966 0.270408
vt 0.209031 0.270106
vt 0.002450 0.328888
vt 0.001959 0.328826
vt 0.002942 0.328826
vt 0.318471 0.239127
vt 0.320206 0.241540
vt 0.319731 0.241666
vt 0.040544 0.270983
vt 0.041036 0.270931
vt 0.040052 0.270931
vt 0.210290 0.267566
vt 0.210765 0.267692
vt 0.209815 0.267440
vt 0.002450 0.331543
vt 0.001959 0.331491
vt 0.002942 0.331491
vt 0.319256 0.241792
vt 0.320858 0.244295
vt 0.320376 0.244395
vt 0.040544 0.268217
vt 0.041036 0.268176
vt 0.040052 0.268176
vt 0.210936 0.264837
vt 0.211417 0.264937
vt 0.210455 0.264737
vt 0.002450 0.334236
vt 0.001959 0.334194
vt 0.002942 0.334194
vt 0.319895 0.244496
vt 0.321359 0.247082
vt 0.320873 0.247156
vt 0.040544 0.265419
vt 0.041036 0.265389
vt 0.040052 0.265389
vt 0.211432 0.262077
vt 0.211918 0.262150
vt 0.210946 0.262003
vt 0.002450 0.336959
vt 0.001959 0.336928
vt 0.002942 0.336928
vt 0.320387 0.247230
vt 0.321706 0.249893
vt 0.321216 0.249939
vt 0.040544 0.262598
vt 0.041036 0.262578
vt 0.040052 0.262578
vt 0.211776 0.259293
vt 0.212265 0.259340
vt 0.211286 0.259247
vt 0.002450 0.339704
vt 0.001959 0.339685
vt 0.002942 0.339685
vt 0.320727 0.249986
vt 0.321895 0.252719
vt 0.321403 0.252738
vt 0.040544 0.259760
vt 0.041036 0.259752
vt 0.040052 0.259752
vt 0.211963 0.256495
vt 0.212454 0.256514
vt 0.211472 0.256476
vt 0.002450 0.342463
vt 0.001959 0.342455
vt 0.002942 0.342455
vt 0.320912 0.252757
vt 0.321922 0.255550
vt 0.321430 0.255541
vt 0.040544 0.256917
vt 0.041036 0.256921
vt 0.040052 0.256921
vt 0.211990 0.253692
vt 0.212481 0.253682
vt 0.211498 0.253701
vt 0.002450 0.345226
vt 0.001959 0.345230
vt 0.002942 0.345230
vt 0.320939 0.255531
vt 0.321786 0.258381
vt 0.321296 0.258343
vt 0.040544 0.254075
vt 0.041036 0.254090
vt 0.040052 0.254090
vt 0.211856 0.250889
vt 0.212346 0.250852
vt 0.211366 0.250926
vt 0.002450 0.347989
vt 0.001959 0.348005
vt 0.002942 0.348005
vt 0.320806 0.258306
vt 0.321492 0.261198
vt 0.321005 0.261133
vt 0.040544 0.251247
vt 0.041036 0.251273
vt 0.040052 0.251273
vt 0.211564 0.248100
vt 0.212051 0.248035
vt 0.211077 0.248164
vt 0.002450 0.350740
vt 0.001959 0.350767
vt 0.002942 0.350767
vt 0.320517 0.261068
vt 0.321042 0.263993
vt 0.320559 0.263902
vt 0.040544 0.248440
vt 0.041036 0.248478
vt 0.040052 0.248478
vt 0.211118 0.245331
vt 0.211601 0.245239
vt 0.210635 0.245422
vt 0.002450 0.353471
vt 0.001959 0.353509
vt 0.002942 0.353509
vt 0.320076 0.263810
vt 0.320440 0.266760
vt 0.319962 0.266642
vt 0.040544 0.245663
vt 0.041036 0.245711
vt 0.040052 0.245711
vt 0.210522 0.242590
vt 0.210999 0.242473
vt 0.210044 0.242708
vt 0.002450 0.356175
vt 0.001959 0.356224
vt 0.002942 0.356224
vt 0.319485 0.266525
vt 0.319689 0.269490
vt 0.319219 0.269347
vt 0.040544 0.242922
vt 0.041036 0.242981
vt 0.040052 0.242981
vt 0.209779 0.239886
vt 0.210249 0.239743
vt 0.209308 0.240029
vt 0.002450 0.358843
vt 0.001959 0.358902
vt 0.002942 0.358902
vt 0.318749 0.269204
vt 0.318794 0.272175
vt 0.318332 0.272007
vt 0.040544 0.240226
vt 0.041036 0.240296
vt 0.040052 0.240296
vt 0.208892 0.237225
vt 0.209354 0.237057
vt 0.208430 0.237393
vt 0.002450 0.361469
vt 0.001959 0.361538
vt 0.002942 0.361538
vt 0.317870 0.271840
vt 0.317757 0.274810
vt 0.317305 0.274618
vt 0.040544 0.237581
vt 0.041036 0.237661
vt 0.040052 0.237661
vt 0.207864 0.234615
vt 0.208317 0.234422
vt 0.207412 0.234807
vt 0.002450 0.364045
vt 0.001959 0.364124
vt 0.002942 0.364124
vt 0.316852 0.274426
vt 0.316582 0.277385
vt 0.316141 0.277169
vt 0.040544 0.234997
vt 0.041036 0.235086
vt 0.040052 0.235086
vt 0.206700 0.232064
vt 0.207142 0.231848
vt 0.206258 0.232280
vt 0.002450 0.366562
vt 0.001959 0.366651
vt 0.002942 0.366651
vt 0.315699 0.276953
vt 0.315271 0.279894
vt 0.314842 0.279654
vt 0.040544 0.232478
vt 0.041036 0.232577
vt 0.040052 0.232577
vt 0.205401 0.229578
vt 0.205831 0.229339
vt 0.204972 0.229817
vt 0.002450 0.369015
vt 0.001959 0.369114
vt 0.002942 0.369114
vt 0.314412 0.279415
vt 0.313828 0.282329
vt 0.313412 0.282067
vt 0.040544 0.230033
vt 0.041036 0.230142
vt 0.040052 0.230142
vt 0.203971 0.227165
vt 0.204387 0.226903
vt 0.203555 0.227427
vt 0.002450 0.371395
vt 0.001959 0.371504
vt 0.002942 0.371504
vt 0.312996 0.281805
vt 0.312254 0.284683
vt 0.311853 0.284399
vt 0.040544 0.227670
vt 0.041036 0.227788
vt 0.040052 0.227788
vt 0.202412 0.224834
vt 0.202814 0.224549
vt 0.202011 0.225118
vt 0.002450 0.373695
vt 0.001959 0.373813
vt 0.002942 0.373813
vt 0.311452 0.284114
vt 0.310554 0.286947
vt 0.310169 0.286641
vt 0.040544 0.225397
vt 0.041036 0.225524
vt 0.040052 0.225524
vt 0.200728 0.222591
vt 0.201113 0.222285
vt 0.200343 0.222897
vt 0.002450 0.375907
vt 0.001959 0.376034
vt 0.002942 0.376034
vt 0.309784 0.286335
vt 0.308729 0.289114
vt 0.308362 0.288787
vt 0.040544 0.223222
vt 0.041036 0.223357
vt 0.040052 0.223357
vt 0.198922 0.220446
vt 0.199289 0.220119
vt 0.198555 0.220773
vt 0.002450 0.378023
vt 0.001959 0.378158
vt 0.002942 0.378158
vt 0.307995 0.288460
vt 0.306785 0.291174
vt 0.306437 0.290826
vt 0.040544 0.221153
vt 0.041036 0.221297
vt 0.040052 0.221297
vt 0.196996 0.218406
vt 0.197344 0.218059
vt 0.196649 0.218754
vt 0.002450 0.380033
vt 0.001959 0.380177
vt 0.002942 0.380177
vt 0.306089 0.290478
vt 0.304674 0.293163
vt 0.304348 0.292796
vt 0.040544 0.219156
vt 0.041036 0.219308
vt 0.040052 0.219308
vt 0.194907 0.216437
vt 0.195234 0.216069
vt 0.194581 0.216804
vt 0.002450 0.381975
vt 0.001959 0.382127
vt 0.002942 0.382127
vt 0.304021 0.292428
vt 0.302453 0.295026
vt 0.302148 0.294641
vt 0.040544 0.217285
vt 0.041036 0.217445
vt 0.040052 0.217445
vt 0.192707 0.214592
vt 0.193012 0.214206
vt 0.192402 0.214977
vt 0.002450 0.383794
vt 0.001959 0.383954
vt 0.002942 0.383954
vt 0.301843 0.294255
vt 0.300129 0.296760
vt 0.299846 0.296358
vt 0.040544 0.215545
vt 0.041036 0.215711
vt 0.040052 0.215711
vt 0.190405 0.212875
vt 0.190688 0.212473
vt 0.190123 0.213277
vt 0.002450 0.385487
vt 0.001959 0.385654
vt 0.002942 0.385654
vt 0.299563 0.295955
vt 0.297711 0.298360
vt 0.297452 0.297942
vt 0.040544 0.213938
vt 0.041036 0.214111
vt 0.040052 0.214111
vt 0.188011 0.211290
vt 0.188271 0.210873
vt 0.187751 0.211707
vt 0.002450 0.387051
vt 0.001959 0.387224
vt 0.002942 0.387224
vt 0.297192 0.297525
vt 0.295210 0.299823
vt 0.294973 0.299392
vt 0.561772 0.916604
vt 0.562264 0.916496
vt 0.562264 0.919008
vt 0.561772 0.919106
vt 0.562756 0.916604
vt 0.562756 0.919106
vt 0.185533 0.209840
vt 0.185769 0.209409
vt 0.185296 0.210271
vt 0.607769 0.916492
vt 0.608260 0.916600
vt 0.608260 0.919045
vt 0.607769 0.918947
vt 0.608752 0.916492
vt 0.608752 0.918947
vt 0.294737 0.298961
vt 0.292632 0.301147
vt 0.292419 0.300704
vt 0.562264 0.921596
vt 0.561772 0.921684
vt 0.562756 0.921684
vt 0.182978 0.208528
vt 0.183191 0.208085
vt 0.182766 0.208972
vt 0.608260 0.921565
vt 0.607769 0.921477
vt 0.608752 0.921477
vt 0.292206 0.300261
vt 0.289985 0.302329
vt 0.289797 0.301875
vt 0.562264 0.924252
vt 0.561772 0.924330
vt 0.562756 0.924330
vt 0.180357 0.207358
vt 0.180545 0.206903
vt 0.180168 0.207812
vt 0.608260 0.924153
vt 0.607769 0.924075
vt 0.608752 0.924075
vt 0.289609 0.301421
vt 0.287278 0.303365
vt 0.287115 0.302901
vt 0.562264 0.926970
vt 0.561772 0.927037
vt 0.562756 0.927037
vt 0.177675 0.206331
vt 0.177838 0.205868
vt 0.177512 0.206795
vt 0.608260 0.926799
vt 0.607769 0.926732
vt 0.608752 0.926732
vt 0.286952 0.302437
vt 0.284519 0.304252
vt 0.284382 0.303780
vt 0.562264 0.929739
vt 0.561772 0.929796
vt 0.562756 0.929796
vt 0.174941 0.205453
vt 0.175079 0.204981
vt 0.174804 0.205925
vt 0.608260 0.929497
vt 0.607769 0.929440
vt 0.608752 0.929440
vt 0.284244 0.303308
vt 0.281715 0.304986
vt 0.281604 0.304507
vt 0.562264 0.932554
vt 0.561772 0.932600
vt 0.562756 0.932600
vt 0.172163 0.204726
vt 0.172275 0.204247
vt 0.172052 0.205204
vt 0.608260 0.932237
vt 0.607769 0.932191
vt 0.608752 0.932191
vt 0.281492 0.304028
vt 0.278875 0.305563
vt 0.278790 0.305079
vt 0.562264 0.935406
vt 0.561772 0.935441
vt 0.562756 0.935441
vt 0.169350 0.204153
vt 0.169434 0.203669
vt 0.169265 0.204638
vt 0.608260 0.935013
vt 0.607769 0.934978
vt 0.608752 0.934978
vt 0.278706 0.304595
vt 0.276006 0.305981
vt 0.275949 0.305493
vt 0.562264 0.938286
vt 0.561772 0.938310
vt 0.562756 0.938310
vt 0.166508 0.203740
vt 0.166565 0.203251
vt 0.166451 0.204228
vt 0.608260 0.937816
vt 0.607769 0.937792
vt 0.608752 0.937792
vt 0.275892 0.305005
vt 0.273117 0.306235
vt 0.273088 0.305744
vt 0.562264 0.941186
vt 0.561772 0.941198
vt 0.562756 0.941198
vt 0.163648 0.203489
vt 0.163677 0.202998
vt 0.163619 0.203979
vt 0.608260 0.940636
vt 0.607769 0.940624
vt 0.608752 0.940624
vt 0.273059 0.305253
vt 0.270218 0.306320
vt 0.270218 0.305828
vt 0.562264 0.944097
vt 0.561772 0.944097
vt 0.562756 0.944097
vt 0.160778 0.203404
vt 0.160778 0.202913
vt 0.160778 0.203896
vt 0.608260 0.943466
vt 0.607769 0.943466
vt 0.608752 0.943466
vt 0.270218 0.305337
vn -0.000272 0.999957 -0.009251
vn -0.020948 0.702303 -0.711570
vn -0.041591 0.702514 -0.710453
vn -0.000532 0.999958 -0.009123
vn -0.029427 -0.000001 -0.999567
vn -0.058442 -0.000001 -0.998291
vn -0.020948 -0.702303 -0.711570
vn -0.041591 -0.702515 -0.710453
vn -0.000272 -0.999957 -0.009254
vn -0.000532 -0.999958 -0.009119
vn 0.020678 -0.711556 0.702325
vn 0.041062 -0.711650 0.701334
vn 0.029430 0.000002 0.999567
vn 0.058448 0.000002 0.998291
vn 0.020678 0.711554 0.702328
vn 0.041062 0.711650 0.701334
vn -0.082384 0.702600 -0.706800
vn -0.001037 0.999960 -0.008911
vn -0.115775 -0.000000 -0.993275
vn -0.082384 -0.702599 -0.706800
vn -0.001037 -0.999960 -0.008904
vn 0.081350 -0.711567 0.697893
vn 0.115781 0.000000 0.993275
vn 0.081350 0.711567 0.697893
vn -0.122206 0.702671 -0.700942
vn -0.001515 0.999961 -0.008698
vn -0.171755 0.000000 -0.985140
vn -0.122206 -0.702672 -0.700941
vn -0.001514 -0.999961 -0.008694
vn 0.120694 -0.711497 0.692246
vn 0.171760 0.000001 0.985139
vn 0.120694 0.711497 0.692246
vn -0.161068 0.702728 -0.692987
vn -0.001972 0.999962 -0.008488
vn -0.226391 -0.000000 -0.974036
vn -0.161068 -0.702730 -0.692985
vn -0.001971 -0.999962 -0.008486
vn 0.159097 -0.711441 0.684500
vn 0.226394 0.000003 0.974036
vn 0.159098 0.711440 0.684500
vn -0.198997 0.702770 -0.683018
vn -0.002414 0.999963 -0.008287
vn -0.279719 0.000000 -0.960082
vn -0.198997 -0.702771 -0.683018
vn -0.002413 -0.999963 -0.008284
vn 0.196586 -0.711400 0.674732
vn 0.279722 0.000004 0.960081
vn 0.196585 0.711399 0.674733
vn -0.236037 0.702797 -0.671091
vn -0.002847 0.999963 -0.008096
vn -0.331796 0.000000 -0.943351
vn -0.236037 -0.702796 -0.671092
vn -0.002846 -0.999963 -0.008095
vn 0.233193 -0.711376 0.662998
vn 0.331798 0.000002 0.943351
vn 0.233192 0.711374 0.662999
vn -0.272235 0.702806 -0.657230
vn -0.003277 0.999963 -0.007913
vn -0.382685 0.000000 -0.923879
vn -0.272234 -0.702806 -0.657231
vn -0.003276 -0.999963 -0.007910
vn 0.268958 -0.711366 0.649323
vn 0.382682 -0.000000 0.923880
vn 0.268958 0.711365 0.649324
vn -0.307629 0.702796 -0.641437
vn -0.003711 0.999963 -0.007739
vn -0.432434 0.000000 -0.901666
vn -0.307629 -0.702797 -0.641437
vn -0.003709 -0.999963 -0.007733
vn 0.303919 -0.711373 0.633705
vn 0.432432 -0.000000 0.901667
vn 0.303920 0.711374 0.633703
vn -0.342255 0.702770 -0.623679
vn -0.004154 0.999963 -0.007569
vn -0.481090 0.000001 -0.876671
vn -0.342255 -0.702771 -0.623678
vn -0.004151 -0.999963 -0.007564
vn 0.338102 -0.711399 0.616116
vn 0.481087 0.000001 0.876673
vn 0.338102 0.711401 0.616113
vn -0.376123 0.702728 -0.603908
vn -0.004608 0.999962 -0.007398
vn -0.528666 0.000001 -0.848830
vn -0.376123 -0.702728 -0.603908
vn -0.004606 -0.999962 -0.007398
vn 0.371516 -0.711442 0.596512
vn 0.528664 0.000001 0.848831
vn 0.371516 0.711442 0.596512
vn -0.409228 0.702670 -0.582055
vn -0.005079 0.999961 -0.007219
vn -0.575149 0.000000 -0.818049
vn -0.409228 -0.702670 -0.582054
vn -0.005077 -0.999961 -0.007222
vn 0.404150 -0.711499 0.574833
vn 0.575147 -0.000000 0.818050
vn 0.404148 0.711498 0.574836
vn -0.441530 0.702599 -0.558038
vn -0.005568 0.999960 -0.007032
vn -0.620486 0.000000 -0.784218
vn -0.441530 -0.702600 -0.558036
vn -0.005566 -0.999960 -0.007031
vn 0.435962 -0.711568 0.551006
vn 0.620483 0.000000 0.784220
vn 0.435961 0.711568 0.551007
vn -0.472956 0.702515 -0.531776
vn -0.006074 0.999958 -0.006828
vn -0.664573 -0.000000 -0.747224
vn -0.472957 -0.702515 -0.531775
vn -0.006073 -0.999958 -0.006824
vn 0.466881 -0.711651 0.524953
vn 0.664569 -0.000001 0.747227
vn 0.466882 0.711651 0.524952
vn -0.502892 0.702500 -0.503581
vn -0.006479 0.999958 -0.006490
vn -0.706625 -0.000001 -0.707588
vn -0.502893 -0.702500 -0.503580
vn -0.006476 -0.999958 -0.006489
vn 0.496415 -0.711668 0.497093
vn 0.706622 0.000001 0.707591
vn 0.496414 0.711668 0.497094
vn -0.531079 0.702596 -0.473617
vn -0.006698 0.999960 -0.005977
vn -0.746330 -0.000000 -0.665576
vn -0.531080 -0.702596 -0.473617
vn -0.006697 -0.999960 -0.005975
vn 0.524385 -0.711571 0.467639
vn 0.746334 0.000002 0.665572
vn 0.524385 0.711571 0.467641
vn -0.556806 0.702678 -0.442956
vn -0.006899 0.999961 -0.005492
vn -0.782573 0.000000 -0.622559
vn -0.556806 -0.702678 -0.442956
vn -0.006897 -0.999961 -0.005489
vn 0.549912 -0.711492 0.437465
vn 0.782576 -0.000000 0.622556
vn 0.549911 0.711492 0.437466
vn -0.580385 0.702749 -0.411457
vn -0.007080 0.999962 -0.005021
vn -0.815793 -0.000000 -0.578345
vn -0.580385 -0.702748 -0.411458
vn -0.007076 -0.999962 -0.005020
vn 0.573312 -0.711422 0.406439
vn 0.815794 -0.000000 0.578342
vn 0.573312 0.711423 0.406438
vn -0.601897 0.702805 -0.379190
vn -0.007248 0.999963 -0.004567
vn -0.846095 0.000000 -0.533032
vn -0.601897 -0.702805 -0.379191
vn -0.007245 -0.999963 -0.004565
vn 0.594653 -0.711367 0.374625
vn 0.846097 0.000002 0.533029
vn 0.594654 0.711368 0.374624
vn -0.621416 0.702847 -0.346192
vn -0.007410 0.999964 -0.004130
vn -0.873584 -0.000000 -0.486674
vn -0.621416 -0.702847 -0.346192
vn -0.007408 -0.999964 -0.004127
vn 0.614009 -0.711327 0.342062
vn 0.873586 0.000002 0.486670
vn 0.614009 0.711327 0.342063
vn -0.639005 0.702874 -0.312476
vn -0.007573 0.999964 -0.003706
vn -0.898344 -0.000000 -0.439292
vn -0.639005 -0.702874 -0.312476
vn -0.007570 -0.999965 -0.003704
vn 0.631436 -0.711301 0.308771
vn 0.898345 0.000000 0.439290
vn 0.631436 0.711301 0.308772
vn -0.654721 0.702883 -0.278020
vn -0.007741 0.999965 -0.003288
vn -0.920451 0.000000 -0.390858
vn -0.654721 -0.702884 -0.278019
vn -0.007738 -0.999965 -0.003286
vn 0.646984 -0.711290 0.274733
vn 0.920451 0.000002 0.390858
vn 0.646983 0.711291 0.274733
vn -0.668584 0.702878 -0.242814
vn -0.007916 0.999965 -0.002874
vn -0.939933 -0.000000 -0.341360
vn -0.668584 -0.702878 -0.242812
vn -0.007913 -0.999965 -0.002873
vn 0.660672 -0.711296 0.239940
vn 0.939932 0.000002 0.341361
vn 0.660671 0.711296 0.239941
vn -0.680607 0.702856 -0.206802
vn -0.008098 0.999964 -0.002460
vn -0.956807 -0.000000 -0.290724
vn -0.680608 -0.702856 -0.206800
vn -0.008095 -0.999964 -0.002459
vn 0.672512 -0.711316 0.204344
vn 0.956806 -0.000000 0.290727
vn 0.672512 0.711316 0.204343
vn -0.690767 0.702820 -0.169954
vn -0.008289 0.999964 -0.002038
vn -0.971041 -0.000000 -0.238912
vn -0.690768 -0.702820 -0.169954
vn -0.008285 -0.999964 -0.002038
vn 0.682482 -0.711351 0.167919
vn 0.971041 0.000000 0.238915
vn 0.682483 0.711352 0.167918
vn -0.699023 0.702768 -0.132227
vn -0.008487 0.999963 -0.001604
vn -0.982575 0.000000 -0.185865
vn -0.699023 -0.702768 -0.132227
vn -0.008484 -0.999963 -0.001604
vn 0.690539 -0.711402 0.130626
vn 0.982575 0.000000 0.185868
vn 0.690539 0.711402 0.130625
vn -0.705301 0.702703 -0.093589
vn -0.008692 0.999962 -0.001152
vn -0.991311 0.000000 -0.131541
vn -0.705301 -0.702703 -0.093589
vn -0.008689 -0.999962 -0.001151
vn 0.696614 -0.711466 0.092441
vn 0.991310 0.000000 0.131546
vn 0.696614 0.711466 0.092440
vn -0.709510 0.702622 -0.054014
vn -0.008898 0.999960 -0.000675
vn -0.997115 0.000000 -0.075910
vn -0.709510 -0.702622 -0.054014
vn -0.008895 -0.999960 -0.000675
vn 0.700613 -0.711545 0.053342
vn 0.997114 0.000000 0.075916
vn 0.700613 0.711545 0.053342
vn -0.711508 0.702546 -0.013589
vn -0.009071 0.999959 -0.000172
vn -0.999818 0.000000 -0.019097
vn -0.711508 -0.702546 -0.013589
vn -0.009068 -0.999959 -0.000172
vn 0.702437 -0.711620 0.013419
vn 0.999818 0.000000 0.019099
vn 0.702437 0.711620 0.013419
vn -0.711097 0.702570 0.027156
vn -0.009023 0.999959 0.000343
vn -0.999272 0.000000 0.038161
vn -0.711097 -0.702570 0.027156
vn -0.009020 -0.999959 0.000343
vn 0.702074 -0.711599 -0.026816
vn 0.999271 -0.000000 -0.038167
vn 0.702074 0.711599 -0.026816
vn -0.708342 0.702653 0.067316
vn -0.008828 0.999961 0.000837
vn -0.995515 0.000000 0.094608
vn -0.708341 -0.702653 0.067316
vn -0.008825 -0.999961 0.000837
vn 0.699518 -0.711516 -0.066482
vn 0.995514 0.000002 -0.094613
vn 0.699517 0.711517 -0.066482
vn -0.703433 0.702727 0.106571
vn -0.008623 0.999962 0.001305
vn -0.988717 0.000000 0.149793
vn -0.703434 -0.702726 0.106571
vn -0.008620 -0.999962 0.001304
vn 0.694814 -0.711444 -0.105269
vn 0.988717 0.000000 -0.149797
vn 0.694815 0.711443 -0.105269
vn -0.696487 0.702786 0.144903
vn -0.008421 0.999963 0.001751
vn -0.979036 0.000000 0.203687
vn -0.696487 -0.702787 0.144904
vn -0.008418 -0.999963 0.001751
vn 0.688069 -0.711384 -0.143154
vn 0.979035 -0.000001 -0.203691
vn 0.688070 0.711383 -0.143155
vn -0.687589 0.702835 0.182332
vn -0.008224 0.999964 0.002180
vn -0.966593 0.000000 0.256317
vn -0.687588 -0.702836 0.182331
vn -0.008220 -0.999964 0.002178
vn 0.679370 -0.711337 -0.180154
vn 0.966592 -0.000000 -0.256320
vn 0.679370 0.711338 -0.180155
vn -0.676806 0.702865 0.218895
vn -0.008035 0.999964 0.002598
vn -0.951474 0.000000 0.307730
vn -0.676806 -0.702865 0.218894
vn -0.008032 -0.999964 0.002596
vn 0.668771 -0.711309 -0.216297
vn 0.951473 -0.000000 -0.307731
vn 0.668771 0.711309 -0.216298
vn -0.664172 0.702878 0.254634
vn -0.007856 0.999965 0.003011
vn -0.933730 0.000000 0.357979
vn -0.664172 -0.702878 0.254633
vn -0.007853 -0.999965 0.003011
vn 0.656313 -0.711295 -0.251620
vn 0.933730 0.000002 -0.357978
vn 0.656312 0.711295 -0.251620
vn -0.649693 0.702878 0.289588
vn -0.007685 0.999965 0.003426
vn -0.913376 0.000000 0.407118
vn -0.649693 -0.702878 0.289587
vn -0.007682 -0.999965 0.003426
vn 0.642008 -0.711293 -0.286161
vn 0.913376 0.000002 -0.407117
vn 0.642008 0.711294 -0.286159
vn -0.633356 0.702864 0.323793
vn -0.007519 0.999964 0.003846
vn -0.890391 0.000000 0.455196
vn -0.633357 -0.702865 0.323790
vn -0.007517 -0.999964 0.003842
vn 0.625840 -0.711307 -0.319949
vn 0.890392 0.000002 -0.455195
vn 0.625841 0.711307 -0.319947
vn -0.615127 0.702834 0.357272
vn -0.007358 0.999964 0.004274
vn -0.864728 0.000000 0.502241
vn -0.615127 -0.702834 0.357271
vn -0.007355 -0.999964 0.004272
vn 0.607774 -0.711338 -0.352999
vn 0.864729 0.000002 -0.502240
vn 0.607775 0.711338 -0.352999
vn -0.594953 0.702786 0.390029
vn -0.007192 0.999963 0.004716
vn -0.836311 -0.000000 0.548255
vn -0.594953 -0.702786 0.390030
vn -0.007191 -0.999963 0.004718
vn 0.587763 -0.711385 -0.385313
vn 0.836314 -0.000001 -0.548251
vn 0.587765 0.711383 -0.385313
vn -0.572761 0.702726 0.422045
vn -0.007020 0.999962 0.005175
vn -0.805048 0.000001 0.593209
vn -0.572761 -0.702725 0.422046
vn -0.007018 -0.999962 0.005173
vn 0.565742 -0.711446 -0.416870
vn 0.805051 -0.000002 -0.593205
vn 0.565745 0.711444 -0.416870
vn -0.548473 0.702652 0.453274
vn -0.006835 0.999961 0.005651
vn -0.770834 0.000001 0.637037
vn -0.548474 -0.702652 0.453272
vn -0.006832 -0.999961 0.005647
vn 0.541643 -0.711517 -0.447623
vn 0.770836 -0.000001 -0.637033
vn 0.541643 0.711517 -0.447624
vn -0.522022 0.702570 0.483620
vn -0.006623 0.999959 0.006138
vn -0.733576 -0.000000 0.679607
vn -0.522023 -0.702572 0.483617
vn -0.006620 -0.999959 0.006136
vn 0.515404 -0.711598 -0.477481
vn 0.733579 0.000000 -0.679604
vn 0.515404 0.711597 -0.477482
vn -0.493501 0.702549 0.512719
vn -0.006292 0.999959 0.006535
vn -0.693475 -0.000000 0.720481
vn -0.493501 -0.702549 0.512719
vn -0.006289 -0.999959 0.006534
vn 0.487210 -0.711619 -0.506187
vn 0.693472 0.000000 -0.720484
vn 0.487209 0.711619 -0.506188
vn -0.463504 0.702623 0.539893
vn -0.005815 0.999960 0.006771
vn -0.651390 -0.000000 0.758743
vn -0.463505 -0.702623 0.539892
vn -0.005812 -0.999960 0.006766
vn 0.457689 -0.711545 -0.533128
vn 0.651384 0.000000 -0.758748
vn 0.457689 0.711545 -0.533127
vn -0.432546 0.702701 0.564903
vn -0.005332 0.999962 0.006964
vn -0.607950 -0.000000 0.793975
vn -0.432547 -0.702703 0.564899
vn -0.005330 -0.999962 0.006958
vn 0.427213 -0.711467 -0.557946
vn 0.607944 0.000001 -0.793980
vn 0.427215 0.711468 -0.557944
vn -0.400785 0.702767 0.587784
vn -0.004867 0.999963 0.007136
vn -0.563360 0.000000 0.826211
vn -0.400785 -0.702768 0.587782
vn -0.004866 -0.999963 0.007134
vn 0.395918 -0.711402 -0.580652
vn 0.563357 0.000002 -0.826213
vn 0.395919 0.711403 -0.580649
vn -0.368270 0.702817 0.608625
vn -0.004420 0.999964 0.007301
vn -0.517692 0.000000 0.855567
vn -0.368271 -0.702819 0.608622
vn -0.004418 -0.999964 0.007299
vn 0.363852 -0.711352 -0.601324
vn 0.517692 0.000000 -0.855567
vn 0.363852 0.711353 -0.601323
vn -0.335031 0.702854 0.627495
vn -0.003986 0.999964 0.007466
vn -0.470993 -0.000000 0.882137
vn -0.335033 -0.702858 0.627490
vn -0.003985 -0.999964 0.007464
vn 0.331046 -0.711317 -0.620029
vn 0.470991 0.000000 -0.882138
vn 0.331046 0.711317 -0.620029
vn -0.301066 0.702877 0.644456
vn -0.003564 0.999965 0.007628
vn -0.423256 0.000000 0.906010
vn -0.301066 -0.702878 0.644455
vn -0.003563 -0.999965 0.007628
vn 0.297503 -0.711297 -0.636827
vn 0.423255 0.000001 -0.906011
vn 0.297502 0.711296 -0.636829
vn -0.266369 0.702884 0.659547
vn -0.003150 0.999965 0.007799
vn -0.374479 0.000001 0.927235
vn -0.266368 -0.702881 0.659550
vn -0.003148 -0.999965 0.007797
vn 0.263221 -0.711291 -0.651752
vn 0.374479 0.000000 -0.927236
vn 0.263220 0.711289 -0.651753
vn -0.230893 0.702873 0.672799
vn -0.002736 0.999964 0.007978
vn -0.324599 0.000001 0.945852
vn -0.230892 -0.702872 0.672800
vn -0.002735 -0.999965 0.007970
vn 0.228157 -0.711299 -0.664829
vn 0.324599 -0.000001 -0.945852
vn 0.228158 0.711301 -0.664827
vn -0.194614 0.702845 0.684203
vn -0.002320 0.999964 0.008161
vn -0.273588 0.000000 0.961847
vn -0.194614 -0.702845 0.684203
vn -0.002320 -0.999964 0.008157
vn 0.192296 -0.711324 -0.676048
vn 0.273590 -0.000001 -0.961846
vn 0.192296 0.711327 -0.676044
vn -0.157478 0.702802 0.693736
vn -0.001896 0.999963 0.008355
vn -0.221369 0.000000 0.975190
vn -0.157478 -0.702804 0.693735
vn -0.001895 -0.999963 0.008352
vn 0.155585 -0.711366 -0.685384
vn 0.221372 -0.000000 -0.975189
vn 0.155585 0.711368 -0.685382
vn -0.119450 0.702746 0.701342
vn -0.001456 0.999962 0.008558
vn -0.167899 0.000000 0.985804
vn -0.119450 -0.702749 0.701339
vn -0.001455 -0.999962 0.008551
vn 0.117997 -0.711423 -0.692787
vn 0.167903 -0.000000 -0.985804
vn 0.117996 0.711424 -0.692786
vn -0.080504 0.702677 0.706940
vn -0.000996 0.999961 0.008761
vn -0.113147 0.000000 0.993578
vn -0.080504 -0.702677 0.706940
vn -0.000995 -0.999961 0.008757
vn 0.079511 -0.711492 -0.698181
vn 0.113151 -0.000000 -0.993578
vn 0.079511 0.711492 -0.698182
vn -0.040632 0.702595 0.710428
vn -0.000511 0.999960 0.008966
vn -0.057102 -0.000000 0.998368
vn -0.040632 -0.702597 0.710427
vn -0.000510 -0.999960 0.008957
vn 0.040125 -0.711570 -0.701468
vn 0.057108 -0.000000 -0.998368
vn 0.040125 0.711572 -0.701466
vn 0.000000 0.702542 0.711642
vn 0.000000 0.999959 0.009087
vn 0.000000 -0.000001 1.000000
vn 0.000000 -0.702544 0.711641
vn 0.000000 -0.999959 0.009082
vn 0.000000 -0.711625 -0.702559
vn 0.000000 0.000001 -1.000000
vn 0.000000 0.711627 -0.702558
vn 0.040632 0.702598 0.710426
vn 0.000511 0.999960 0.008962
vn 0.057102 -0.000000 0.998368
vn 0.040632 -0.702595 0.710429
vn 0.000510 -0.999960 0.008959
vn -0.040125 -0.711572 -0.701466
vn -0.057108 0.000000 -0.998368
vn -0.040125 0.711570 -0.701469
vn 0.080504 0.702678 0.706939
vn 0.000996 0.999961 0.008761
vn 0.113147 -0.000000 0.993578
vn 0.080504 -0.702677 0.706940
vn 0.000996 -0.999961 0.008757
vn -0.079511 -0.711492 -0.698181
vn -0.113151 0.000000 -0.993578
vn -0.079511 0.711491 -0.698182
vn 0.119450 0.702746 0.701341
vn 0.001456 0.999962 0.008558
vn 0.167899 -0.000000 0.985804
vn 0.119450 -0.702747 0.701340
vn 0.001455 -0.999962 0.008552
vn -0.117997 -0.711422 -0.692788
vn -0.167903 0.000000 -0.985804
vn -0.117997 0.711424 -0.692786
vn 0.157478 0.702803 0.693736
vn 0.001896 0.999963 0.008355
vn 0.221369 -0.000001 0.975190
vn 0.157478 -0.702803 0.693735
vn 0.001894 -0.999963 0.008351
vn -0.155585 -0.711367 -0.685384
vn -0.221372 0.000001 -0.975189
vn -0.155585 0.711368 -0.685382
vn 0.194614 0.702846 0.684203
vn 0.002320 0.999964 0.008161
vn 0.273588 -0.000001 0.961847
vn 0.194614 -0.702846 0.684203
vn 0.002319 -0.999964 0.008156
vn -0.192296 -0.711326 -0.676046
vn -0.273590 0.000001 -0.961846
vn -0.192296 0.711327 -0.676045
vn 0.230893 0.702873 0.672799
vn 0.002736 0.999964 0.007978
vn 0.324599 -0.000001 0.945852
vn 0.230892 -0.702871 0.672801
vn 0.002735 -0.999964 0.007970
vn -0.228157 -0.711300 -0.664829
vn -0.324599 0.000001 -0.945852
vn -0.228158 0.711301 -0.664827
vn 0.266369 0.702883 0.659547
vn 0.003149 0.999965 0.007799
vn 0.374479 -0.000000 0.927235
vn 0.266368 -0.702881 0.659550
vn 0.003148 -0.999965 0.007797
vn -0.263221 -0.711291 -0.651752
vn -0.374479 0.000001 -0.927236
vn -0.263220 0.711290 -0.651753
vn 0.301066 0.702876 0.644456
vn 0.003564 0.999965 0.007628
vn 0.423256 0.000000 0.906010
vn 0.301066 -0.702878 0.644455
vn 0.003563 -0.999965 0.007628
vn -0.297503 -0.711297 -0.636828
vn -0.423255 0.000002 -0.906010
vn -0.297502 0.711296 -0.636829
vn 0.335032 0.702854 0.627495
vn 0.003986 0.999964 0.007466
vn 0.470994 0.000000 0.882137
vn 0.335033 -0.702857 0.627491
vn 0.003985 -0.999964 0.007464
vn -0.331046 -0.711318 -0.620029
vn -0.470991 0.000001 -0.882138
vn -0.331046 0.711317 -0.620029
vn 0.368271 0.702818 0.608624
vn 0.004420 0.999964 0.007302
vn 0.517693 0.000000 0.855567
vn 0.368271 -0.702819 0.608623
vn 0.004418 -0.999964 0.007300
vn -0.363852 -0.711353 -0.601323
vn -0.517692 0.000001 -0.855567
vn -0.363852 0.711353 -0.601323
vn 0.400786 0.702767 0.587783
vn 0.004868 0.999963 0.007135
vn 0.563360 0.000000 0.826211
vn 0.400785 -0.702768 0.587783
vn 0.004866 -0.999963 0.007132
vn -0.395917 -0.711401 -0.580653
vn -0.563356 0.000002 -0.826214
vn -0.395918 0.711404 -0.580650
vn 0.432546 0.702702 0.564902
vn 0.005332 0.999962 0.006963
vn 0.607950 -0.000001 0.793975
vn 0.432546 -0.702702 0.564901
vn 0.005330 -0.999962 0.006959
vn -0.427213 -0.711468 -0.557945
vn -0.607944 0.000001 -0.793980
vn -0.427214 0.711469 -0.557943
vn 0.463504 0.702623 0.539893
vn 0.005814 0.999960 0.006772
vn 0.651390 -0.000001 0.758743
vn 0.463505 -0.702623 0.539893
vn 0.005812 -0.999960 0.006769
vn -0.457689 -0.711547 -0.533125
vn -0.651386 0.000001 -0.758747
vn -0.457690 0.711546 -0.533126
vn 0.493501 0.702549 0.512719
vn 0.006292 0.999959 0.006537
vn 0.693476 0.000000 0.720480
vn 0.493501 -0.702549 0.512720
vn 0.006289 -0.999959 0.006535
vn -0.487210 -0.711619 -0.506186
vn -0.693473 0.000000 -0.720483
vn -0.487210 0.711619 -0.506187
vn 0.522022 0.702570 0.483620
vn 0.006622 0.999959 0.006140
vn 0.733576 -0.000000 0.679607
vn 0.522023 -0.702571 0.483618
vn 0.006620 -0.999959 0.006138
vn -0.515404 -0.711597 -0.477481
vn -0.733579 -0.000000 -0.679604
vn -0.515404 0.711597 -0.477481
vn 0.548472 0.702652 0.453274
vn 0.006834 0.999961 0.005652
vn 0.770833 0.000000 0.637037
vn 0.548474 -0.702652 0.453273
vn 0.006833 -0.999961 0.005650
vn -0.541642 -0.711518 -0.447622
vn -0.770836 -0.000001 -0.637034
vn -0.541643 0.711518 -0.447622
vn 0.572760 0.702725 0.422046
vn 0.007020 0.999962 0.005174
vn 0.805048 0.000001 0.593210
vn 0.572761 -0.702725 0.422046
vn 0.007019 -0.999962 0.005172
vn -0.565743 -0.711445 -0.416871
vn -0.805051 -0.000001 -0.593205
vn -0.565744 0.711444 -0.416870
vn 0.594954 0.702785 0.390030
vn 0.007192 0.999963 0.004716
vn 0.836311 0.000000 0.548255
vn 0.594953 -0.702785 0.390030
vn 0.007189 -0.999963 0.004715
vn -0.587764 -0.711383 -0.385314
vn -0.836313 0.000000 -0.548252
vn -0.587765 0.711383 -0.385314
vn 0.615128 0.702833 0.357272
vn 0.007357 0.999964 0.004275
vn 0.864728 0.000000 0.502241
vn 0.615128 -0.702834 0.357271
vn 0.007354 -0.999964 0.004272
vn -0.607774 -0.711339 -0.352998
vn -0.864728 0.000002 -0.502240
vn -0.607774 0.711339 -0.352998
vn 0.633357 0.702864 0.323793
vn 0.007519 0.999964 0.003844
vn 0.890391 0.000000 0.455197
vn 0.633357 -0.702865 0.323790
vn 0.007516 -0.999964 0.003841
vn -0.625839 -0.711307 -0.319949
vn -0.890392 0.000002 -0.455195
vn -0.625840 0.711308 -0.319947
vn 0.649693 0.702878 0.289588
vn 0.007685 0.999965 0.003424
vn 0.913375 -0.000000 0.407118
vn 0.649694 -0.702878 0.289586
vn 0.007682 -0.999965 0.003423
vn -0.642007 -0.711293 -0.286162
vn -0.913376 0.000002 -0.407117
vn -0.642008 0.711294 -0.286160
vn 0.664172 0.702878 0.254634
vn 0.007857 0.999965 0.003012
vn 0.933730 -0.000000 0.357978
vn 0.664172 -0.702878 0.254632
vn 0.007854 -0.999965 0.003011
vn -0.656313 -0.711295 -0.251621
vn -0.933730 0.000002 -0.357977
vn -0.656313 0.711295 -0.251620
vn 0.676805 0.702865 0.218895
vn 0.008036 0.999964 0.002598
vn 0.951474 -0.000000 0.307730
vn 0.676805 -0.702865 0.218895
vn 0.008033 -0.999964 0.002597
vn -0.668772 -0.711309 -0.216298
vn -0.951474 0.000000 -0.307730
vn -0.668772 0.711309 -0.216297
vn 0.687589 0.702835 0.182332
vn 0.008224 0.999964 0.002180
vn 0.966593 -0.000000 0.256317
vn 0.687588 -0.702836 0.182332
vn 0.008221 -0.999964 0.002179
vn -0.679370 -0.711337 -0.180155
vn -0.966592 0.000000 -0.256320
vn -0.679370 0.711338 -0.180154
vn 0.696487 0.702786 0.144903
vn 0.008421 0.999963 0.001751
vn 0.979036 -0.000000 0.203686
vn 0.696487 -0.702786 0.144903
vn 0.008418 -0.999963 0.001751
vn -0.688070 -0.711383 -0.143155
vn -0.979035 0.000002 -0.203691
vn -0.688069 0.711384 -0.143155
vn 0.703433 0.702726 0.106570
vn 0.008624 0.999962 0.001305
vn 0.988718 0.000000 0.149792
vn 0.703434 -0.702725 0.106572
vn 0.008621 -0.999962 0.001305
vn -0.694814 -0.711443 -0.105269
vn -0.988717 0.000000 -0.149797
vn -0.694816 0.711442 -0.105269
vn 0.708342 0.702652 0.067316
vn 0.008828 0.999961 0.000837
vn 0.995515 0.000000 0.094608
vn 0.708342 -0.702652 0.067316
vn 0.008825 -0.999961 0.000837
vn -0.699517 -0.711517 -0.066482
vn -0.995514 -0.000001 -0.094613
vn -0.699518 0.711516 -0.066482
vn 0.711097 0.702569 0.027156
vn 0.009022 0.999959 0.000343
vn 0.999272 0.000000 0.038161
vn 0.711097 -0.702569 0.027156
vn 0.009019 -0.999959 0.000343
vn -0.702074 -0.711599 -0.026816
vn -0.999271 -0.000000 -0.038167
vn -0.702074 0.711599 -0.026816
vn 0.711509 0.702546 -0.013590
vn 0.009070 0.999959 -0.000172
vn 0.999818 0.000000 -0.019097
vn 0.711509 -0.702546 -0.013589
vn 0.009066 -0.999959 -0.000172
vn -0.702436 -0.711620 0.013419
vn -0.999818 -0.000000 0.019099
vn -0.702436 0.711620 0.013419
vn 0.709510 0.702622 -0.054015
vn 0.008898 0.999960 -0.000676
vn 0.997115 0.000000 -0.075910
vn 0.709510 -0.702622 -0.054014
vn 0.008895 -0.999960 -0.000675
vn -0.700613 -0.711545 0.053342
vn -0.997114 0.000000 0.075916
vn -0.700613 0.711545 0.053342
vn 0.705300 0.702704 -0.093589
vn 0.008692 0.999962 -0.001152
vn 0.991311 0.000000 -0.131542
vn 0.705300 -0.702704 -0.093589
vn 0.008689 -0.999962 -0.001151
vn -0.696614 -0.711466 0.092441
vn -0.991310 -0.000000 0.131547
vn -0.696614 0.711466 0.092440
vn 0.699022 0.702769 -0.132227
vn 0.008488 0.999963 -0.001604
vn 0.982575 -0.000000 -0.185865
vn 0.699022 -0.702768 -0.132228
vn 0.008485 -0.999963 -0.001605
vn -0.690540 -0.711401 0.130626
vn -0.982575 0.000000 0.185869
vn -0.690540 0.711401 0.130625
vn 0.690768 0.702820 -0.169955
vn 0.008288 0.999964 -0.002039
vn 0.971041 -0.000000 -0.238912
vn 0.690768 -0.702819 -0.169955
vn 0.008285 -0.999964 -0.002039
vn -0.682483 -0.711351 0.167918
vn -0.971040 0.000000 0.238915
vn -0.682483 0.711351 0.167918
vn 0.680608 0.702856 -0.206802
vn 0.008097 0.999964 -0.002461
vn 0.956807 0.000000 -0.290724
vn 0.680608 -0.702856 -0.206802
vn 0.008094 -0.999964 -0.002460
vn -0.672513 -0.711316 0.204343
vn -0.956806 -0.000002 0.290726
vn -0.672514 0.711315 0.204343
vn 0.668584 0.702878 -0.242813
vn 0.007916 0.999965 -0.002875
vn 0.939933 0.000000 -0.341360
vn 0.668584 -0.702878 -0.242813
vn 0.007913 -0.999965 -0.002874
vn -0.660672 -0.711296 0.239939
vn -0.939933 0.000002 0.341360
vn -0.660671 0.711296 0.239940
vn 0.654721 0.702884 -0.278019
vn 0.007741 0.999965 -0.003289
vn 0.920451 -0.000000 -0.390858
vn 0.654721 -0.702884 -0.278019
vn 0.007738 -0.999965 -0.003286
vn -0.646984 -0.711290 0.274733
vn -0.920451 0.000004 0.390858
vn -0.646982 0.711292 0.274733
vn 0.639005 0.702874 -0.312474
vn 0.007574 0.999965 -0.003705
vn 0.898345 0.000000 -0.439291
vn 0.639005 -0.702874 -0.312476
vn 0.007571 -0.999965 -0.003702
vn -0.631436 -0.711300 0.308773
vn -0.898345 -0.000000 0.439291
vn -0.631436 0.711300 0.308773
vn 0.621416 0.702847 -0.346190
vn 0.007411 0.999964 -0.004128
vn 0.873584 0.000000 -0.486674
vn 0.621416 -0.702847 -0.346192
vn 0.007408 -0.999964 -0.004126
vn -0.614009 -0.711326 0.342063
vn -0.873586 0.000002 0.486670
vn -0.614009 0.711326 0.342064
vn 0.601897 0.702805 -0.379189
vn 0.007248 0.999963 -0.004565
vn 0.846095 -0.000000 -0.533033
vn 0.601898 -0.702804 -0.379191
vn 0.007244 -0.999963 -0.004563
vn -0.594654 -0.711367 0.374625
vn -0.846097 0.000002 0.533029
vn -0.594654 0.711367 0.374624
vn 0.580386 0.702749 -0.411456
vn 0.007080 0.999962 -0.005020
vn 0.815793 -0.000000 -0.578345
vn 0.580386 -0.702748 -0.411458
vn 0.007076 -0.999962 -0.005018
vn -0.573312 -0.711422 0.406440
vn -0.815794 0.000001 0.578342
vn -0.573311 0.711423 0.406437
vn 0.556806 0.702678 -0.442956
vn 0.006899 0.999961 -0.005492
vn 0.782573 -0.000000 -0.622559
vn 0.556806 -0.702678 -0.442957
vn 0.006896 -0.999961 -0.005490
vn -0.549912 -0.711492 0.437465
vn -0.782575 0.000001 0.622556
vn -0.549911 0.711492 0.437466
vn 0.531080 0.702596 -0.473618
vn 0.006698 0.999960 -0.005978
vn 0.746330 0.000000 -0.665576
vn 0.531080 -0.702596 -0.473617
vn 0.006697 -0.999960 -0.005976
vn -0.524385 -0.711572 0.467639
vn -0.746334 0.000001 0.665572
vn -0.524385 0.711571 0.467640
vn 0.502893 0.702500 -0.503580
vn 0.006479 0.999958 -0.006491
vn 0.706626 -0.000001 -0.707587
vn 0.502893 -0.702500 -0.503579
vn 0.006477 -0.999958 -0.006489
vn -0.496415 -0.711668 0.497092
vn -0.706622 0.000002 0.707591
vn -0.496415 0.711668 0.497093
vn 0.472956 0.702515 -0.531775
vn 0.006074 0.999958 -0.006828
vn 0.664574 -0.000001 -0.747223
vn 0.472957 -0.702515 -0.531774
vn 0.006072 -0.999958 -0.006825
vn -0.466882 -0.711651 0.524952
vn -0.664569 0.000002 0.747227
vn -0.466882 0.711651 0.524952
vn 0.441530 0.702599 -0.558038
vn 0.005568 0.999960 -0.007032
vn 0.620486 -0.000000 -0.784218
vn 0.441531 -0.702600 -0.558036
vn 0.005566 -0.999960 -0.007029
vn -0.435961 -0.711568 0.551007
vn -0.620482 0.000000 0.784221
vn -0.435962 0.711567 0.551008
vn 0.409228 0.702670 -0.582054
vn 0.005079 0.999961 -0.007218
vn 0.575149 -0.000001 -0.818049
vn 0.409229 -0.702671 -0.582052
vn 0.005077 -0.999961 -0.007217
vn -0.404148 -0.711498 0.574835
vn -0.575146 -0.000000 0.818051
vn -0.404148 0.711496 0.574837
vn 0.376123 0.702728 -0.603908
vn 0.004608 0.999962 -0.007398
vn 0.528666 -0.000001 -0.848830
vn 0.376124 -0.702729 -0.603907
vn 0.004607 -0.999962 -0.007395
vn -0.371515 -0.711441 0.596513
vn -0.528664 0.000001 0.848831
vn -0.371516 0.711442 0.596512
vn 0.342255 0.702771 -0.623679
vn 0.004153 0.999963 -0.007568
vn 0.481090 -0.000000 -0.876671
vn 0.342255 -0.702770 -0.623679
vn 0.004152 -0.999963 -0.007564
vn -0.338102 -0.711399 0.616116
vn -0.481087 0.000002 0.876673
vn -0.338102 0.711401 0.616114
vn 0.307629 0.702797 -0.641437
vn 0.003711 0.999963 -0.007738
vn 0.432434 0.000000 -0.901666
vn 0.307629 -0.702796 -0.641437
vn 0.003709 -0.999963 -0.007733
vn -0.303919 -0.711372 0.633705
vn -0.432432 0.000001 0.901667
vn -0.303920 0.711374 0.633703
vn 0.272235 0.702806 -0.657230
vn 0.003277 0.999963 -0.007912
vn 0.382685 0.000000 -0.923879
vn 0.272234 -0.702805 -0.657232
vn 0.003276 -0.999963 -0.007910
vn -0.268958 -0.711366 0.649323
vn -0.382682 0.000001 0.923880
vn -0.268958 0.711365 0.649324
vn 0.236038 0.702797 -0.671090
vn 0.002847 0.999963 -0.008096
vn 0.331797 0.000000 -0.943351
vn 0.236037 -0.702796 -0.671092
vn 0.002846 -0.999963 -0.008094
vn -0.233193 -0.711376 0.662997
vn -0.331797 0.000002 0.943351
vn -0.233192 0.711375 0.662999
vn 0.198997 0.702771 -0.683018
vn 0.002414 0.999963 -0.008287
vn 0.279719 0.000001 -0.960082
vn 0.198997 -0.702771 -0.683018
vn 0.002413 -0.999963 -0.008283
vn -0.196585 -0.711401 0.674732
vn -0.279722 0.000003 0.960081
vn -0.196585 0.711400 0.674733
vn 0.161068 0.702729 -0.692985
vn 0.001972 0.999962 -0.008486
vn 0.226391 -0.000000 -0.974036
vn 0.161068 -0.702730 -0.692984
vn 0.001971 -0.999962 -0.008486
vn -0.159098 -0.711441 0.684500
vn -0.226394 0.000002 0.974036
vn -0.159098 0.711441 0.684500
vn 0.122206 0.702672 -0.700941
vn 0.001515 0.999961 -0.008696
vn 0.171755 -0.000000 -0.985140
vn 0.122206 -0.702672 -0.700941
vn 0.001514 -0.999961 -0.008694
vn -0.120694 -0.711497 0.692246
vn -0.171760 0.000001 0.985139
vn -0.120694 0.711497 0.692247
vn 0.082384 0.702600 -0.706800
vn 0.001037 0.999960 -0.008911
vn 0.115775 -0.000001 -0.993275
vn 0.082384 -0.702600 -0.706800
vn 0.001037 -0.999960 -0.008904
vn -0.081350 -0.711568 0.697892
vn -0.115781 0.000001 0.993275
vn -0.081350 0.711567 0.697893
vn 0.041591 0.702514 -0.710453
vn 0.000532 0.999958 -0.009123
vn 0.058442 -0.000002 -0.998291
vn 0.041591 -0.702515 -0.710452
vn 0.000532 -0.999958 -0.009120
vn -0.041062 -0.711650 0.701333
vn -0.058448 0.000002 0.998290
vn -0.041062 0.711649 0.701334
vn 0.020948 0.702303 -0.711570
vn 0.000272 0.999957 -0.009251
vn 0.029427 -0.000002 -0.999567
vn 0.020948 -0.702303 -0.711570
vn 0.000272 -0.999957 -0.009255
vn -0.020678 -0.711556 0.702325
vn -0.029430 0.000003 0.999567
vn -0.020678 0.711553 0.702328
s 1
g pCube35 polySurface107
usemtl initialShadingGroup
f 3175/5723/4987 3176/5724/4988 3184/5725/4989 3183/5726/4990
f 3176/5727/4988 3177/5728/4991 3185/5729/4992 3184/5730/4989
f 3177/5728/4991 3178/5731/4993 3186/5732/4994 3185/5729/4992
f 3178/5733/4993 3179/5734/4995 3187/5735/4996 3186/5736/4994
f 3179/5734/4995 3180/5737/4997 3188/5738/4998 3187/5735/4996
f 3180/5739/4997 3181/5740/4999 3189/5741/5000 3188/5742/4998
f 3181/5740/4999 3182/5743/5001 3190/5744/5002 3189/5741/5000
f 3182/5745/5001 3175/5723/4987 3183/5726/4990 3190/5746/5002
f 3183/5726/4990 3184/5725/4989 3192/5747/5003 3191/5748/5004
f 3184/5730/4989 3185/5729/4992 3193/5749/5005 3192/5750/5003
f 3185/5729/4992 3186/5732/4994 3194/5751/5006 3193/5749/5005
f 3186/5736/4994 3187/5735/4996 3195/5752/5007 3194/5753/5006
f 3187/5735/4996 3188/5738/4998 3196/5754/5008 3195/5752/5007
f 3188/5742/4998 3189/5741/5000 3197/5755/5009 3196/5756/5008
f 3189/5741/5000 3190/5744/5002 3198/5757/5010 3197/5755/5009
f 3190/5746/5002 3183/5726/4990 3191/5748/5004 3198/5758/5010
f 3191/5748/5004 3192/5747/5003 3200/5759/5011 3199/5760/5012
f 3192/5750/5003 3193/5749/5005 3201/5761/5013 3200/5762/5011
f 3193/5749/5005 3194/5751/5006 3202/5763/5014 3201/5761/5013
f 3194/5753/5006 3195/5752/5007 3203/5764/5015 3202/5765/5014
f 3195/5752/5007 3196/5754/5008 3204/5766/5016 3203/5764/5015
f 3196/5756/5008 3197/5755/5009 3205/5767/5017 3204/5768/5016
f 3197/5755/5009 3198/5757/5010 3206/5769/5018 3205/5767/5017
f 3198/5758/5010 3191/5748/5004 3199/5760/5012 3206/5770/5018
f 3199/5760/5012 3200/5759/5011 3208/5771/5019 3207/5772/5020
f 3200/5762/5011 3201/5761/5013 3209/5773/5021 3208/5774/5019
f 3201/5761/5013 3202/5763/5014 3210/5775/5022 3209/5773/5021
f 3202/5765/5014 3203/5764/5015 3211/5776/5023 3210/5777/5022
f 3203/5764/5015 3204/5766/5016 3212/5778/5024 3211/5776/5023
f 3204/5768/5016 3205/5767/5017 3213/5779/5025 3212/5780/5024
f 3205/5767/5017 3206/5769/5018 3214/5781/5026 3213/5779/5025
f 3206/5770/5018 3199/5760/5012 3207/5772/5020 3214/5782/5026
f 3207/5772/5020 3208/5771/5019 3216/5783/5027 3215/5784/5028
f 3208/5774/5019 3209/5773/5021 3217/5785/5029 3216/5786/5027
f 3209/5773/5021 3210/5775/5022 3218/5787/5030 3217/5785/5029
f 3210/5777/5022 3211/5776/5023 3219/5788/5031 3218/5789/5030
f 3211/5776/5023 3212/5778/5024 3220/5790/5032 3219/5788/5031
f 3212/5780/5024 3213/5779/5025 3221/5791/5033 3220/5792/5032
f 3213/5779/5025 3214/5781/5026 3222/5793/5034 3221/5791/5033
f 3214/5782/5026 3207/5772/5020 3215/5784/5028 3222/5794/5034
f 3215/5784/5028 3216/5783/5027 3224/5795/5035 3223/5796/5036
f 3216/5786/5027 3217/5785/5029 3225/5797/5037 3224/5798/5035
f 3217/5785/5029 3218/5787/5030 3226/5799/5038 3225/5797/5037
f 3218/5789/5030 3219/5788/5031 3227/5800/5039 3226/5801/5038
f 3219/5788/5031 3220/5790/5032 3228/5802/5040 3227/5800/5039
f 3220/5792/5032 3221/5791/5033 3229/5803/5041 3228/5804/5040
f 3221/5791/5033 3222/5793/5034 3230/5805/5042 3229/5803/5041
f 3222/5794/5034 3215/5784/5028 3223/5796/5036 3230/5806/5042
f 3223/5796/5036 3224/5795/5035 3232/5807/5043 3231/5808/5044
f 3224/5798/5035 3225/5797/5037 3233/5809/5045 3232/5810/5043
f 3225/5797/5037 3226/5799/5038 3234/5811/5046 3233/5809/5045
f 3226/5801/5038 3227/5800/5039 3235/5812/5047 3234/5813/5046
f 3227/5800/5039 3228/5802/5040 3236/5814/5048 3235/5812/5047
f 3228/5804/5040 3229/5803/5041 3237/5815/5049 3236/5816/5048
f 3229/5803/5041 3230/5805/5042 3238/5817/5050 3237/5815/5049
f 3230/5806/5042 3223/5796/5036 3231/5808/5044 3238/5818/5050
f 3231/5808/5044 3232/5807/5043 3240/5819/5051 3239/5820/5052
f 3232/5810/5043 3233/5809/5045 3241/5821/5053 3240/5822/5051
f 3233/5809/5045 3234/5811/5046 3242/5823/5054 3241/5821/5053
f 3234/5813/5046 3235/5812/5047 3243/5824/5055 3242/5825/5054
f 3235/5812/5047 3236/5814/5048 3244/5826/5056 3243/5824/5055
f 3236/5816/5048 3237/5815/5049 3245/5827/5057 3244/5828/5056
f 3237/5815/5049 3238/5817/5050 3246/5829/5058 3245/5827/5057
f 3238/5818/5050 3231/5808/5044 3239/5820/5052 3246/5830/5058
f 3239/5820/5052 3240/5819/5051 3248/5831/5059 3247/5832/5060
f 3240/5822/5051 3241/5821/5053 3249/5833/5061 3248/5834/5059
f 3241/5821/5053 3242/5823/5054 3250/5835/5062 3249/5833/5061
f 3242/5825/5054 3243/5824/5055 3251/5836/5063 3250/5837/5062
f 3243/5824/5055 3244/5826/5056 3252/5838/5064 3251/5836/5063
f 3244/5828/5056 3245/5827/5057 3253/5839/5065 3252/5840/5064
f 3245/5827/5057 3246/5829/5058 3254/5841/5066 3253/5839/5065
f 3246/5830/5058 3239/5820/5052 3247/5832/5060 3254/5842/5066
f 3247/5832/5060 3248/5831/5059 3256/5843/5067 3255/5844/5068
f 3248/5834/5059 3249/5833/5061 3257/5845/5069 3256/5846/5067
f 3249/5833/5061 3250/5835/5062 3258/5847/5070 3257/5845/5069
f 3250/5837/5062 3251/5836/5063 3259/5848/5071 3258/5849/5070
f 3251/5836/5063 3252/5838/5064 3260/5850/5072 3259/5848/5071
f 3252/5840/5064 3253/5839/5065 3261/5851/5073 3260/5852/5072
f 3253/5839/5065 3254/5841/5066 3262/5853/5074 3261/5851/5073
f 3254/5842/5066 3247/5832/5060 3255/5844/5068 3262/5854/5074
f 3255/5844/5068 3256/5843/5067 3264/5855/5075 3263/5856/5076
f 3256/5857/5067 3257/5858/5069 3265/5859/5077 3264/5860/5075
f 3257/5858/5069 3258/5861/5070 3266/5862/5078 3265/5859/5077
f 3258/5849/5070 3259/5848/5071 3267/5863/5079 3266/5864/5078
f 3259/5848/5071 3260/5850/5072 3268/5865/5080 3267/5863/5079
f 3260/5866/5072 3261/5867/5073 3269/5868/5081 3268/5869/5080
f 3261/5867/5073 3262/5870/5074 3270/5871/5082 3269/5868/5081
f 3262/5854/5074 3255/5844/5068 3263/5856/5076 3270/5872/5082
f 3263/5856/5076 3264/5855/5075 3272/5873/5083 3271/5874/5084
f 3264/5860/5075 3265/5859/5077 3273/5875/5085 3272/5876/5083
f 3265/5859/5077 3266/5862/5078 3274/5877/5086 3273/5875/5085
f 3266/5864/5078 3267/5863/5079 3275/5878/5087 3274/5879/5086
f 3267/5863/5079 3268/5865/5080 3276/5880/5088 3275/5878/5087
f 3268/5869/5080 3269/5868/5081 3277/5881/5089 3276/5882/5088
f 3269/5868/5081 3270/5871/5082 3278/5883/5090 3277/5881/5089
f 3270/5872/5082 3263/5856/5076 3271/5874/5084 3278/5884/5090
f 3271/5874/5084 3272/5873/5083 3280/5885/5091 3279/5886/5092
f 3272/5876/5083 3273/5875/5085 3281/5887/5093 3280/5888/5091
f 3273/5875/5085 3274/5877/5086 3282/5889/5094 3281/5887/5093
f 3274/5879/5086 3275/5878/5087 3283/5890/5095 3282/5891/5094
f 3275/5878/5087 3276/5880/5088 3284/5892/5096 3283/5890/5095
f 3276/5882/5088 3277/5881/5089 3285/5893/5097 3284/5894/5096
f 3277/5881/5089 3278/5883/5090 3286/5895/5098 3285/5893/5097
f 3278/5884/5090 3271/5874/5084 3279/5886/5092 3286/5896/5098
f 3279/5886/5092 3280/5885/5091 3288/5897/5099 3287/5898/5100
f 3280/5888/5091 3281/5887/5093 3289/5899/5101 3288/5900/5099
f 3281/5887/5093 3282/5889/5094 3290/5901/5102 3289/5899/5101
f 3282/5891/5094 3283/5890/5095 3291/5902/5103 3290/5903/5102
f 3283/5890/5095 3284/5892/5096 3292/5904/5104 3291/5902/5103
f 3284/5894/5096 3285/5893/5097 3293/5905/5105 3292/5906/5104
f 3285/5893/5097 3286/5895/5098 3294/5907/5106 3293/5905/5105
f 3286/5896/5098 3279/5886/5092 3287/5898/5100 3294/5908/5106
f 3287/5898/5100 3288/5897/5099 3296/5909/5107 3295/5910/5108
f 3288/5900/5099 3289/5899/5101 3297/5911/5109 3296/5912/5107
f 3289/5899/5101 3290/5901/5102 3298/5913/5110 3297/5911/5109
f 3290/5903/5102 3291/5902/5103 3299/5914/5111 3298/5915/5110
f 3291/5902/5103 3292/5904/5104 3300/5916/5112 3299/5914/5111
f 3292/5906/5104 3293/5905/5105 3301/5917/5113 3300/5918/5112
f 3293/5905/5105 3294/5907/5106 3302/5919/5114 3301/5917/5113
f 3294/5908/5106 3287/5898/5100 3295/5910/5108 3302/5920/5114
f 3295/5910/5108 3296/5909/5107 3304/5921/5115 3303/5922/5116
f 3296/5912/5107 3297/5911/5109 3305/5923/5117 3304/5924/5115
f 3297/5911/5109 3298/5913/5110 3306/5925/5118 3305/5923/5117
f 3298/5915/5110 3299/5914/5111 3307/5926/5119 3306/5927/5118
f 3299/5914/5111 3300/5916/5112 3308/5928/5120 3307/5926/5119
f 3300/5918/5112 3301/5917/5113 3309/5929/5121 3308/5930/5120
f 3301/5917/5113 3302/5919/5114 3310/5931/5122 3309/5929/5121
f 3302/5920/5114 3295/5910/5108 3303/5922/5116 3310/5932/5122
f 3303/5922/5116 3304/5921/5115 3312/5933/5123 3311/5934/5124
f 3304/5924/5115 3305/5923/5117 3313/5935/5125 3312/5936/5123
f 3305/5923/5117 3306/5925/5118 3314/5937/5126 3313/5935/5125
f 3306/5927/5118 3307/5926/5119 3315/5938/5127 3314/5939/5126
f 3307/5926/5119 3308/5928/5120 3316/5940/5128 3315/5938/5127
f 3308/5930/5120 3309/5929/5121 3317/5941/5129 3316/5942/5128
f 3309/5929/5121 3310/5931/5122 3318/5943/5130 3317/5941/5129
f 3310/5932/5122 3303/5922/5116 3311/5934/5124 3318/5944/5130
f 3311/5934/5124 3312/5933/5123 3320/5945/5131 3319/5946/5132
f 3312/5936/5123 3313/5935/5125 3321/5947/5133 3320/5948/5131
f 3313/5935/5125 3314/5937/5126 3322/5949/5134 3321/5947/5133
f 3314/5939/5126 3315/5938/5127 3323/5950/5135 3322/5951/5134
f 3315/5938/5127 3316/5940/5128 3324/5952/5136 3323/5950/5135
f 3316/5942/5128 3317/5941/5129 3325/5953/5137 3324/5954/5136
f 3317/5941/5129 3318/5943/5130 3326/5955/5138 3325/5953/5137
f 3318/5944/5130 3311/5934/5124 3319/5946/5132 3326/5956/5138
f 3319/5946/5132 3320/5945/5131 3328/5957/5139 3327/5958/5140
f 3320/5948/5131 3321/5947/5133 3329/5959/5141 3328/5960/5139
f 3321/5947/5133 3322/5949/5134 3330/5961/5142 3329/5959/5141
f 3322/5951/5134 3323/5950/5135 3331/5962/5143 3330/5963/5142
f 3323/5950/5135 3324/5952/5136 3332/5964/5144 3331/5962/5143
f 3324/5954/5136 3325/5953/5137 3333/5965/5145 3332/5966/5144
f 3325/5953/5137 3326/5955/5138 3334/5967/5146 3333/5965/5145
f 3326/5956/5138 3319/5946/5132 3327/5958/5140 3334/5968/5146
f 3327/5958/5140 3328/5957/5139 3336/5969/5147 3335/5970/5148
f 3328/5960/5139 3329/5959/5141 3337/5971/5149 3336/5972/5147
f 3329/5959/5141 3330/5961/5142 3338/5973/5150 3337/5971/5149
f 3330/5963/5142 3331/5962/5143 3339/5974/5151 3338/5975/5150
f 3331/5962/5143 3332/5964/5144 3340/5976/5152 3339/5974/5151
f 3332/5966/5144 3333/5965/5145 3341/5977/5153 3340/5978/5152
f 3333/5965/5145 3334/5967/5146 3342/5979/5154 3341/5977/5153
f 3334/5968/5146 3327/5958/5140 3335/5970/5148 3342/5980/5154
f 3335/5970/5148 3336/5969/5147 3344/5981/5155 3343/5982/5156
f 3336/5972/5147 3337/5971/5149 3345/5983/5157 3344/5984/5155
f 3337/5971/5149 3338/5973/5150 3346/5985/5158 3345/5983/5157
f 3338/5975/5150 3339/5974/5151 3347/5986/5159 3346/5987/5158
f 3339/5974/5151 3340/5976/5152 3348/5988/5160 3347/5986/5159
f 3340/5978/5152 3341/5977/5153 3349/5989/5161 3348/5990/5160
f 3341/5977/5153 3342/5979/5154 3350/5991/5162 3349/5989/5161
f 3342/5980/5154 3335/5970/5148 3343/5982/5156 3350/5992/5162
f 3343/5982/5156 3344/5981/5155 3352/5993/5163 3351/5994/5164
f 3344/5984/5155 3345/5983/5157 3353/5995/5165 3352/5996/5163
f 3345/5983/5157 3346/5985/5158 3354/5997/5166 3353/5995/5165
f 3346/5987/5158 3347/5986/5159 3355/5998/5167 3354/5999/5166
f 3347/5986/5159 3348/5988/5160 3356/6000/5168 3355/5998/5167
f 3348/5990/5160 3349/5989/5161 3357/6001/5169 3356/6002/5168
f 3349/5989/5161 3350/5991/5162 3358/6003/5170 3357/6001/5169
f 3350/5992/5162 3343/5982/5156 3351/5994/5164 3358/6004/5170
f 3351/5994/5164 3352/5993/5163 3360/6005/5171 3359/6006/5172
f 3352/5996/5163 3353/5995/5165 3361/6007/5173 3360/6008/5171
f 3353/5995/5165 3354/5997/5166 3362/6009/5174 3361/6007/5173
f 3354/5999/5166 3355/5998/5167 3363/6010/5175 3362/6011/5174
f 3355/5998/5167 3356/6000/5168 3364/6012/5176 3363/6010/5175
f 3356/6002/5168 3357/6001/5169 3365/6013/5177 3364/6014/5176
f 3357/6001/5169 3358/6003/5170 3366/6015/5178 3365/6013/5177
f 3358/6004/5170 3351/5994/5164 3359/6006/5172 3366/6016/5178
f 3359/6006/5172 3360/6005/5171 3368/6017/5179 3367/6018/5180
f 3360/6008/5171 3361/6007/5173 3369/6019/5181 3368/6020/5179
f 3361/6007/5173 3362/6009/5174 3370/6021/5182 3369/6019/5181
f 3362/6011/5174 3363/6010/5175 3371/6022/5183 3370/6023/5182
f 3363/6010/5175 3364/6012/5176 3372/6024/5184 3371/6022/5183
f 3364/6014/5176 3365/6013/5177 3373/6025/5185 3372/6026/5184
f 3365/6013/5177 3366/6015/5178 3374/6027/5186 3373/6025/5185
f 3366/6016/5178 3359/6006/5172 3367/6018/5180 3374/6028/5186
f 3367/6018/5180 3368/6017/5179 3376/6029/5187 3375/6030/5188
f 3368/6020/5179 3369/6019/5181 3377/6031/5189 3376/6032/5187
f 3369/6019/5181 3370/6021/5182 3378/6033/5190 3377/6031/5189
f 3370/6023/5182 3371/6022/5183 3379/6034/5191 3378/6035/5190
f 3371/6022/5183 3372/6024/5184 3380/6036/5192 3379/6034/5191
f 3372/6026/5184 3373/6025/5185 3381/6037/5193 3380/6038/5192
f 3373/6025/5185 3374/6027/5186 3382/6039/5194 3381/6037/5193
f 3374/6028/5186 3367/6018/5180 3375/6030/5188 3382/6040/5194
f 3375/6030/5188 3376/6029/5187 3384/6041/5195 3383/6042/5196
f 3376/6032/5187 3377/6031/5189 3385/6043/5197 3384/6044/5195
f 3377/6031/5189 3378/6033/5190 3386/6045/5198 3385/6043/5197
f 3378/6035/5190 3379/6034/5191 3387/6046/5199 3386/6047/5198
f 3379/6034/5191 3380/6036/5192 3388/6048/5200 3387/6046/5199
f 3380/6038/5192 3381/6037/5193 3389/6049/5201 3388/6050/5200
f 3381/6037/5193 3382/6039/5194 3390/6051/5202 3389/6049/5201
f 3382/6040/5194 3375/6030/5188 3383/6042/5196 3390/6052/5202
f 3383/6042/5196 3384/6041/5195 3392/6053/5203 3391/6054/5204
f 3384/6044/5195 3385/6043/5197 3393/6055/5205 3392/6056/5203
f 3385/6043/5197 3386/6045/5198 3394/6057/5206 3393/6055/5205
f 3386/6047/5198 3387/6046/5199 3395/6058/5207 3394/6059/5206
f 3387/6046/5199 3388/6048/5200 3396/6060/5208 3395/6058/5207
f 3388/6050/5200 3389/6049/5201 3397/6061/5209 3396/6062/5208
f 3389/6049/5201 3390/6051/5202 3398/6063/5210 3397/6061/5209
f 3390/6052/5202 3383/6042/5196 3391/6054/5204 3398/6064/5210
f 3391/6054/5204 3392/6053/5203 3400/6065/5211 3399/6066/5212
f 3392/6056/5203 3393/6055/5205 3401/6067/5213 3400/6068/5211
f 3393/6055/5205 3394/6057/5206 3402/6069/5214 3401/6067/5213
f 3394/6059/5206 3395/6058/5207 3403/6070/5215 3402/6071/5214
f 3395/6058/5207 3396/6060/5208 3404/6072/5216 3403/6070/5215
f 3396/6062/5208 3397/6061/5209 3405/6073/5217 3404/6074/5216
f 3397/6061/5209 3398/6063/5210 3406/6075/5218 3405/6073/5217
f 3398/6064/5210 3391/6054/5204 3399/6066/5212 3406/6076/5218
f 3399/6066/5212 3400/6065/5211 3408/6077/5219 3407/6078/5220
f 3400/6068/5211 3401/6067/5213 3409/6079/5221 3408/6080/5219
f 3401/6067/5213 3402/6069/5214 3410/6081/5222 3409/6079/5221
f 3402/6071/5214 3403/6070/5215 3411/6082/5223 3410/6083/5222
f 3403/6070/5215 3404/6072/5216 3412/6084/5224 3411/6082/5223
f 3404/6074/5216 3405/6073/5217 3413/6085/5225 3412/6086/5224
f 3405/6073/5217 3406/6075/5218 3414/6087/5226 3413/6085/5225
f 3406/6076/5218 3399/6066/5212 3407/6078/5220 3414/6088/5226
f 3407/6078/5220 3408/6077/5219 3416/6089/5227 3415/6090/5228
f 3408/6080/5219 3409/6079/5221 3417/6091/5229 3416/6092/5227
f 3409/6079/5221 3410/6081/5222 3418/6093/5230 3417/6091/5229
f 3410/6083/5222 3411/6082/5223 3419/6094/5231 3418/6095/5230
f 3411/6082/5223 3412/6084/5224 3420/6096/5232 3419/6094/5231
f 3412/6086/5224 3413/6085/5225 3421/6097/5233 3420/6098/5232
f 3413/6085/5225 3414/6087/5226 3422/6099/5234 3421/6097/5233
f 3414/6088/5226 3407/6078/5220 3415/6090/5228 3422/6100/5234
f 3415/6090/5228 3416/6089/5227 3424/6101/5235 3423/6102/5236
f 3416/6092/5227 3417/6091/5229 3425/6103/5237 3424/6104/5235
f 3417/6091/5229 3418/6093/5230 3426/6105/5238 3425/6103/5237
f 3418/6095/5230 3419/6094/5231 3427/6106/5239 3426/6107/5238
f 3419/6094/5231 3420/6096/5232 3428/6108/5240 3427/6106/5239
f 3420/6098/5232 3421/6097/5233 3429/6109/5241 3428/6110/5240
f 3421/6097/5233 3422/6099/5234 3430/6111/5242 3429/6109/5241
f 3422/6100/5234 3415/6090/5228 3423/6102/5236 3430/6112/5242
f 3423/6102/5236 3424/6101/5235 3432/6113/5243 3431/6114/5244
f 3424/6104/5235 3425/6103/5237 3433/6115/5245 3432/6116/5243
f 3425/6103/5237 3426/6105/5238 3434/6117/5246 3433/6115/5245
f 3426/6107/5238 3427/6106/5239 3435/6118/5247 3434/6119/5246
f 3427/6106/5239 3428/6108/5240 3436/6120/5248 3435/6118/5247
f 3428/6110/5240 3429/6109/5241 3437/6121/5249 3436/6122/5248
f 3429/6109/5241 3430/6111/5242 3438/6123/5250 3437/6121/5249
f 3430/6112/5242 3423/6102/5236 3431/6114/5244 3438/6124/5250
f 3431/6114/5244 3432/6113/5243 3440/6125/5251 3439/6126/5252
f 3432/6116/5243 3433/6115/5245 3441/6127/5253 3440/6128/5251
f 3433/6115/5245 3434/6117/5246 3442/6129/5254 3441/6127/5253
f 3434/6119/5246 3435/6118/5247 3443/6130/5255 3442/6131/5254
f 3435/6118/5247 3436/6120/5248 3444/6132/5256 3443/6130/5255
f 3436/6122/5248 3437/6121/5249 3445/6133/5257 3444/6134/5256
f 3437/6121/5249 3438/6123/5250 3446/6135/5258 3445/6133/5257
f 3438/6124/5250 3431/6114/5244 3439/6126/5252 3446/6136/5258
f 3439/6126/5252 3440/6125/5251 3448/6137/5259 3447/6138/5260
f 3440/6128/5251 3441/6127/5253 3449/6139/5261 3448/6140/5259
f 3441/6127/5253 3442/6129/5254 3450/6141/5262 3449/6139/5261
f 3442/6131/5254 3443/6130/5255 3451/6142/5263 3450/6143/5262
f 3443/6130/5255 3444/6132/5256 3452/6144/5264 3451/6142/5263
f 3444/6134/5256 3445/6133/5257 3453/6145/5265 3452/6146/5264
f 3445/6133/5257 3446/6135/5258 3454/6147/5266 3453/6145/5265
f 3446/6136/5258 3439/6126/5252 3447/6138/5260 3454/6148/5266
f 3447/6138/5260 3448/6137/5259 3456/6149/5267 3455/6150/5268
f 3448/6140/5259 3449/6139/5261 3457/6151/5269 3456/6152/5267
f 3449/6139/5261 3450/6141/5262 3458/6153/5270 3457/6151/5269
f 3450/6143/5262 3451/6142/5263 3459/6154/5271 3458/6155/5270
f 3451/6142/5263 3452/6144/5264 3460/6156/5272 3459/6154/5271
f 3452/6146/5264 3453/6145/5265 3461/6157/5273 3460/6158/5272
f 3453/6145/5265 3454/6147/5266 3462/6159/5274 3461/6157/5273
f 3454/6148/5266 3447/6138/5260 3455/6150/5268 3462/6160/5274
f 3455/6150/5268 3456/6149/5267 3464/6161/5275 3463/6162/5276
f 3456/6152/5267 3457/6151/5269 3465/6163/5277 3464/6164/5275
f 3457/6151/5269 3458/6153/5270 3466/6165/5278 3465/6163/5277
f 3458/6155/5270 3459/6154/5271 3467/6166/5279 3466/6167/5278
f 3459/6154/5271 3460/6156/5272 3468/6168/5280 3467/6166/5279
f 3460/6158/5272 3461/6157/5273 3469/6169/5281 3468/6170/5280
f 3461/6157/5273 3462/6159/5274 3470/6171/5282 3469/6169/5281
f 3462/6160/5274 3455/6150/5268 3463/6162/5276 3470/6172/5282
f 3463/6162/5276 3464/6161/5275 3472/6173/5283 3471/6174/5284
f 3464/6164/5275 3465/6163/5277 3473/6175/5285 3472/6176/5283
f 3465/6163/5277 3466/6165/5278 3474/6177/5286 3473/6175/5285
f 3466/6167/5278 3467/6166/5279 3475/6178/5287 3474/6179/5286
f 3467/6166/5279 3468/6168/5280 3476/6180/5288 3475/6178/5287
f 3468/6170/5280 3469/6169/5281 3477/6181/5289 3476/6182/5288
f 3469/6169/5281 3470/6171/5282 3478/6183/5290 3477/6181/5289
f 3470/6172/5282 3463/6162/5276 3471/6174/5284 3478/6184/5290
f 3471/6174/5284 3472/6173/5283 3480/6185/5291 3479/6186/5292
f 3472/6176/5283 3473/6175/5285 3481/6187/5293 3480/6188/5291
f 3473/6175/5285 3474/6177/5286 3482/6189/5294 3481/6187/5293
f 3474/6179/5286 3475/6178/5287 3483/6190/5295 3482/6191/5294
f 3475/6178/5287 3476/6180/5288 3484/6192/5296 3483/6190/5295
f 3476/6182/5288 3477/6181/5289 3485/6193/5297 3484/6194/5296
f 3477/6181/5289 3478/6183/5290 3486/6195/5298 3485/6193/5297
f 3478/6184/5290 3471/6174/5284 3479/6186/5292 3486/6196/5298
f 3479/6186/5292 3480/6185/5291 3488/6197/5299 3487/6198/5300
f 3480/6188/5291 3481/6187/5293 3489/6199/5301 3488/6200/5299
f 3481/6187/5293 3482/6189/5294 3490/6201/5302 3489/6199/5301
f 3482/6191/5294 3483/6190/5295 3491/6202/5303 3490/6203/5302
f 3483/6190/5295 3484/6192/5296 3492/6204/5304 3491/6202/5303
f 3484/6194/5296 3485/6193/5297 3493/6205/5305 3492/6206/5304
f 3485/6193/5297 3486/6195/5298 3494/6207/5306 3493/6205/5305
f 3486/6196/5298 3479/6186/5292 3487/6198/5300 3494/6208/5306
f 3487/6198/5300 3488/6197/5299 3496/6209/5307 3495/6210/5308
f 3488/6200/5299 3489/6199/5301 3497/6211/5309 3496/6212/5307
f 3489/6199/5301 3490/6201/5302 3498/6213/5310 3497/6211/5309
f 3490/6203/5302 3491/6202/5303 3499/6214/5311 3498/6215/5310
f 3491/6202/5303 3492/6204/5304 3500/6216/5312 3499/6214/5311
f 3492/6206/5304 3493/6205/5305 3501/6217/5313 3500/6218/5312
f 3493/6205/5305 3494/6207/5306 3502/6219/5314 3501/6217/5313
f 3494/6208/5306 3487/6198/5300 3495/6210/5308 3502/6220/5314
f 3495/6210/5308 3496/6209/5307 3504/6221/5315 3503/6222/5316
f 3496/6212/5307 3497/6211/5309 3505/6223/5317 3504/6224/5315
f 3497/6211/5309 3498/6213/5310 3506/6225/5318 3505/6223/5317
f 3498/6215/5310 3499/6214/5311 3507/6226/5319 3506/6227/5318
f 3499/6214/5311 3500/6216/5312 3508/6228/5320 3507/6226/5319
f 3500/6218/5312 3501/6217/5313 3509/6229/5321 3508/6230/5320
f 3501/6217/5313 3502/6219/5314 3510/6231/5322 3509/6229/5321
f 3502/6220/5314 3495/6210/5308 3503/6222/5316 3510/6232/5322
f 3503/6222/5316 3504/6221/5315 3512/6233/5323 3511/6234/5324
f 3504/6224/5315 3505/6223/5317 3513/6235/5325 3512/6236/5323
f 3505/6223/5317 3506/6225/5318 3514/6237/5326 3513/6235/5325
f 3506/6227/5318 3507/6226/5319 3515/6238/5327 3514/6239/5326
f 3507/6226/5319 3508/6228/5320 3516/6240/5328 3515/6238/5327
f 3508/6230/5320 3509/6229/5321 3517/6241/5329 3516/6242/5328
f 3509/6229/5321 3510/6231/5322 3518/6243/5330 3517/6241/5329
f 3510/6232/5322 3503/6222/5316 3511/6234/5324 3518/6244/5330
f 3511/6234/5324 3512/6233/5323 3520/6245/5331 3519/6246/5332
f 3512/6236/5323 3513/6235/5325 3521/6247/5333 3520/6248/5331
f 3513/6235/5325 3514/6237/5326 3522/6249/5334 3521/6247/5333
f 3514/6239/5326 3515/6238/5327 3523/6250/5335 3522/6251/5334
f 3515/6238/5327 3516/6240/5328 3524/6252/5336 3523/6250/5335
f 3516/6242/5328 3517/6241/5329 3525/6253/5337 3524/6254/5336
f 3517/6241/5329 3518/6243/5330 3526/6255/5338 3525/6253/5337
f 3518/6244/5330 3511/6234/5324 3519/6246/5332 3526/6256/5338
f 3519/6246/5332 3520/6245/5331 3528/6257/5339 3527/6258/5340
f 3520/6248/5331 3521/6247/5333 3529/6259/5341 3528/6260/5339
f 3521/6247/5333 3522/6249/5334 3530/6261/5342 3529/6259/5341
f 3522/6251/5334 3523/6250/5335 3531/6262/5343 3530/6263/5342
f 3523/6250/5335 3524/6252/5336 3532/6264/5344 3531/6262/5343
f 3524/6254/5336 3525/6253/5337 3533/6265/5345 3532/6266/5344
f 3525/6253/5337 3526/6255/5338 3534/6267/5346 3533/6265/5345
f 3526/6256/5338 3519/6246/5332 3527/6258/5340 3534/6268/5346
f 3527/6258/5340 3528/6257/5339 3536/6269/5347 3535/6270/5348
f 3528/6260/5339 3529/6259/5341 3537/6271/5349 3536/6272/5347
f 3529/6259/5341 3530/6261/5342 3538/6273/5350 3537/6271/5349
f 3530/6263/5342 3531/6262/5343 3539/6274/5351 3538/6275/5350
f 3531/6262/5343 3532/6264/5344 3540/6276/5352 3539/6274/5351
f 3532/6266/5344 3533/6265/5345 3541/6277/5353 3540/6278/5352
f 3533/6265/5345 3534/6267/5346 3542/6279/5354 3541/6277/5353
f 3534/6268/5346 3527/6258/5340 3535/6270/5348 3542/6280/5354
f 3535/6270/5348 3536/6269/5347 3544/6281/5355 3543/6282/5356
f 3536/6272/5347 3537/6271/5349 3545/6283/5357 3544/6284/5355
f 3537/6271/5349 3538/6273/5350 3546/6285/5358 3545/6283/5357
f 3538/6275/5350 3539/6274/5351 3547/6286/5359 3546/6287/5358
f 3539/6274/5351 3540/6276/5352 3548/6288/5360 3547/6286/5359
f 3540/6278/5352 3541/6277/5353 3549/6289/5361 3548/6290/5360
f 3541/6277/5353 3542/6279/5354 3550/6291/5362 3549/6289/5361
f 3542/6280/5354 3535/6270/5348 3543/6282/5356 3550/6292/5362
f 3543/6282/5356 3544/6281/5355 3552/6293/5363 3551/6294/5364
f 3544/6295/5355 3545/6296/5357 3553/6297/5365 3552/6298/5363
f 3545/6296/5357 3546/6299/5358 3554/6300/5366 3553/6297/5365
f 3546/6287/5358 3547/6286/5359 3555/6301/5367 3554/6302/5366
f 3547/6286/5359 3548/6288/5360 3556/6303/5368 3555/6301/5367
f 3548/6304/5360 3549/6305/5361 3557/6306/5369 3556/6307/5368
f 3549/6305/5361 3550/6308/5362 3558/6309/5370 3557/6306/5369
f 3550/6292/5362 3543/6282/5356 3551/6294/5364 3558/6310/5370
f 3551/6294/5364 3552/6293/5363 3560/6311/5371 3559/6312/5372
f 3552/6298/5363 3553/6297/5365 3561/6313/5373 3560/6314/5371
f 3553/6297/5365 3554/6300/5366 3562/6315/5374 3561/6313/5373
f 3554/6302/5366 3555/6301/5367 3563/6316/5375 3562/6317/5374
f 3555/6301/5367 3556/6303/5368 3564/6318/5376 3563/6316/5375
f 3556/6307/5368 3557/6306/5369 3565/6319/5377 3564/6320/5376
f 3557/6306/5369 3558/6309/5370 3566/6321/5378 3565/6319/5377
f 3558/6310/5370 3551/6294/5364 3559/6312/5372 3566/6322/5378
f 3559/6312/5372 3560/6311/5371 3568/6323/5379 3567/6324/5380
f 3560/6314/5371 3561/6313/5373 3569/6325/5381 3568/6326/5379
f 3561/6313/5373 3562/6315/5374 3570/6327/5382 3569/6325/5381
f 3562/6317/5374 3563/6316/5375 3571/6328/5383 3570/6329/5382
f 3563/6316/5375 3564/6318/5376 3572/6330/5384 3571/6328/5383
f 3564/6320/5376 3565/6319/5377 3573/6331/5385 3572/6332/5384
f 3565/6319/5377 3566/6321/5378 3574/6333/5386 3573/6331/5385
f 3566/6322/5378 3559/6312/5372 3567/6324/5380 3574/6334/5386
f 3567/6324/5380 3568/6323/5379 3576/6335/5387 3575/6336/5388
f 3568/6326/5379 3569/6325/5381 3577/6337/5389 3576/6338/5387
f 3569/6325/5381 3570/6327/5382 3578/6339/5390 3577/6337/5389
f 3570/6329/5382 3571/6328/5383 3579/6340/5391 3578/6341/5390
f 3571/6328/5383 3572/6330/5384 3580/6342/5392 3579/6340/5391
f 3572/6332/5384 3573/6331/5385 3581/6343/5393 3580/6344/5392
f 3573/6331/5385 3574/6333/5386 3582/6345/5394 3581/6343/5393
f 3574/6334/5386 3567/6324/5380 3575/6336/5388 3582/6346/5394
f 3575/6336/5388 3576/6335/5387 3584/6347/5395 3583/6348/5396
f 3576/6338/5387 3577/6337/5389 3585/6349/5397 3584/6350/5395
f 3577/6337/5389 3578/6339/5390 3586/6351/5398 3585/6349/5397
f 3578/6341/5390 3579/6340/5391 3587/6352/5399 3586/6353/5398
f 3579/6340/5391 3580/6342/5392 3588/6354/5400 3587/6352/5399
f 3580/6344/5392 3581/6343/5393 3589/6355/5401 3588/6356/5400
f 3581/6343/5393 3582/6345/5394 3590/6357/5402 3589/6355/5401
f 3582/6346/5394 3575/6336/5388 3583/6348/5396 3590/6358/5402
f 3583/6348/5396 3584/6347/5395 3592/6359/5403 3591/6360/5404
f 3584/6350/5395 3585/6349/5397 3593/6361/5405 3592/6362/5403
f 3585/6349/5397 3586/6351/5398 3594/6363/5406 3593/6361/5405
f 3586/6353/5398 3587/6352/5399 3595/6364/5407 3594/6365/5406
f 3587/6352/5399 3588/6354/5400 3596/6366/5408 3595/6364/5407
f 3588/6356/5400 3589/6355/5401 3597/6367/5409 3596/6368/5408
f 3589/6355/5401 3590/6357/5402 3598/6369/5410 3597/6367/5409
f 3590/6358/5402 3583/6348/5396 3591/6360/5404 3598/6370/5410
f 3591/6360/5404 3592/6359/5403 3600/6371/5411 3599/6372/5412
f 3592/6362/5403 3593/6361/5405 3601/6373/5413 3600/6374/5411
f 3593/6361/5405 3594/6363/5406 3602/6375/5414 3601/6373/5413
f 3594/6365/5406 3595/6364/5407 3603/6376/5415 3602/6377/5414
f 3595/6364/5407 3596/6366/5408 3604/6378/5416 3603/6376/5415
f 3596/6368/5408 3597/6367/5409 3605/6379/5417 3604/6380/5416
f 3597/6367/5409 3598/6369/5410 3606/6381/5418 3605/6379/5417
f 3598/6370/5410 3591/6360/5404 3599/6372/5412 3606/6382/5418
f 3599/6372/5412 3600/6371/5411 3608/6383/5419 3607/6384/5420
f 3600/6374/5411 3601/6373/5413 3609/6385/5421 3608/6386/5419
f 3601/6373/5413 3602/6375/5414 3610/6387/5422 3609/6385/5421
f 3602/6377/5414 3603/6376/5415 3611/6388/5423 3610/6389/5422
f 3603/6376/5415 3604/6378/5416 3612/6390/5424 3611/6388/5423
f 3604/6380/5416 3605/6379/5417 3613/6391/5425 3612/6392/5424
f 3605/6379/5417 3606/6381/5418 3614/6393/5426 3613/6391/5425
f 3606/6382/5418 3599/6372/5412 3607/6384/5420 3614/6394/5426
f 3607/6384/5420 3608/6383/5419 3616/6395/5427 3615/6396/5428
f 3608/6386/5419 3609/6385/5421 3617/6397/5429 3616/6398/5427
f 3609/6385/5421 3610/6387/5422 3618/6399/5430 3617/6397/5429
f 3610/6389/5422 3611/6388/5423 3619/6400/5431 3618/6401/5430
f 3611/6388/5423 3612/6390/5424 3620/6402/5432 3619/6400/5431
f 3612/6392/5424 3613/6391/5425 3621/6403/5433 3620/6404/5432
f 3613/6391/5425 3614/6393/5426 3622/6405/5434 3621/6403/5433
f 3614/6394/5426 3607/6384/5420 3615/6396/5428 3622/6406/5434
f 3615/6396/5428 3616/6395/5427 3624/6407/5435 3623/6408/5436
f 3616/6398/5427 3617/6397/5429 3625/6409/5437 3624/6410/5435
f 3617/6397/5429 3618/6399/5430 3626/6411/5438 3625/6409/5437
f 3618/6401/5430 3619/6400/5431 3627/6412/5439 3626/6413/5438
f 3619/6400/5431 3620/6402/5432 3628/6414/5440 3627/6412/5439
f 3620/6404/5432 3621/6403/5433 3629/6415/5441 3628/6416/5440
f 3621/6403/5433 3622/6405/5434 3630/6417/5442 3629/6415/5441
f 3622/6406/5434 3615/6396/5428 3623/6408/5436 3630/6418/5442
f 3623/6408/5436 3624/6407/5435 3632/6419/5443 3631/6420/5444
f 3624/6410/5435 3625/6409/5437 3633/6421/5445 3632/6422/5443
f 3625/6409/5437 3626/6411/5438 3634/6423/5446 3633/6421/5445
f 3626/6413/5438 3627/6412/5439 3635/6424/5447 3634/6425/5446
f 3627/6412/5439 3628/6414/5440 3636/6426/5448 3635/6424/5447
f 3628/6416/5440 3629/6415/5441 3637/6427/5449 3636/6428/5448
f 3629/6415/5441 3630/6417/5442 3638/6429/5450 3637/6427/5449
f 3630/6418/5442 3623/6408/5436 3631/6420/5444 3638/6430/5450
f 3631/6420/5444 3632/6419/5443 3640/6431/5451 3639/6432/5452
f 3632/6422/5443 3633/6421/5445 3641/6433/5453 3640/6434/5451
f 3633/6421/5445 3634/6423/5446 3642/6435/5454 3641/6433/5453
f 3634/6425/5446 3635/6424/5447 3643/6436/5455 3642/6437/5454
f 3635/6424/5447 3636/6426/5448 3644/6438/5456 3643/6436/5455
f 3636/6428/5448 3637/6427/5449 3645/6439/5457 3644/6440/5456
f 3637/6427/5449 3638/6429/5450 3646/6441/5458 3645/6439/5457
f 3638/6430/5450 3631/6420/5444 3639/6432/5452 3646/6442/5458
f 3639/6432/5452 3640/6431/5451 3648/6443/5459 3647/6444/5460
f 3640/6434/5451 3641/6433/5453 3649/6445/5461 3648/6446/5459
f 3641/6433/5453 3642/6435/5454 3650/6447/5462 3649/6445/5461
f 3642/6437/5454 3643/6436/5455 3651/6448/5463 3650/6449/5462
f 3643/6436/5455 3644/6438/5456 3652/6450/5464 3651/6448/5463
f 3644/6440/5456 3645/6439/5457 3653/6451/5465 3652/6452/5464
f 3645/6439/5457 3646/6441/5458 3654/6453/5466 3653/6451/5465
f 3646/6442/5458 3639/6432/5452 3647/6444/5460 3654/6454/5466
f 3647/6444/5460 3648/6443/5459 3656/6455/5467 3655/6456/5468
f 3648/6446/5459 3649/6445/5461 3657/6457/5469 3656/6458/5467
f 3649/6445/5461 3650/6447/5462 3658/6459/5470 3657/6457/5469
f 3650/6449/5462 3651/6448/5463 3659/6460/5471 3658/6461/5470
f 3651/6448/5463 3652/6450/5464 3660/6462/5472 3659/6460/5471
f 3652/6452/5464 3653/6451/5465 3661/6463/5473 3660/6464/5472
f 3653/6451/5465 3654/6453/5466 3662/6465/5474 3661/6463/5473
f 3654/6454/5466 3647/6444/5460 3655/6456/5468 3662/6466/5474
f 3655/6456/5468 3656/6455/5467 3664/6467/5475 3663/6468/5476
f 3656/6458/5467 3657/6457/5469 3665/6469/5477 3664/6470/5475
f 3657/6457/5469 3658/6459/5470 3666/6471/5478 3665/6469/5477
f 3658/6461/5470 3659/6460/5471 3667/6472/5479 3666/6473/5478
f 3659/6460/5471 3660/6462/5472 3668/6474/5480 3667/6472/5479
f 3660/6464/5472 3661/6463/5473 3669/6475/5481 3668/6476/5480
f 3661/6463/5473 3662/6465/5474 3670/6477/5482 3669/6475/5481
f 3662/6466/5474 3655/6456/5468 3663/6468/5476 3670/6478/5482
f 3663/6468/5476 3664/6467/5475 3672/6479/5483 3671/6480/5484
f 3664/6470/5475 3665/6469/5477 3673/6481/5485 3672/6482/5483
f 3665/6469/5477 3666/6471/5478 3674/6483/5486 3673/6481/5485
f 3666/6473/5478 3667/6472/5479 3675/6484/5487 3674/6485/5486
f 3667/6472/5479 3668/6474/5480 3676/6486/5488 3675/6484/5487
f 3668/6476/5480 3669/6475/5481 3677/6487/5489 3676/6488/5488
f 3669/6475/5481 3670/6477/5482 3678/6489/5490 3677/6487/5489
f 3670/6478/5482 3663/6468/5476 3671/6480/5484 3678/6490/5490
f 3671/6480/5484 3672/6479/5483 3680/6491/5491 3679/6492/5492
f 3672/6482/5483 3673/6481/5485 3681/6493/5493 3680/6494/5491
f 3673/6481/5485 3674/6483/5486 3682/6495/5494 3681/6493/5493
f 3674/6485/5486 3675/6484/5487 3683/6496/5495 3682/6497/5494
f 3675/6484/5487 3676/6486/5488 3684/6498/5496 3683/6496/5495
f 3676/6488/5488 3677/6487/5489 3685/6499/5497 3684/6500/5496
f 3677/6487/5489 3678/6489/5490 3686/6501/5498 3685/6499/5497
f 3678/6490/5490 3671/6480/5484 3679/6492/5492 3686/6502/5498
f 3679/6492/5492 3680/6491/5491 3688/6503/5499 3687/6504/5500
f 3680/6494/5491 3681/6493/5493 3689/6505/5501 3688/6506/5499
f 3681/6493/5493 3682/6495/5494 3690/6507/5502 3689/6505/5501
f 3682/6497/5494 3683/6496/5495 3691/6508/5503 3690/6509/5502
f 3683/6496/5495 3684/6498/5496 3692/6510/5504 3691/6508/5503
f 3684/6500/5496 3685/6499/5497 3693/6511/5505 3692/6512/5504
f 3685/6499/5497 3686/6501/5498 3694/6513/5506 3693/6511/5505
f 3686/6502/5498 3679/6492/5492 3687/6504/5500 3694/6514/5506
f 3687/6504/5500 3688/6503/5499 3696/6515/5507 3695/6516/5508
f 3688/6506/5499 3689/6505/5501 3697/6517/5509 3696/6518/5507
f 3689/6505/5501 3690/6507/5502 3698/6519/5510 3697/6517/5509
f 3690/6509/5502 3691/6508/5503 3699/6520/5511 3698/6521/5510
f 3691/6508/5503 3692/6510/5504 3700/6522/5512 3699/6520/5511
f 3692/6512/5504 3693/6511/5505 3701/6523/5513 3700/6524/5512
f 3693/6511/5505 3694/6513/5506 3702/6525/5514 3701/6523/5513
f 3694/6514/5506 3687/6504/5500 3695/6516/5508 3702/6526/5514
f 3695/6516/5508 3696/6515/5507 3704/6527/5515 3703/6528/5516
f 3696/6518/5507 3697/6517/5509 3705/6529/5517 3704/6530/5515
f 3697/6517/5509 3698/6519/5510 3706/6531/5518 3705/6529/5517
f 3698/6521/5510 3699/6520/5511 3707/6532/5519 3706/6533/5518
f 3699/6520/5511 3700/6522/5512 3708/6534/5520 3707/6532/5519
f 3700/6524/5512 3701/6523/5513 3709/6535/5521 3708/6536/5520
f 3701/6523/5513 3702/6525/5514 3710/6537/5522 3709/6535/5521
f 3702/6526/5514 3695/6516/5508 3703/6528/5516 3710/6538/5522
f 3703/6528/5516 3704/6527/5515 3712/6539/5523 3711/6540/5524
f 3704/6530/5515 3705/6529/5517 3713/6541/5525 3712/6542/5523
f 3705/6529/5517 3706/6531/5518 3714/6543/5526 3713/6541/5525
f 3706/6533/5518 3707/6532/5519 3715/6544/5527 3714/6545/5526
f 3707/6532/5519 3708/6534/5520 3716/6546/5528 3715/6544/5527
f 3708/6536/5520 3709/6535/5521 3717/6547/5529 3716/6548/5528
f 3709/6535/5521 3710/6537/5522 3718/6549/5530 3717/6547/5529
f 3710/6538/5522 3703/6528/5516 3711/6540/5524 3718/6550/5530
f 3711/6540/5524 3712/6539/5523 3720/6551/5531 3719/6552/5532
f 3712/6542/5523 3713/6541/5525 3721/6553/5533 3720/6554/5531
f 3713/6541/5525 3714/6543/5526 3722/6555/5534 3721/6553/5533
f 3714/6545/5526 3715/6544/5527 3723/6556/5535 3722/6557/5534
f 3715/6544/5527 3716/6546/5528 3724/6558/5536 3723/6556/5535
f 3716/6548/5528 3717/6547/5529 3725/6559/5537 3724/6560/5536
f 3717/6547/5529 3718/6549/5530 3726/6561/5538 3725/6559/5537
f 3718/6550/5530 3711/6540/5524 3719/6552/5532 3726/6562/5538
f 3719/6552/5532 3720/6551/5531 3728/6563/5539 3727/6564/5540
f 3720/6565/5531 3721/6566/5533 3729/6567/5541 3728/6568/5539
f 3721/6566/5533 3722/6569/5534 3730/6570/5542 3729/6567/5541
f 3722/6557/5534 3723/6556/5535 3731/6571/5543 3730/6572/5542
f 3723/6556/5535 3724/6558/5536 3732/6573/5544 3731/6571/5543
f 3724/6574/5536 3725/6575/5537 3733/6576/5545 3732/6577/5544
f 3725/6575/5537 3726/6578/5538 3734/6579/5546 3733/6576/5545
f 3726/6562/5538 3719/6552/5532 3727/6564/5540 3734/6580/5546
f 3727/6564/5540 3728/6563/5539 3736/6581/5547 3735/6582/5548
f 3728/6568/5539 3729/6567/5541 3737/6583/5549 3736/6584/5547
f 3729/6567/5541 3730/6570/5542 3738/6585/5550 3737/6583/5549
f 3730/6572/5542 3731/6571/5543 3739/6586/5551 3738/6587/5550
f 3731/6571/5543 3732/6573/5544 3740/6588/5552 3739/6586/5551
f 3732/6577/5544 3733/6576/5545 3741/6589/5553 3740/6590/5552
f 3733/6576/5545 3734/6579/5546 3742/6591/5554 3741/6589/5553
f 3734/6580/5546 3727/6564/5540 3735/6582/5548 3742/6592/5554
f 3735/6582/5548 3736/6581/5547 3744/6593/5555 3743/6594/5556
f 3736/6584/5547 3737/6583/5549 3745/6595/5557 3744/6596/5555
f 3737/6583/5549 3738/6585/5550 3746/6597/5558 3745/6595/5557
f 3738/6587/5550 3739/6586/5551 3747/6598/5559 3746/6599/5558
f 3739/6586/5551 3740/6588/5552 3748/6600/5560 3747/6598/5559
f 3740/6590/5552 3741/6589/5553 3749/6601/5561 3748/6602/5560
f 3741/6589/5553 3742/6591/5554 3750/6603/5562 3749/6601/5561
f 3742/6592/5554 3735/6582/5548 3743/6594/5556 3750/6604/5562
f 3743/6594/5556 3744/6593/5555 3752/6605/5563 3751/6606/5564
f 3744/6596/5555 3745/6595/5557 3753/6607/5565 3752/6608/5563
f 3745/6595/5557 3746/6597/5558 3754/6609/5566 3753/6607/5565
f 3746/6599/5558 3747/6598/5559 3755/6610/5567 3754/6611/5566
f 3747/6598/5559 3748/6600/5560 3756/6612/5568 3755/6610/5567
f 3748/6602/5560 3749/6601/5561 3757/6613/5569 3756/6614/5568
f 3749/6601/5561 3750/6603/5562 3758/6615/5570 3757/6613/5569
f 3750/6604/5562 3743/6594/5556 3751/6606/5564 3758/6616/5570
f 3751/6606/5564 3752/6605/5563 3760/6617/5571 3759/6618/5572
f 3752/6608/5563 3753/6607/5565 3761/6619/5573 3760/6620/5571
f 3753/6607/5565 3754/6609/5566 3762/6621/5574 3761/6619/5573
f 3754/6611/5566 3755/6610/5567 3763/6622/5575 3762/6623/5574
f 3755/6610/5567 3756/6612/5568 3764/6624/5576 3763/6622/5575
f 3756/6614/5568 3757/6613/5569 3765/6625/5577 3764/6626/5576
f 3757/6613/5569 3758/6615/5570 3766/6627/5578 3765/6625/5577
f 3758/6616/5570 3751/6606/5564 3759/6618/5572 3766/6628/5578
f 3759/6618/5572 3760/6617/5571 3768/6629/5579 3767/6630/5580
f 3760/6620/5571 3761/6619/5573 3769/6631/5581 3768/6632/5579
f 3761/6619/5573 3762/6621/5574 3770/6633/5582 3769/6631/5581
f 3762/6623/5574 3763/6622/5575 3771/6634/5583 3770/6635/5582
f 3763/6622/5575 3764/6624/5576 3772/6636/5584 3771/6634/5583
f 3764/6626/5576 3765/6625/5577 3773/6637/5585 3772/6638/5584
f 3765/6625/5577 3766/6627/5578 3774/6639/5586 3773/6637/5585
f 3766/6628/5578 3759/6618/5572 3767/6630/5580 3774/6640/5586
f 3767/6630/5580 3768/6629/5579 3776/6641/5587 3775/6642/5588
f 3768/6632/5579 3769/6631/5581 3777/6643/5589 3776/6644/5587
f 3769/6631/5581 3770/6633/5582 3778/6645/5590 3777/6643/5589
f 3770/6635/5582 3771/6634/5583 3779/6646/5591 3778/6647/5590
f 3771/6634/5583 3772/6636/5584 3780/6648/5592 3779/6646/5591
f 3772/6638/5584 3773/6637/5585 3781/6649/5593 3780/6650/5592
f 3773/6637/5585 3774/6639/5586 3782/6651/5594 3781/6649/5593
f 3774/6640/5586 3767/6630/5580 3775/6642/5588 3782/6652/5594
f 3775/6642/5588 3776/6641/5587 3784/6653/5595 3783/6654/5596
f 3776/6644/5587 3777/6643/5589 3785/6655/5597 3784/6656/5595
f 3777/6643/5589 3778/6645/5590 3786/6657/5598 3785/6655/5597
f 3778/6647/5590 3779/6646/5591 3787/6658/5599 3786/6659/5598
f 3779/6646/5591 3780/6648/5592 3788/6660/5600 3787/6658/5599
f 3780/6650/5592 3781/6649/5593 3789/6661/5601 3788/6662/5600
f 3781/6649/5593 3782/6651/5594 3790/6663/5602 3789/6661/5601
f 3782/6652/5594 3775/6642/5588 3783/6654/5596 3790/6664/5602
f 3783/6654/5596 3784/6653/5595 3792/6665/5603 3791/6666/5604
f 3784/6656/5595 3785/6655/5597 3793/6667/5605 3792/6668/5603
f 3785/6655/5597 3786/6657/5598 3794/6669/5606 3793/6667/5605
f 3786/6659/5598 3787/6658/5599 3795/6670/5607 3794/6671/5606
f 3787/6658/5599 3788/6660/5600 3796/6672/5608 3795/6670/5607
f 3788/6662/5600 3789/6661/5601 3797/6673/5609 3796/6674/5608
f 3789/6661/5601 3790/6663/5602 3798/6675/5610 3797/6673/5609
f 3790/6664/5602 3783/6654/5596 3791/6666/5604 3798/6676/5610
f 3791/6666/5604 3792/6665/5603 3800/6677/5611 3799/6678/5612
f 3792/6668/5603 3793/6667/5605 3801/6679/5613 3800/6680/5611
f 3793/6667/5605 3794/6669/5606 3802/6681/5614 3801/6679/5613
f 3794/6671/5606 3795/6670/5607 3803/6682/5615 3802/6683/5614
f 3795/6670/5607 3796/6672/5608 3804/6684/5616 3803/6682/5615
f 3796/6674/5608 3797/6673/5609 3805/6685/5617 3804/6686/5616
f 3797/6673/5609 3798/6675/5610 3806/6687/5618 3805/6685/5617
f 3798/6676/5610 3791/6666/5604 3799/6678/5612 3806/6688/5618
f 3799/6678/5612 3800/6677/5611 3808/6689/5619 3807/6690/5620
f 3800/6680/5611 3801/6679/5613 3809/6691/5621 3808/6692/5619
f 3801/6679/5613 3802/6681/5614 3810/6693/5622 3809/6691/5621
f 3802/6683/5614 3803/6682/5615 3811/6694/5623 3810/6695/5622
f 3803/6682/5615 3804/6684/5616 3812/6696/5624 3811/6694/5623
f 3804/6686/5616 3805/6685/5617 3813/6697/5625 3812/6698/5624
f 3805/6685/5617 3806/6687/5618 3814/6699/5626 3813/6697/5625
f 3806/6688/5618 3799/6678/5612 3807/6690/5620 3814/6700/5626
f 3807/6690/5620 3808/6689/5619 3816/6701/5627 3815/6702/5628
f 3808/6692/5619 3809/6691/5621 3817/6703/5629 3816/6704/5627
f 3809/6691/5621 3810/6693/5622 3818/6705/5630 3817/6703/5629
f 3810/6695/5622 3811/6694/5623 3819/6706/5631 3818/6707/5630
f 3811/6694/5623 3812/6696/5624 3820/6708/5632 3819/6706/5631
f 3812/6698/5624 3813/6697/5625 3821/6709/5633 3820/6710/5632
f 3813/6697/5625 3814/6699/5626 3822/6711/5634 3821/6709/5633
f 3814/6700/5626 3807/6690/5620 3815/6702/5628 3822/6712/5634
f 3815/6702/5628 3816/6701/5627 3824/6713/5635 3823/6714/5636
f 3816/6704/5627 3817/6703/5629 3825/6715/5637 3824/6716/5635
f 3817/6703/5629 3818/6705/5630 3826/6717/5638 3825/6715/5637
f 3818/6707/5630 3819/6706/5631 3827/6718/5639 3826/6719/5638
f 3819/6706/5631 3820/6708/5632 3828/6720/5640 3827/6718/5639
f 3820/6710/5632 3821/6709/5633 3829/6721/5641 3828/6722/5640
f 3821/6709/5633 3822/6711/5634 3830/6723/5642 3829/6721/5641
f 3822/6712/5634 3815/6702/5628 3823/6714/5636 3830/6724/5642
f 3823/6714/5636 3824/6713/5635 3832/6725/5643 3831/6726/5644
f 3824/6716/5635 3825/6715/5637 3833/6727/5645 3832/6728/5643
f 3825/6715/5637 3826/6717/5638 3834/6729/5646 3833/6727/5645
f 3826/6719/5638 3827/6718/5639 3835/6730/5647 3834/6731/5646
f 3827/6718/5639 3828/6720/5640 3836/6732/5648 3835/6730/5647
f 3828/6722/5640 3829/6721/5641 3837/6733/5649 3836/6734/5648
f 3829/6721/5641 3830/6723/5642 3838/6735/5650 3837/6733/5649
f 3830/6724/5642 3823/6714/5636 3831/6726/5644 3838/6736/5650
f 3831/6726/5644 3832/6725/5643 3840/6737/5651 3839/6738/5652
f 3832/6728/5643 3833/6727/5645 3841/6739/5653 3840/6740/5651
f 3833/6727/5645 3834/6729/5646 3842/6741/5654 3841/6739/5653
f 3834/6731/5646 3835/6730/5647 3843/6742/5655 3842/6743/5654
f 3835/6730/5647 3836/6732/5648 3844/6744/5656 3843/6742/5655
f 3836/6734/5648 3837/6733/5649 3845/6745/5657 3844/6746/5656
f 3837/6733/5649 3838/6735/5650 3846/6747/5658 3845/6745/5657
f 3838/6736/5650 3831/6726/5644 3839/6738/5652 3846/6748/5658
f 3839/6738/5652 3840/6737/5651 3848/6749/5659 3847/6750/5660
f 3840/6740/5651 3841/6739/5653 3849/6751/5661 3848/6752/5659
f 3841/6739/5653 3842/6741/5654 3850/6753/5662 3849/6751/5661
f 3842/6743/5654 3843/6742/5655 3851/6754/5663 3850/6755/5662
f 3843/6742/5655 3844/6744/5656 3852/6756/5664 3851/6754/5663
f 3844/6746/5656 3845/6745/5657 3853/6757/5665 3852/6758/5664
f 3845/6745/5657 3846/6747/5658 3854/6759/5666 3853/6757/5665
f 3846/6748/5658 3839/6738/5652 3847/6750/5660 3854/6760/5666
f 3847/6750/5660 3848/6749/5659 3856/6761/5667 3855/6762/5668
f 3848/6752/5659 3849/6751/5661 3857/6763/5669 3856/6764/5667
f 3849/6751/5661 3850/6753/5662 3858/6765/5670 3857/6763/5669
f 3850/6755/5662 3851/6754/5663 3859/6766/5671 3858/6767/5670
f 3851/6754/5663 3852/6756/5664 3860/6768/5672 3859/6766/5671
f 3852/6758/5664 3853/6757/5665 3861/6769/5673 3860/6770/5672
f 3853/6757/5665 3854/6759/5666 3862/6771/5674 3861/6769/5673
f 3854/6760/5666 3847/6750/5660 3855/6762/5668 3862/6772/5674
f 3855/6762/5668 3856/6761/5667 3864/6773/5675 3863/6774/5676
f 3856/6764/5667 3857/6763/5669 3865/6775/5677 3864/6776/5675
f 3857/6763/5669 3858/6765/5670 3866/6777/5678 3865/6775/5677
f 3858/6767/5670 3859/6766/5671 3867/6778/5679 3866/6779/5678
f 3859/6766/5671 3860/6768/5672 3868/6780/5680 3867/6778/5679
f 3860/6770/5672 3861/6769/5673 3869/6781/5681 3868/6782/5680
f 3861/6769/5673 3862/6771/5674 3870/6783/5682 3869/6781/5681
f 3862/6772/5674 3855/6762/5668 3863/6774/5676 3870/6784/5682
f 3863/6774/5676 3864/6773/5675 3872/6785/5683 3871/6786/5684
f 3864/6776/5675 3865/6775/5677 3873/6787/5685 3872/6788/5683
f 3865/6775/5677 3866/6777/5678 3874/6789/5686 3873/6787/5685
f 3866/6779/5678 3867/6778/5679 3875/6790/5687 3874/6791/5686
f 3867/6778/5679 3868/6780/5680 3876/6792/5688 3875/6790/5687
f 3868/6782/5680 3869/6781/5681 3877/6793/5689 3876/6794/5688
f 3869/6781/5681 3870/6783/5682 3878/6795/5690 3877/6793/5689
f 3870/6784/5682 3863/6774/5676 3871/6786/5684 3878/6796/5690
f 3871/6786/5684 3872/6785/5683 3880/6797/5691 3879/6798/5692
f 3872/6788/5683 3873/6787/5685 3881/6799/5693 3880/6800/5691
f 3873/6787/5685 3874/6789/5686 3882/6801/5694 3881/6799/5693
f 3874/6791/5686 3875/6790/5687 3883/6802/5695 3882/6803/5694
f 3875/6790/5687 3876/6792/5688 3884/6804/5696 3883/6802/5695
f 3876/6794/5688 3877/6793/5689 3885/6805/5697 3884/6806/5696
f 3877/6793/5689 3878/6795/5690 3886/6807/5698 3885/6805/5697
f 3878/6796/5690 3871/6786/5684 3879/6798/5692 3886/6808/5698
f 3879/6798/5692 3880/6797/5691 3888/6809/5699 3887/6810/5700
f 3880/6800/5691 3881/6799/5693 3889/6811/5701 3888/6812/5699
f 3881/6799/5693 3882/6801/5694 3890/6813/5702 3889/6811/5701
f 3882/6803/5694 3883/6802/5695 3891/6814/5703 3890/6815/5702
f 3883/6802/5695 3884/6804/5696 3892/6816/5704 3891/6814/5703
f 3884/6806/5696 3885/6805/5697 3893/6817/5705 3892/6818/5704
f 3885/6805/5697 3886/6807/5698 3894/6819/5706 3893/6817/5705
f 3886/6808/5698 3879/6798/5692 3887/6810/5700 3894/6820/5706
f 3887/6810/5700 3888/6809/5699 3896/6821/5707 3895/6822/5708
f 3888/6812/5699 3889/6811/5701 3897/6823/5709 3896/6824/5707
f 3889/6811/5701 3890/6813/5702 3898/6825/5710 3897/6823/5709
f 3890/6815/5702 3891/6814/5703 3899/6826/5711 3898/6827/5710
f 3891/6814/5703 3892/6816/5704 3900/6828/5712 3899/6826/5711
f 3892/6818/5704 3893/6817/5705 3901/6829/5713 3900/6830/5712
f 3893/6817/5705 3894/6819/5706 3902/6831/5714 3901/6829/5713
f 3894/6820/5706 3887/6810/5700 3895/6822/5708 3902/6832/5714
f 3895/6822/5708 3896/6821/5707 3904/6833/5715 3903/6834/5716
f 3896/6824/5707 3897/6823/5709 3905/6835/5717 3904/6836/5715
f 3897/6823/5709 3898/6825/5710 3906/6837/5718 3905/6835/5717
f 3898/6827/5710 3899/6826/5711 3907/6838/5719 3906/6839/5718
f 3899/6826/5711 3900/6828/5712 3908/6840/5720 3907/6838/5719
f 3900/6830/5712 3901/6829/5713 3909/6841/5721 3908/6842/5720
f 3901/6829/5713 3902/6831/5714 3910/6843/5722 3909/6841/5721
f 3902/6832/5714 3895/6822/5708 3903/6834/5716 3910/6844/5722
f 3903/6834/5716 3904/6833/5715 3912/6845/5723 3911/6846/5724
f 3904/6836/5715 3905/6835/5717 3913/6847/5725 3912/6848/5723
f 3905/6835/5717 3906/6837/5718 3914/6849/5726 3913/6847/5725
f 3906/6839/5718 3907/6838/5719 3915/6850/5727 3914/6851/5726
f 3907/6838/5719 3908/6840/5720 3916/6852/5728 3915/6850/5727
f 3908/6842/5720 3909/6841/5721 3917/6853/5729 3916/6854/5728
f 3909/6841/5721 3910/6843/5722 3918/6855/5730 3917/6853/5729
f 3910/6844/5722 3903/6834/5716 3911/6846/5724 3918/6856/5730
f 3911/6846/5724 3912/6845/5723 3920/6857/5731 3919/6858/5732
f 3912/6848/5723 3913/6847/5725 3921/6859/5733 3920/6860/5731
f 3913/6847/5725 3914/6849/5726 3922/6861/5734 3921/6859/5733
f 3914/6851/5726 3915/6850/5727 3923/6862/5735 3922/6863/5734
f 3915/6850/5727 3916/6852/5728 3924/6864/5736 3923/6862/5735
f 3916/6854/5728 3917/6853/5729 3925/6865/5737 3924/6866/5736
f 3917/6853/5729 3918/6855/5730 3926/6867/5738 3925/6865/5737
f 3918/6856/5730 3911/6846/5724 3919/6858/5732 3926/6868/5738
f 3919/6858/5732 3920/6857/5731 3928/6869/5739 3927/6870/5740
f 3920/6860/5731 3921/6859/5733 3929/6871/5741 3928/6872/5739
f 3921/6859/5733 3922/6861/5734 3930/6873/5742 3929/6871/5741
f 3922/6863/5734 3923/6862/5735 3931/6874/5743 3930/6875/5742
f 3923/6862/5735 3924/6864/5736 3932/6876/5744 3931/6874/5743
f 3924/6866/5736 3925/6865/5737 3933/6877/5745 3932/6878/5744
f 3925/6865/5737 3926/6867/5738 3934/6879/5746 3933/6877/5745
f 3926/6868/5738 3919/6858/5732 3927/6870/5740 3934/6880/5746
f 3927/6870/5740 3928/6869/5739 3936/6881/5747 3935/6882/5748
f 3928/6872/5739 3929/6871/5741 3937/6883/5749 3936/6884/5747
f 3929/6871/5741 3930/6873/5742 3938/6885/5750 3937/6883/5749
f 3930/6875/5742 3931/6874/5743 3939/6886/5751 3938/6887/5750
f 3931/6874/5743 3932/6876/5744 3940/6888/5752 3939/6886/5751
f 3932/6878/5744 3933/6877/5745 3941/6889/5753 3940/6890/5752
f 3933/6877/5745 3934/6879/5746 3942/6891/5754 3941/6889/5753
f 3934/6880/5746 3927/6870/5740 3935/6882/5748 3942/6892/5754
f 3935/6882/5748 3936/6881/5747 3944/6893/5755 3943/6894/5756
f 3936/6884/5747 3937/6883/5749 3945/6895/5757 3944/6896/5755
f 3937/6883/5749 3938/6885/5750 3946/6897/5758 3945/6895/5757
f 3938/6887/5750 3939/6886/5751 3947/6898/5759 3946/6899/5758
f 3939/6886/5751 3940/6888/5752 3948/6900/5760 3947/6898/5759
f 3940/6890/5752 3941/6889/5753 3949/6901/5761 3948/6902/5760
f 3941/6889/5753 3942/6891/5754 3950/6903/5762 3949/6901/5761
f 3942/6892/5754 3935/6882/5748 3943/6894/5756 3950/6904/5762
f 3943/6894/5756 3944/6893/5755 3952/6905/5763 3951/6906/5764
f 3944/6896/5755 3945/6895/5757 3953/6907/5765 3952/6908/5763
f 3945/6895/5757 3946/6897/5758 3954/6909/5766 3953/6907/5765
f 3946/6899/5758 3947/6898/5759 3955/6910/5767 3954/6911/5766
f 3947/6898/5759 3948/6900/5760 3956/6912/5768 3955/6910/5767
f 3948/6902/5760 3949/6901/5761 3957/6913/5769 3956/6914/5768
f 3949/6901/5761 3950/6903/5762 3958/6915/5770 3957/6913/5769
f 3950/6904/5762 3943/6894/5756 3951/6906/5764 3958/6916/5770
f 3951/6906/5764 3952/6905/5763 3960/6917/5771 3959/6918/5772
f 3952/6908/5763 3953/6907/5765 3961/6919/5773 3960/6920/5771
f 3953/6907/5765 3954/6909/5766 3962/6921/5774 3961/6919/5773
f 3954/6911/5766 3955/6910/5767 3963/6922/5775 3962/6923/5774
f 3955/6910/5767 3956/6912/5768 3964/6924/5776 3963/6922/5775
f 3956/6914/5768 3957/6913/5769 3965/6925/5777 3964/6926/5776
f 3957/6913/5769 3958/6915/5770 3966/6927/5778 3965/6925/5777
f 3958/6916/5770 3951/6906/5764 3959/6918/5772 3966/6928/5778
f 3959/6918/5772 3960/6917/5771 3968/6929/5779 3967/6930/5780
f 3960/6920/5771 3961/6919/5773 3969/6931/5781 3968/6932/5779
f 3961/6919/5773 3962/6921/5774 3970/6933/5782 3969/6931/5781
f 3962/6923/5774 3963/6922/5775 3971/6934/5783 3970/6935/5782
f 3963/6922/5775 3964/6924/5776 3972/6936/5784 3971/6934/5783
f 3964/6926/5776 3965/6925/5777 3973/6937/5785 3972/6938/5784
f 3965/6925/5777 3966/6927/5778 3974/6939/5786 3973/6937/5785
f 3966/6928/5778 3959/6918/5772 3967/6930/5780 3974/6940/5786
f 3967/6930/5780 3968/6929/5779 3976/6941/5787 3975/6942/5788
f 3968/6932/5779 3969/6931/5781 3977/6943/5789 3976/6944/5787
f 3969/6931/5781 3970/6933/5782 3978/6945/5790 3977/6943/5789
f 3970/6935/5782 3971/6934/5783 3979/6946/5791 3978/6947/5790
f 3971/6934/5783 3972/6936/5784 3980/6948/5792 3979/6946/5791
f 3972/6938/5784 3973/6937/5785 3981/6949/5793 3980/6950/5792
f 3973/6937/5785 3974/6939/5786 3982/6951/5794 3981/6949/5793
f 3974/6940/5786 3967/6930/5780 3975/6942/5788 3982/6952/5794
f 3975/6942/5788 3976/6941/5787 3984/6953/5795 3983/6954/5796
f 3976/6944/5787 3977/6943/5789 3985/6955/5797 3984/6956/5795
f 3977/6943/5789 3978/6945/5790 3986/6957/5798 3985/6955/5797
f 3978/6947/5790 3979/6946/5791 3987/6958/5799 3986/6959/5798
f 3979/6946/5791 3980/6948/5792 3988/6960/5800 3987/6958/5799
f 3980/6950/5792 3981/6949/5793 3989/6961/5801 3988/6962/5800
f 3981/6949/5793 3982/6951/5794 3990/6963/5802 3989/6961/5801
f 3982/6952/5794 3975/6942/5788 3983/6954/5796 3990/6964/5802
f 3983/6954/5796 3984/6953/5795 3992/6965/5803 3991/6966/5804
f 3984/6956/5795 3985/6955/5797 3993/6967/5805 3992/6968/5803
f 3985/6955/5797 3986/6957/5798 3994/6969/5806 3993/6967/5805
f 3986/6959/5798 3987/6958/5799 3995/6970/5807 3994/6971/5806
f 3987/6958/5799 3988/6960/5800 3996/6972/5808 3995/6970/5807
f 3988/6962/5800 3989/6961/5801 3997/6973/5809 3996/6974/5808
f 3989/6961/5801 3990/6963/5802 3998/6975/5810 3997/6973/5809
f 3990/6964/5802 3983/6954/5796 3991/6966/5804 3998/6976/5810
f 3991/6966/5804 3992/6965/5803 4000/6977/5811 3999/6978/5812
f 3992/6968/5803 3993/6967/5805 4001/6979/5813 4000/6980/5811
f 3993/6967/5805 3994/6969/5806 4002/6981/5814 4001/6979/5813
f 3994/6971/5806 3995/6970/5807 4003/6982/5815 4002/6983/5814
f 3995/6970/5807 3996/6972/5808 4004/6984/5816 4003/6982/5815
f 3996/6974/5808 3997/6973/5809 4005/6985/5817 4004/6986/5816
f 3997/6973/5809 3998/6975/5810 4006/6987/5818 4005/6985/5817
f 3998/6976/5810 3991/6966/5804 3999/6978/5812 4006/6988/5818
f 3999/6978/5812 4000/6977/5811 4008/6989/5819 4007/6990/5820
f 4000/6980/5811 4001/6979/5813 4009/6991/5821 4008/6992/5819
f 4001/6979/5813 4002/6981/5814 4010/6993/5822 4009/6991/5821
f 4002/6983/5814 4003/6982/5815 4011/6994/5823 4010/6995/5822
f 4003/6982/5815 4004/6984/5816 4012/6996/5824 4011/6994/5823
f 4004/6986/5816 4005/6985/5817 4013/6997/5825 4012/6998/5824
f 4005/6985/5817 4006/6987/5818 4014/6999/5826 4013/6997/5825
f 4006/6988/5818 3999/6978/5812 4007/6990/5820 4014/7000/5826
f 4007/6990/5820 4008/6989/5819 4016/7001/5827 4015/7002/5828
f 4008/7003/5819 4009/7004/5821 4017/7005/5829 4016/7006/5827
f 4009/7004/5821 4010/7007/5822 4018/7008/5830 4017/7005/5829
f 4010/6995/5822 4011/6994/5823 4019/7009/5831 4018/7010/5830
f 4011/6994/5823 4012/6996/5824 4020/7011/5832 4019/7009/5831
f 4012/7012/5824 4013/7013/5825 4021/7014/5833 4020/7015/5832
f 4013/7013/5825 4014/7016/5826 4022/7017/5834 4021/7014/5833
f 4014/7000/5826 4007/6990/5820 4015/7002/5828 4022/7018/5834
f 4015/7002/5828 4016/7001/5827 4024/7019/5835 4023/7020/5836
f 4016/7006/5827 4017/7005/5829 4025/7021/5837 4024/7022/5835
f 4017/7005/5829 4018/7008/5830 4026/7023/5838 4025/7021/5837
f 4018/7010/5830 4019/7009/5831 4027/7024/5839 4026/7025/5838
f 4019/7009/5831 4020/7011/5832 4028/7026/5840 4027/7024/5839
f 4020/7015/5832 4021/7014/5833 4029/7027/5841 4028/7028/5840
f 4021/7014/5833 4022/7017/5834 4030/7029/5842 4029/7027/5841
f 4022/7018/5834 4015/7002/5828 4023/7020/5836 4030/7030/5842
f 4023/7020/5836 4024/7019/5835 4032/7031/5843 4031/7032/5844
f 4024/7022/5835 4025/7021/5837 4033/7033/5845 4032/7034/5843
f 4025/7021/5837 4026/7023/5838 4034/7035/5846 4033/7033/5845
f 4026/7025/5838 4027/7024/5839 4035/7036/5847 4034/7037/5846
f 4027/7024/5839 4028/7026/5840 4036/7038/5848 4035/7036/5847
f 4028/7028/5840 4029/7027/5841 4037/7039/5849 4036/7040/5848
f 4029/7027/5841 4030/7029/5842 4038/7041/5850 4037/7039/5849
f 4030/7030/5842 4023/7020/5836 4031/7032/5844 4038/7042/5850
f 4031/7032/5844 4032/7031/5843 4040/7043/5851 4039/7044/5852
f 4032/7034/5843 4033/7033/5845 4041/7045/5853 4040/7046/5851
f 4033/7033/5845 4034/7035/5846 4042/7047/5854 4041/7045/5853
f 4034/7037/5846 4035/7036/5847 4043/7048/5855 4042/7049/5854
f 4035/7036/5847 4036/7038/5848 4044/7050/5856 4043/7048/5855
f 4036/7040/5848 4037/7039/5849 4045/7051/5857 4044/7052/5856
f 4037/7039/5849 4038/7041/5850 4046/7053/5858 4045/7051/5857
f 4038/7042/5850 4031/7032/5844 4039/7044/5852 4046/7054/5858
f 4039/7044/5852 4040/7043/5851 4048/7055/5859 4047/7056/5860
f 4040/7046/5851 4041/7045/5853 4049/7057/5861 4048/7058/5859
f 4041/7045/5853 4042/7047/5854 4050/7059/5862 4049/7057/5861
f 4042/7049/5854 4043/7048/5855 4051/7060/5863 4050/7061/5862
f 4043/7048/5855 4044/7050/5856 4052/7062/5864 4051/7060/5863
f 4044/7052/5856 4045/7051/5857 4053/7063/5865 4052/7064/5864
f 4045/7051/5857 4046/7053/5858 4054/7065/5866 4053/7063/5865
f 4046/7054/5858 4039/7044/5852 4047/7056/5860 4054/7066/5866
f 4047/7056/5860 4048/7055/5859 4056/7067/5867 4055/7068/5868
f 4048/7058/5859 4049/7057/5861 4057/7069/5869 4056/7070/5867
f 4049/7057/5861 4050/7059/5862 4058/7071/5870 4057/7069/5869
f 4050/7061/5862 4051/7060/5863 4059/7072/5871 4058/7073/5870
f 4051/7060/5863 4052/7062/5864 4060/7074/5872 4059/7072/5871
f 4052/7064/5864 4053/7063/5865 4061/7075/5873 4060/7076/5872
f 4053/7063/5865 4054/7065/5866 4062/7077/5874 4061/7075/5873
f 4054/7066/5866 4047/7056/5860 4055/7068/5868 4062/7078/5874
f 4055/7068/5868 4056/7067/5867 4064/7079/5875 4063/7080/5876
f 4056/7070/5867 4057/7069/5869 4065/7081/5877 4064/7082/5875
f 4057/7069/5869 4058/7071/5870 4066/7083/5878 4065/7081/5877
f 4058/7073/5870 4059/7072/5871 4067/7084/5879 4066/7085/5878
f 4059/7072/5871 4060/7074/5872 4068/7086/5880 4067/7084/5879
f 4060/7076/5872 4061/7075/5873 4069/7087/5881 4068/7088/5880
f 4061/7075/5873 4062/7077/5874 4070/7089/5882 4069/7087/5881
f 4062/7078/5874 4055/7068/5868 4063/7080/5876 4070/7090/5882
f 4063/7080/5876 4064/7079/5875 4072/7091/5883 4071/7092/5884
f 4064/7082/5875 4065/7081/5877 4073/7093/5885 4072/7094/5883
f 4065/7081/5877 4066/7083/5878 4074/7095/5886 4073/7093/5885
f 4066/7085/5878 4067/7084/5879 4075/7096/5887 4074/7097/5886
f 4067/7084/5879 4068/7086/5880 4076/7098/5888 4075/7096/5887
f 4068/7088/5880 4069/7087/5881 4077/7099/5889 4076/7100/5888
f 4069/7087/5881 4070/7089/5882 4078/7101/5890 4077/7099/5889
f 4070/7090/5882 4063/7080/5876 4071/7092/5884 4078/7102/5890
f 4071/7092/5884 4072/7091/5883 4080/7103/5891 4079/7104/5892
f 4072/7094/5883 4073/7093/5885 4081/7105/5893 4080/7106/5891
f 4073/7093/5885 4074/7095/5886 4082/7107/5894 4081/7105/5893
f 4074/7097/5886 4075/7096/5887 4083/7108/5895 4082/7109/5894
f 4075/7096/5887 4076/7098/5888 4084/7110/5896 4083/7108/5895
f 4076/7100/5888 4077/7099/5889 4085/7111/5897 4084/7112/5896
f 4077/7099/5889 4078/7101/5890 4086/7113/5898 4085/7111/5897
f 4078/7102/5890 4071/7092/5884 4079/7104/5892 4086/7114/5898
f 4079/7104/5892 4080/7103/5891 4088/7115/5899 4087/7116/5900
f 4080/7106/5891 4081/7105/5893 4089/7117/5901 4088/7118/5899
f 4081/7105/5893 4082/7107/5894 4090/7119/5902 4089/7117/5901
f 4082/7109/5894 4083/7108/5895 4091/7120/5903 4090/7121/5902
f 4083/7108/5895 4084/7110/5896 4092/7122/5904 4091/7120/5903
f 4084/7112/5896 4085/7111/5897 4093/7123/5905 4092/7124/5904
f 4085/7111/5897 4086/7113/5898 4094/7125/5906 4093/7123/5905
f 4086/7114/5898 4079/7104/5892 4087/7116/5900 4094/7126/5906
g default
v -29.790380 -18.487484 -1.230759
v -31.600132 -18.487484 -1.250550
v -29.790380 -16.942108 -1.230759
v -31.600132 -16.942108 -1.250550
v -29.810171 -16.942108 0.578990
v -31.619923 -16.942108 0.559199
v -29.810171 -18.487484 0.578990
v -31.619923 -18.487484 0.559199
vt 0.624263 0.990825
vt 0.624263 0.993879
vt 0.621656 0.993879
vt 0.621656 0.990825
vt 0.642469 0.990182
vt 0.642503 0.993236
vt 0.639449 0.993269
vt 0.639416 0.990216
vt 0.615623 0.992248
vt 0.615623 0.995302
vt 0.613015 0.995302
vt 0.613015 0.992248
vt 0.633383 0.990226
vt 0.633349 0.993279
vt 0.630296 0.993245
vt 0.630329 0.990192
vt 0.604375 0.995302
vt 0.604375 0.992248
vt 0.606982 0.992248
vt 0.606982 0.995302
vt 0.595735 0.995916
vt 0.595735 0.992863
vt 0.598342 0.992863
vt 0.598342 0.995916
vn 0.010935 0.000000 -0.999940
vn 0.010935 0.000000 -0.999940
vn 0.010935 0.000000 -0.999940
vn 0.010935 0.000000 -0.999940
vn 0.000000 1.000000 0.000000
vn 0.000000 1.000000 0.000000
vn 0.000000 1.000000 0.000000
vn 0.000000 1.000000 0.000000
vn -0.010935 0.000000 0.999940
vn -0.010935 0.000000 0.999940
vn -0.010935 0.000000 0.999940
vn -0.010935 0.000000 0.999940
vn 0.000000 -1.000000 -0.000000
vn 0.000000 -1.000000 -0.000000
vn 0.000000 -1.000000 -0.000000
vn 0.000000 -1.000000 -0.000000
vn -0.999940 0.000000 -0.010935
vn -0.999940 0.000000 -0.010935
vn -0.999940 0.000000 -0.010935
vn -0.999940 0.000000 -0.010935
vn 0.999940 0.000000 0.010935
vn 0.999940 0.000000 0.010935
vn 0.999940 0.000000 0.010935
vn 0.999940 0.000000 0.010935
s off
g pCube35 polySurface108
usemtl initialShadingGroup
f 4095/7127/5907 4096/7128/5908 4098/7129/5909 4097/7130/5910
f 4097/7131/5911 4098/7132/5912 4100/7133/5913 4099/7134/5914
f 4099/7135/5915 4100/7136/5916 4102/7137/5917 4101/7138/5918
f 4101/7139/5919 4102/7140/5920 4096/7141/5921 4095/7142/5922
f 4096/7143/5923 4102/7144/5924 4100/7145/5925 4098/7146/5926
f 4101/7147/5927 4095/7148/5928 4097/7149/5929 4099/7150/5930
g default
v -30.155777 -16.475685 -0.873260
v -31.242640 -16.475685 -0.885145
v -30.550348 -15.547605 -0.487227
v -30.856606 -15.547605 -0.490576
v -30.553698 -15.547605 -0.180984
v -30.859955 -15.547605 -0.184333
v -30.167664 -16.475685 0.213585
v -31.254526 -16.475685 0.201699
vt 0.107963 0.984937
vt 0.107963 0.986771
vt 0.106397 0.986120
vt 0.106397 0.985603
vt 0.148322 0.990768
vt 0.148328 0.991285
vt 0.147811 0.991290
vt 0.147806 0.990774
vt 0.100364 0.985083
vt 0.100364 0.985600
vt 0.098798 0.986265
vt 0.098798 0.984432
vt 0.115850 0.984958
vt 0.115830 0.986791
vt 0.113996 0.986771
vt 0.114016 0.984937
vt 0.091199 0.986295
vt 0.091199 0.984462
vt 0.092765 0.985113
vt 0.092765 0.985630
vt 0.083601 0.986295
vt 0.083601 0.984462
vt 0.085166 0.985113
vt 0.085166 0.985630
vn 0.010080 0.387681 -0.921739
vn 0.010080 0.387681 -0.921739
vn 0.010080 0.387681 -0.921738
vn 0.010080 0.387681 -0.921738
vn 0.000000 1.000000 0.000002
vn 0.000000 1.000000 0.000002
vn 0.000000 1.000000 0.000002
vn 0.000000 1.000000 0.000002
vn -0.010080 0.387679 0.921740
vn -0.010080 0.387679 0.921739
vn -0.010080 0.387679 0.921740
vn -0.010080 0.387679 0.921739
vn 0.000000 -1.000000 -0.000001
vn 0.000000 -1.000000 -0.000001
vn 0.000000 -1.000000 -0.000001
vn 0.000000 -1.000000 -0.000001
vn -0.921738 0.387683 -0.010082
vn -0.921738 0.387683 -0.010082
vn -0.921738 0.387683 -0.010082
vn -0.921738 0.387683 -0.010082
vn 0.921739 0.387681 0.010082
vn 0.921739 0.387681 0.010082
vn 0.921739 0.387681 0.010082
vn 0.921739 0.387681 0.010082
s off
g pCube35 polySurface109
usemtl initialShadingGroup
f 4103/7151/5931 4104/7152/5932 4106/7153/5933 4105/7154/5934
f 4105/7155/5935 4106/7156/5936 4108/7157/5937 4107/7158/5938
f 4107/7159/5939 4108/7160/5940 4110/7161/5941 4109/7162/5942
f 4109/7163/5943 4110/7164/5944 4104/7165/5945 4103/7166/5946
f 4104/7167/5947 4110/7168/5948 4108/7169/5949 4106/7170/5950
f 4109/7171/5951 4103/7172/5952 4105/7173/5953 4107/7174/5954
g default
v 15.936539 -16.475685 -25.493937
v 16.501060 -16.475685 -26.422770
v 15.805714 -15.547605 -26.030212
v 15.964785 -15.547605 -26.291939
v 15.543999 -15.547605 -26.189278
v 15.703070 -15.547605 -26.451004
v 15.007722 -16.475685 -26.058447
v 15.572243 -16.475685 -26.987280
vt 0.032815 0.997794
vt 0.032815 0.996226
vt 0.034380 0.996447
vt 0.034380 0.996889
vt 0.117583 0.990747
vt 0.117851 0.991189
vt 0.117410 0.991457
vt 0.117141 0.991016
vt 0.042047 0.996447
vt 0.042047 0.996889
vt 0.040481 0.997794
vt 0.040481 0.996226
vt 0.409668 0.987726
vt 0.410620 0.986159
vt 0.412187 0.987111
vt 0.411235 0.988678
vt 0.049713 0.996441
vt 0.049713 0.998008
vt 0.048147 0.997787
vt 0.048147 0.997346
vt 0.055813 0.998008
vt 0.055813 0.996441
vt 0.057379 0.996662
vt 0.057379 0.997103
vn 0.787717 0.387679 0.478756
vn 0.787717 0.387679 0.478756
vn 0.787717 0.387678 0.478756
vn 0.787717 0.387679 0.478756
vn 0.000000 1.000000 0.000000
vn 0.000000 1.000000 0.000000
vn 0.000000 1.000000 0.000000
vn 0.000000 1.000000 0.000000
vn -0.787716 0.387682 -0.478754
vn -0.787717 0.387682 -0.478754
vn -0.787716 0.387682 -0.478754
vn -0.787717 0.387682 -0.478754
vn 0.000000 -1.000000 -0.000001
vn 0.000000 -1.000000 -0.000001
vn 0.000000 -1.000000 -0.000001
vn 0.000000 -1.000000 -0.000001
vn 0.478757 0.387680 -0.787715
vn 0.478758 0.387680 -0.787715
vn 0.478758 0.387680 -0.787715
vn 0.478758 0.387680 -0.787715
vn -0.478758 0.387682 0.787714
vn -0.478758 0.387682 0.787714
vn -0.478758 0.387682 0.787714
vn -0.478758 0.387682 0.787714
s off
g pCube35 polySurface110
usemtl initialShadingGroup
f 4111/7175/5955 4112/7176/5956 4114/7177/5957 4113/7178/5958
f 4113/7179/5959 4114/7180/5960 4116/7181/5961 4115/7182/5962
f 4115/7183/5963 4116/7184/5964 4118/7185/5965 4117/7186/5966
f 4117/7187/5967 4118/7188/5968 4112/7189/5969 4111/7190/5970
f 4112/7191/5971 4118/7192/5972 4116/7193/5973 4114/7194/5974
f 4117/7195/5975 4111/7196/5976 4113/7197/5977 4115/7198/5978
g default
v 16.057701 -18.487484 -24.997309
v 16.997692 -18.487484 -26.543922
v 16.057701 -16.942108 -24.997309
v 16.997692 -16.942108 -26.543922
v 14.511091 -16.942108 -25.937296
v 15.451081 -16.942108 -27.483910
v 14.511091 -18.487484 -25.937296
v 15.451081 -18.487484 -27.483910
vt 0.435398 0.988768
vt 0.435398 0.986159
vt 0.438005 0.986159
vt 0.438005 0.988768
vt 0.817250 0.982599
vt 0.819860 0.981013
vt 0.821446 0.983622
vt 0.818836 0.985208
vt 0.811217 0.982599
vt 0.811217 0.985208
vt 0.808610 0.985208
vt 0.808610 0.982599
vt 0.800991 0.985892
vt 0.798382 0.984307
vt 0.799967 0.981697
vt 0.802577 0.983283
vt 0.808610 0.983622
vt 0.811217 0.983622
vt 0.808610 0.981013
vt 0.811217 0.981013
vn 0.854548 0.000000 0.519372
vn 0.854548 0.000000 0.519372
vn 0.854548 0.000000 0.519372
vn 0.854548 0.000000 0.519372
vn 0.000000 1.000000 0.000000
vn 0.000000 1.000000 0.000000
vn 0.000000 1.000000 0.000000
vn 0.000000 1.000000 0.000000
vn -0.854548 0.000000 -0.519372
vn -0.854548 0.000000 -0.519372
vn -0.854548 0.000000 -0.519372
vn -0.854548 0.000000 -0.519372
vn 0.000000 -1.000000 -0.000001
vn 0.000000 -1.000000 -0.000001
vn 0.000000 -1.000000 -0.000001
vn 0.000000 -1.000000 -0.000001
vn 0.519371 0.000000 -0.854549
vn 0.519371 0.000000 -0.854549
vn 0.519371 0.000000 -0.854549
vn 0.519371 0.000000 -0.854549
vn -0.519371 0.000000 0.854549
vn -0.519371 0.000000 0.854549
vn -0.519371 0.000000 0.854549
vn -0.519371 0.000000 0.854549
s off
g pCube35 polySurface111
usemtl initialShadingGroup
f 4119/7199/5979 4120/7200/5980 4122/7201/5981 4121/7202/5982
f 4121/7203/5983 4122/7204/5984 4124/7205/5985 4123/7206/5986
f 4123/7207/5987 4124/7208/5988 4126/7209/5989 4125/7210/5990
f 4125/7211/5991 4126/7212/5992 4120/7213/5993 4119/7214/5994
f 4120/7215/5995 4126/7209/5996 4124/7208/5997 4122/7216/5998
f 4125/7210/5999 4119/7217/6000 4121/7218/6001 4123/7207/6002
g default
v -13.765616 -18.487484 -26.494244
v -14.644205 -18.487484 -28.076546
v -13.765616 -16.942108 -26.494244
v -14.644205 -16.942108 -28.076546
v -15.347915 -16.942108 -25.615658
v -16.226503 -16.942108 -27.197960
v -15.347915 -18.487484 -25.615658
v -16.226503 -18.487484 -27.197960
vt 0.469959 0.992461
vt 0.469959 0.989791
vt 0.472567 0.989791
vt 0.472567 0.992461
vt 0.776659 0.981697
vt 0.779329 0.983179
vt 0.777847 0.985849
vt 0.775177 0.984367
vt 0.463926 0.989791
vt 0.463926 0.992461
vt 0.461319 0.992461
vt 0.461319 0.989791
vt 0.766474 0.988219
vt 0.764992 0.985549
vt 0.767662 0.984067
vt 0.769144 0.986736
vt 0.455286 0.989791
vt 0.455286 0.992460
vt 0.452679 0.992460
vt 0.452679 0.989791
vt 0.444038 0.992460
vt 0.444038 0.989791
vt 0.446645 0.989791
vt 0.446645 0.992460
vn 0.874267 0.000000 -0.485445
vn 0.874267 0.000000 -0.485445
vn 0.874267 0.000000 -0.485445
vn 0.874267 0.000000 -0.485445
vn 0.000000 1.000000 0.000000
vn 0.000000 1.000000 0.000000
vn 0.000000 1.000000 0.000000
vn 0.000000 1.000000 0.000000
vn -0.874267 0.000000 0.485445
vn -0.874267 0.000000 0.485445
vn -0.874267 0.000000 0.485445
vn -0.874267 0.000000 0.485445
vn 0.000000 -1.000000 0.000000
vn 0.000000 -1.000000 0.000000
vn 0.000000 -1.000000 0.000000
vn 0.000000 -1.000000 0.000000
vn -0.485445 0.000000 -0.874267
vn -0.485445 0.000000 -0.874267
vn -0.485445 0.000000 -0.874267
vn -0.485445 0.000000 -0.874267
vn 0.485445 0.000000 0.874267
vn 0.485445 0.000000 0.874267
vn 0.485445 0.000000 0.874267
vn 0.485445 0.000000 0.874267
s off
g pCube35 polySurface112
usemtl initialShadingGroup
f 4127/7219/6003 4128/7220/6004 4130/7221/6005 4129/7222/6006
f 4129/7223/6007 4130/7224/6008 4132/7225/6009 4131/7226/6010
f 4131/7227/6011 4132/7228/6012 4134/7229/6013 4133/7230/6014
f 4133/7231/6015 4134/7232/6016 4128/7233/6017 4127/7234/6018
f 4128/7235/6019 4134/7236/6020 4132/7237/6021 4130/7238/6022
f 4133/7239/6023 4127/7240/6024 4129/7241/6025 4131/7242/6026
g default
v -14.257113 -16.475685 -26.634785
v -14.784758 -16.475685 -27.585051
v -14.787843 -15.547605 -26.786556
v -14.936522 -15.547605 -27.054321
v -15.055596 -15.547605 -26.637882
v -15.204276 -15.547605 -26.905647
v -15.207361 -16.475685 -26.107151
v -15.735006 -16.475685 -27.057417
vt 0.015210 0.992286
vt 0.015210 0.990683
vt 0.016776 0.991579
vt 0.016776 0.992030
vt 0.125510 0.991045
vt 0.125259 0.991497
vt 0.124807 0.991246
vt 0.125058 0.990794
vt 0.009177 0.991579
vt 0.009177 0.992030
vt 0.007611 0.992286
vt 0.007611 0.990683
vt 0.402031 0.988653
vt 0.401141 0.987049
vt 0.402744 0.986159
vt 0.403635 0.987762
vt 0.003525 0.996211
vt 0.003525 0.997815
vt 0.001959 0.996919
vt 0.001959 0.996467
vt 0.009817 0.997815
vt 0.009817 0.996211
vt 0.011382 0.997107
vt 0.011382 0.997559
vn 0.805894 0.387679 -0.447481
vn 0.805894 0.387679 -0.447481
vn 0.805894 0.387679 -0.447481
vn 0.805894 0.387679 -0.447481
vn 0.000000 1.000000 0.000005
vn 0.000000 1.000000 0.000005
vn 0.000000 1.000000 0.000005
vn 0.000000 1.000000 0.000005
vn -0.805894 0.387680 0.447481
vn -0.805894 0.387680 0.447481
vn -0.805894 0.387680 0.447481
vn -0.805894 0.387680 0.447481
vn 0.000000 -1.000000 0.000000
vn 0.000000 -1.000000 0.000000
vn 0.000000 -1.000000 0.000000
vn 0.000000 -1.000000 0.000000
vn -0.447479 0.387682 -0.805894
vn -0.447479 0.387682 -0.805894
vn -0.447479 0.387682 -0.805894
vn -0.447479 0.387682 -0.805894
vn 0.447479 0.387684 0.805893
vn 0.447479 0.387684 0.805893
vn 0.447479 0.387684 0.805893
vn 0.447479 0.387684 0.805893
s off
g pCube35 polySurface113
usemtl initialShadingGroup
f 4135/7243/6027 4136/7244/6028 4138/7245/6029 4137/7246/6030
f 4137/7247/6031 4138/7248/6032 4140/7249/6033 4139/7250/6034
f 4139/7251/6035 4140/7252/6036 4142/7253/6037 4141/7254/6038
f 4141/7255/6039 4142/7256/6040 4136/7257/6041 4135/7258/6042
f 4136/7259/6043 4142/7260/6044 4140/7261/6045 4138/7262/6046
f 4141/7263/6047 4135/7264/6048 4137/7265/6049 4139/7266/6050
g default
v 29.764505 -18.487484 0.851257
v 31.573641 -18.487484 0.902483
v 29.764505 -16.942108 0.851257
v 31.573641 -16.942108 0.902483
v 29.815733 -16.942108 -0.957875
v 31.624868 -16.942108 -0.906649
v 29.815733 -18.487484 -0.957875
v 31.624868 -18.487484 -0.906649
vt 0.587094 0.995915
vt 0.587094 0.992863
vt 0.589701 0.992863
vt 0.589701 0.995915
vt 0.657707 0.990709
vt 0.660760 0.990622
vt 0.660846 0.993674
vt 0.657794 0.993761
vt 0.578454 0.995915
vt 0.578454 0.992863
vt 0.581061 0.992863
vt 0.581061 0.995915
vt 0.648622 0.990622
vt 0.651674 0.990709
vt 0.651588 0.993761
vt 0.648536 0.993674
vt 0.569813 0.995915
vt 0.569813 0.992863
vt 0.572421 0.992863
vt 0.572421 0.995915
vt 0.561173 0.995915
vt 0.561173 0.992863
vt 0.563780 0.992863
vt 0.563780 0.995915
vn -0.028304 0.000000 0.999599
vn -0.028304 0.000000 0.999599
vn -0.028304 0.000000 0.999599
vn -0.028304 0.000000 0.999599
vn 0.000000 1.000000 -0.000000
vn 0.000000 1.000000 -0.000000
vn 0.000000 1.000000 -0.000000
vn 0.000000 1.000000 -0.000000
vn 0.028304 0.000000 -0.999599
vn 0.028304 0.000000 -0.999599
vn 0.028304 0.000000 -0.999599
vn 0.028304 0.000000 -0.999599
vn 0.000000 -1.000000 0.000000
vn 0.000000 -1.000000 0.000000
vn 0.000000 -1.000000 0.000000
vn 0.000000 -1.000000 0.000000
vn 0.999599 0.000000 0.028305
vn 0.999599 0.000000 0.028305
vn 0.999599 0.000000 0.028305
vn 0.999599 0.000000 0.028305
vn -0.999599 0.000000 -0.028305
vn -0.999599 0.000000 -0.028305
vn -0.999599 0.000000 -0.028305
vn -0.999599 0.000000 -0.028305
s off
g pCube35 polySurface114
usemtl initialShadingGroup
f 4143/7267/6051 4144/7268/6052 4146/7269/6053 4145/7270/6054
f 4145/7271/6055 4146/7272/6056 4148/7273/6057 4147/7274/6058
f 4147/7275/6059 4148/7276/6060 4150/7277/6061 4149/7278/6062
f 4149/7279/6063 4150/7280/6064 4144/7281/6065 4143/7282/6066
f 4144/7283/6067 4150/7284/6068 4148/7285/6069 4146/7286/6070
f 4149/7287/6071 4143/7288/6072 4145/7289/6073 4147/7290/6074
g default
v 30.136057 -16.475685 0.500159
v 31.222549 -16.475685 0.530923
v 30.537277 -15.547605 0.121039
v 30.843428 -15.547605 0.129708
v 30.545944 -15.547605 -0.185100
v 30.852095 -15.547605 -0.176431
v 30.166822 -16.475685 -0.586315
v 31.253315 -16.475685 -0.555551
vt 0.076002 0.992464
vt 0.076002 0.990631
vt 0.077567 0.991271
vt 0.077567 0.991787
vt 0.140154 0.991326
vt 0.140139 0.990809
vt 0.140656 0.990794
vt 0.140671 0.991311
vt 0.068403 0.991825
vt 0.068403 0.991308
vt 0.069968 0.990631
vt 0.069968 0.992464
vt 0.121883 0.986770
vt 0.121935 0.984937
vt 0.123768 0.984989
vt 0.123716 0.986822
vt 0.060804 0.992516
vt 0.060804 0.990683
vt 0.062369 0.991323
vt 0.062369 0.991839
vt 0.053205 0.992516
vt 0.053205 0.990683
vt 0.054771 0.991323
vt 0.054771 0.991839
vn -0.026090 0.387680 0.921425
vn -0.026090 0.387680 0.921425
vn -0.026090 0.387680 0.921425
vn -0.026090 0.387680 0.921425
vn 0.000000 1.000000 -0.000001
vn 0.000000 1.000000 -0.000001
vn 0.000000 1.000000 -0.000001
vn 0.000000 1.000000 -0.000001
vn 0.026090 0.387680 -0.921425
vn 0.026090 0.387680 -0.921425
vn 0.026090 0.387680 -0.921425
vn 0.026090 0.387680 -0.921425
vn 0.000000 -1.000000 -0.000000
vn 0.000000 -1.000000 -0.000000
vn 0.000000 -1.000000 -0.000000
vn 0.000000 -1.000000 -0.000000
vn 0.921425 0.387681 0.026090
vn 0.921425 0.387680 0.026090
vn 0.921425 0.387681 0.026090
vn 0.921425 0.387681 0.026090
vn -0.921425 0.387678 -0.026090
vn -0.921425 0.387678 -0.026090
vn -0.921425 0.387678 -0.026090
vn -0.921425 0.387678 -0.026090
s off
g pCube35 polySurface115
usemtl initialShadingGroup
f 4151/7291/6075 4152/7292/6076 4154/7293/6077 4153/7294/6078
f 4153/7295/6079 4154/7296/6080 4156/7297/6081 4155/7298/6082
f 4155/7299/6083 4156/7300/6084 4158/7301/6085 4157/7302/6086
f 4157/7303/6087 4158/7304/6088 4152/7305/6089 4151/7306/6090
f 4152/7307/6091 4158/7308/6092 4156/7309/6093 4154/7310/6094
f 4157/7311/6095 4151/7312/6096 4153/7313/6097 4155/7314/6098
g default
v 14.044156 -18.487484 26.302406
v 14.895125 -18.487484 27.899731
v 14.044156 -16.942108 26.302406
v 14.895125 -16.942108 27.899731
v 15.641479 -16.942108 25.451439
v 16.492447 -16.942108 27.048763
v 15.641479 -18.487484 25.451439
v 16.492447 -18.487484 27.048763
vt 0.504521 0.992486
vt 0.504521 0.989791
vt 0.507128 0.989791
vt 0.507128 0.992486
vt 0.754828 0.986762
vt 0.756264 0.984067
vt 0.758959 0.985503
vt 0.757523 0.988198
vt 0.498488 0.989791
vt 0.498488 0.992486
vt 0.495881 0.992486
vt 0.495881 0.989791
vt 0.747360 0.984067
vt 0.748795 0.986762
vt 0.746100 0.988197
vt 0.744665 0.985503
vt 0.487240 0.992486
vt 0.487240 0.989791
vt 0.489847 0.989791
vt 0.489847 0.992486
vt 0.481207 0.989791
vt 0.481207 0.992486
vt 0.478600 0.992486
vt 0.478600 0.989791
vn -0.882568 0.000000 0.470185
vn -0.882568 0.000000 0.470185
vn -0.882568 0.000000 0.470185
vn -0.882568 0.000000 0.470185
vn 0.000000 1.000000 0.000001
vn 0.000000 1.000000 0.000001
vn 0.000000 1.000000 0.000001
vn 0.000000 1.000000 0.000001
vn 0.882568 0.000000 -0.470184
vn 0.882568 0.000000 -0.470184
vn 0.882568 0.000000 -0.470184
vn 0.882568 0.000000 -0.470184
vn 0.000000 -1.000000 -0.000001
vn 0.000000 -1.000000 -0.000001
vn 0.000000 -1.000000 -0.000001
vn 0.000000 -1.000000 -0.000001
vn 0.470185 0.000000 0.882568
vn 0.470185 0.000000 0.882568
vn 0.470185 0.000000 0.882568
vn 0.470185 0.000000 0.882568
vn -0.470184 0.000000 -0.882568
vn -0.470184 0.000000 -0.882568
vn -0.470184 0.000000 -0.882568
vn -0.470184 0.000000 -0.882568
s off
g pCube35 polySurface116
usemtl initialShadingGroup
f 4159/7315/6099 4160/7316/6100 4162/7317/6101 4161/7318/6102
f 4161/7319/6103 4162/7320/6104 4164/7321/6105 4163/7322/6106
f 4163/7323/6107 4164/7324/6108 4166/7325/6109 4165/7326/6110
f 4165/7327/6111 4166/7328/6112 4160/7329/6113 4159/7330/6114
f 4160/7331/6115 4166/7332/6116 4164/7333/6117 4162/7334/6118
f 4165/7335/6119 4159/7336/6120 4161/7337/6121 4163/7338/6122
g default
v 14.533136 -16.475685 26.451464
v 15.044194 -16.475685 27.410751
v 15.061151 -15.547605 26.612431
v 15.205156 -15.547605 26.882738
v 15.331447 -15.547605 26.468430
v 15.475452 -15.547605 26.738737
v 15.492409 -16.475685 25.940416
v 16.003466 -16.475685 26.899704
vt 0.045606 0.992301
vt 0.045606 0.990683
vt 0.047172 0.991574
vt 0.047172 0.992030
vt 0.132473 0.991251
vt 0.132716 0.990794
vt 0.133172 0.991037
vt 0.132929 0.991493
vt 0.039573 0.991574
vt 0.039573 0.992030
vt 0.038007 0.992301
vt 0.038007 0.990683
vt 0.394246 0.986159
vt 0.395108 0.987778
vt 0.393490 0.988640
vt 0.392628 0.987021
vt 0.030408 0.992301
vt 0.030408 0.990683
vt 0.031974 0.991574
vt 0.031974 0.992030
vt 0.024375 0.990683
vt 0.024375 0.992302
vt 0.022809 0.991411
vt 0.022809 0.990955
vn -0.813544 0.387681 0.433416
vn -0.813545 0.387681 0.433416
vn -0.813545 0.387681 0.433416
vn -0.813544 0.387681 0.433416
vn 0.000000 1.000000 -0.000005
vn 0.000000 1.000000 -0.000005
vn 0.000000 1.000000 -0.000005
vn 0.000000 1.000000 -0.000005
vn 0.813547 0.387679 -0.433413
vn 0.813547 0.387680 -0.433413
vn 0.813547 0.387680 -0.433413
vn 0.813547 0.387680 -0.433413
vn 0.000000 -1.000000 -0.000001
vn 0.000000 -1.000000 -0.000001
vn 0.000000 -1.000000 -0.000001
vn 0.000000 -1.000000 -0.000001
vn 0.433411 0.387683 0.813546
vn 0.433410 0.387683 0.813546
vn 0.433411 0.387683 0.813546
vn 0.433411 0.387683 0.813546
vn -0.433415 0.387682 -0.813544
vn -0.433415 0.387682 -0.813544
vn -0.433415 0.387682 -0.813544
vn -0.433415 0.387682 -0.813544
s off
g pCube35 polySurface117
usemtl initialShadingGroup
f 4167/7339/6123 4168/7340/6124 4170/7341/6125 4169/7342/6126
f 4169/7343/6127 4170/7344/6128 4172/7345/6129 4171/7346/6130
f 4171/7347/6131 4172/7348/6132 4174/7349/6133 4173/7350/6134
f 4173/7351/6135 4174/7352/6136 4168/7353/6137 4167/7354/6138
f 4168/7355/6139 4174/7356/6140 4172/7357/6141 4170/7358/6142
f 4173/7359/6143 4167/7360/6144 4169/7361/6145 4171/7362/6146
g default
v -15.872796 -18.487484 25.317509
v -16.839512 -18.487484 26.847561
v -15.872796 -16.942108 25.317509
v -16.839512 -16.942108 26.847561
v -14.342749 -16.942108 26.284222
v -15.309464 -16.942108 27.814274
v -14.342749 -18.487484 26.284222
v -15.309464 -18.487484 27.814274
vt 0.847970 0.985225
vt 0.847970 0.982643
vt 0.850577 0.982643
vt 0.850577 0.985225
vt 0.841936 0.983594
vt 0.839355 0.985225
vt 0.837724 0.982643
vt 0.840305 0.981012
vt 0.429365 0.988766
vt 0.426783 0.988766
vt 0.426783 0.986159
vt 0.429365 0.986159
vt 0.831691 0.982644
vt 0.830060 0.985225
vt 0.827479 0.983594
vt 0.829110 0.981013
vt 0.847970 0.981012
vt 0.850577 0.981012
vt 0.847970 0.983594
vt 0.850577 0.983594
vn -0.845397 0.000000 -0.534138
vn -0.845397 0.000000 -0.534138
vn -0.845397 0.000000 -0.534138
vn -0.845397 0.000000 -0.534138
vn 0.000000 1.000000 0.000000
vn 0.000000 1.000000 0.000000
vn 0.000000 1.000000 0.000000
vn 0.000000 1.000000 0.000000
vn 0.845397 0.000000 0.534138
vn 0.845397 0.000000 0.534138
vn 0.845397 0.000000 0.534138
vn 0.845397 0.000000 0.534138
vn 0.000000 -1.000000 0.000000
vn 0.000000 -1.000000 0.000000
vn 0.000000 -1.000000 0.000000
vn 0.000000 -1.000000 0.000000
vn -0.534138 0.000000 0.845397
vn -0.534138 0.000000 0.845397
vn -0.534138 0.000000 0.845397
vn -0.534138 0.000000 0.845397
vn 0.534138 0.000000 -0.845397
vn 0.534138 0.000000 -0.845397
vn 0.534138 0.000000 -0.845397
vn 0.534138 0.000000 -0.845397
s off
g pCube35 polySurface118
usemtl initialShadingGroup
f 4175/7363/6147 4176/7364/6148 4178/7365/6149 4177/7366/6150
f 4177/7367/6151 4178/7368/6152 4180/7369/6153 4179/7370/6154
f 4179/7371/6155 4180/7372/6156 4182/7373/6157 4181/7374/6158
f 4181/7375/6159 4182/7376/6160 4176/7377/6161 4175/7378/6162
f 4176/7364/6163 4182/7379/6164 4180/7380/6165 4178/7365/6166
f 4181/7381/6167 4175/7363/6168 4177/7366/6169 4179/7382/6170
g default
v -15.760280 -16.475685 25.816168
v -16.340849 -16.475685 26.735056
v -15.638789 -15.547605 26.354637
v -15.802382 -15.547605 26.613560
v -15.379878 -15.547605 26.518223
v -15.543471 -15.547605 26.777145
v -14.841410 -16.475685 26.396727
v -15.421981 -16.475685 27.315615
vt 0.063479 0.996441
vt 0.065029 0.996441
vt 0.064824 0.998007
vt 0.064387 0.998007
vt 0.109751 0.991429
vt 0.109475 0.990992
vt 0.109912 0.990716
vt 0.110188 0.991153
vt 0.072490 0.997955
vt 0.072053 0.997955
vt 0.071145 0.996389
vt 0.072695 0.996389
vt 0.420750 0.987138
vt 0.419771 0.988689
vt 0.418220 0.987709
vt 0.419200 0.986159
vt 0.078811 0.996389
vt 0.080361 0.996389
vt 0.080156 0.997955
vt 0.079719 0.997955
vt 0.088027 0.991786
vt 0.086477 0.991786
vt 0.086682 0.990220
vt 0.087119 0.990220
vn -0.779283 0.387679 -0.492365
vn -0.779283 0.387679 -0.492365
vn -0.779283 0.387679 -0.492365
vn -0.779283 0.387679 -0.492365
vn 0.000000 1.000000 0.000000
vn 0.000000 1.000000 0.000000
vn 0.000000 1.000000 0.000000
vn 0.000000 1.000000 0.000000
vn 0.779283 0.387680 0.492365
vn 0.779283 0.387680 0.492365
vn 0.779283 0.387680 0.492365
vn 0.779283 0.387680 0.492365
vn 0.000000 -1.000000 0.000000
vn 0.000000 -1.000000 0.000000
vn 0.000000 -1.000000 0.000000
vn 0.000000 -1.000000 0.000000
vn -0.492364 0.387683 0.779282
vn -0.492364 0.387683 0.779282
vn -0.492364 0.387683 0.779282
vn -0.492364 0.387683 0.779282
vn 0.492361 0.387684 -0.779283
vn 0.492361 0.387684 -0.779283
vn 0.492361 0.387684 -0.779283
vn 0.492361 0.387684 -0.779283
s off
g pCube35 polySurface119
usemtl initialShadingGroup
f 4183/7383/6171 4184/7384/6172 4186/7385/6173 4185/7386/6174
f 4185/7387/6175 4186/7388/6176 4188/7389/6177 4187/7390/6178
f 4187/7391/6179 4188/7392/6180 4190/7393/6181 4189/7394/6182
f 4189/7395/6183 4190/7396/6184 4184/7397/6185 4183/7398/6186
f 4184/7399/6187 4190/7400/6188 4188/7401/6189 4186/7402/6190
f 4189/7403/6191 4183/7404/6192 4185/7405/6193 4187/7406/6194
g default
v -21.991777 -64.645470 24.279871
v 20.595638 -64.645470 25.281715
v -21.733057 -63.555164 24.231075
v 20.328190 -63.555164 25.220543
v -21.707415 -63.610031 23.141071
v 20.353832 -63.610031 24.130539
v -21.966135 -64.700340 23.189867
v 20.621281 -64.700340 24.191711
vt 0.923993 0.637221
vt 0.923993 0.565372
vt 0.925833 0.565823
vt 0.925833 0.636784
vt 0.963993 0.636376
vt 0.962324 0.565415
vt 0.964162 0.565372
vt 0.965832 0.636333
vt 0.933576 0.636784
vt 0.933576 0.565823
vt 0.935415 0.565372
vt 0.935415 0.637221
vt 0.845416 0.725004
vt 0.847107 0.653155
vt 0.848945 0.653198
vt 0.847255 0.725048
vt 0.368802 0.988101
vt 0.368710 0.986263
vt 0.370549 0.986159
vt 0.370642 0.987998
vt 0.289156 0.985341
vt 0.290995 0.985434
vt 0.290912 0.987273
vt 0.289073 0.987181
vn -0.023488 0.050258 0.998460
vn -0.023488 0.050258 0.998460
vn -0.023488 0.050258 0.998460
vn -0.023488 0.050258 0.998460
vn 0.001182 0.998736 -0.050248
vn 0.001182 0.998736 -0.050248
vn 0.001182 0.998736 -0.050248
vn 0.001182 0.998736 -0.050248
vn 0.023488 -0.050258 -0.998460
vn 0.023488 -0.050258 -0.998460
vn 0.023488 -0.050258 -0.998460
vn 0.023488 -0.050258 -0.998460
vn -0.001182 -0.998736 0.050249
vn -0.001182 -0.998736 0.050249
vn -0.001182 -0.998736 0.050249
vn -0.001182 -0.998736 0.050249
vn 0.971010 0.238792 0.010824
vn 0.971010 0.238792 0.010824
vn 0.971010 0.238792 0.010824
vn 0.971010 0.238792 0.010824
vn -0.972750 0.229286 -0.034423
vn -0.972750 0.229286 -0.034423
vn -0.972750 0.229286 -0.034423
vn -0.972750 0.229286 -0.034423
s off
g pCube35 polySurface120
usemtl initialShadingGroup
f 4191/7407/6195 4192/7408/6196 4194/7409/6197 4193/7410/6198
f 4193/7411/6199 4194/7412/6200 4196/7413/6201 4195/7414/6202
f 4195/7415/6203 4196/7416/6204 4198/7417/6205 4197/7418/6206
f 4197/7419/6207 4198/7420/6208 4192/7421/6209 4191/7422/6210
f 4192/7423/6211 4198/7424/6212 4196/7425/6213 4194/7426/6214
f 4197/7427/6215 4191/7428/6216 4193/7429/6217 4195/7430/6218
g default
v -25.738535 -96.467484 -23.027016
v -25.643623 -64.417603 19.599707
v -25.659718 -95.959412 -24.521021
v -25.569138 -63.909534 18.227358
v -24.715000 -96.006981 -24.487358
v -24.624424 -63.957104 18.261021
v -24.793819 -96.515053 -22.993353
v -24.698910 -64.465172 19.633369
vt 0.312626 0.727404
vt 0.366697 0.655488
vt 0.367554 0.657804
vt 0.313483 0.729925
vt 0.274295 0.724127
vt 0.274448 0.652006
vt 0.276042 0.651949
vt 0.275889 0.724070
vt 0.374811 0.655488
vt 0.428883 0.727609
vt 0.428025 0.729925
vt 0.373954 0.658009
vt 0.285472 0.652211
vt 0.285632 0.724127
vt 0.284038 0.724070
vt 0.283878 0.652155
vt 0.274323 0.649691
vt 0.275916 0.649634
vt 0.284011 0.649634
vt 0.285605 0.649691
vn -0.998103 0.050258 -0.035565
vn -0.998103 0.050258 -0.035565
vn -0.998103 0.050258 -0.035565
vn -0.998103 0.050258 -0.035565
vn 0.061545 0.798523 -0.598810
vn 0.061545 0.798523 -0.598810
vn 0.061545 0.798523 -0.598810
vn 0.061545 0.798523 -0.598810
vn 0.998103 -0.050260 0.035566
vn 0.998103 -0.050260 0.035566
vn 0.998103 -0.050260 0.035566
vn 0.998103 -0.050260 0.035566
vn -0.061543 -0.797699 0.599907
vn -0.061543 -0.797699 0.599907
vn -0.061543 -0.797699 0.599907
vn -0.061543 -0.797699 0.599907
vn 0.034739 0.936612 0.348642
vn 0.034739 0.936612 0.348642
vn 0.034739 0.936612 0.348642
vn 0.034739 0.936612 0.348642
vn -0.036086 -0.945554 -0.323460
vn -0.036086 -0.945554 -0.323460
vn -0.036086 -0.945554 -0.323460
vn -0.036086 -0.945554 -0.323460
s off
g pCube35 polySurface121
usemtl initialShadingGroup
f 4199/7431/6219 4200/7432/6220 4202/7433/6221 4201/7434/6222
f 4201/7435/6223 4202/7436/6224 4204/7437/6225 4203/7438/6226
f 4203/7439/6227 4204/7440/6228 4206/7441/6229 4205/7442/6230
f 4205/7443/6231 4206/7444/6232 4200/7445/6233 4199/7446/6234
f 4200/7447/6235 4206/7448/6236 4204/7437/6237 4202/7436/6238
f 4205/7443/6239 4199/7446/6240 4201/7449/6241 4203/7450/6242
g default
v 23.929670 -64.074165 19.362022
v 23.022631 -31.988665 -14.845995
v 23.879732 -63.567333 20.501650
v 22.976414 -31.481636 -13.882272
v 22.934658 -63.615406 20.481619
v 22.031336 -31.529711 -13.902303
v 22.984592 -64.122238 19.341993
v 22.077553 -32.036743 -14.866027
vt 0.511943 0.859135
vt 0.566075 0.801423
vt 0.566930 0.803049
vt 0.512798 0.861058
vt 0.495896 0.795505
vt 0.494372 0.853514
vt 0.492778 0.853547
vt 0.494302 0.795538
vt 0.574127 0.801418
vt 0.628258 0.859427
vt 0.627403 0.861053
vt 0.573272 0.803341
vt 0.503891 0.853217
vt 0.502360 0.795505
vt 0.503955 0.795538
vt 0.505485 0.853251
vt 0.494450 0.855139
vt 0.492856 0.855173
vt 0.505401 0.855173
vt 0.503807 0.855140
vn 0.998485 0.050789 0.021164
vn 0.998485 0.050789 0.021164
vn 0.998485 0.050789 0.021164
vn 0.998485 0.050789 0.021164
vn -0.051563 0.729470 0.682067
vn -0.051563 0.729470 0.682067
vn -0.051563 0.729470 0.682067
vn -0.051563 0.729470 0.682067
vn -0.998485 -0.050788 -0.021163
vn -0.998485 -0.050788 -0.021163
vn -0.998485 -0.050788 -0.021163
vn -0.998485 -0.050788 -0.021163
vn 0.051515 -0.727722 -0.683935
vn 0.051515 -0.727722 -0.683935
vn 0.051515 -0.727722 -0.683935
vn 0.051515 -0.727722 -0.683935
vn -0.035067 0.883753 -0.466638
vn -0.035067 0.883753 -0.466637
vn -0.035067 0.883753 -0.466637
vn -0.035067 0.883753 -0.466638
vn 0.037777 -0.912444 0.407454
vn 0.037777 -0.912444 0.407454
vn 0.037777 -0.912444 0.407454
vn 0.037777 -0.912444 0.407454
s off
g pCube35 polySurface122
usemtl initialShadingGroup
f 4207/7451/6243 4208/7452/6244 4210/7453/6245 4209/7454/6246
f 4209/7455/6247 4210/7456/6248 4212/7457/6249 4211/7458/6250
f 4211/7459/6251 4212/7460/6252 4214/7461/6253 4213/7462/6254
f 4213/7463/6255 4214/7464/6256 4208/7465/6257 4207/7466/6258
f 4208/7467/6259 4214/7468/6260 4212/7457/6261 4210/7456/6262
f 4213/7463/6263 4207/7466/6264 4209/7469/6265 4211/7470/6266
g default
v -23.054855 -96.467484 25.783951
v 19.567600 -64.417603 25.173365
v -24.549706 -95.959412 25.723211
v 18.194450 -63.909534 25.115488
v -24.527473 -96.006981 24.778156
v 18.216682 -63.957104 24.170437
v -23.032623 -96.515053 24.838896
v 19.589832 -64.465172 24.228313
vt 0.435283 0.725138
vt 0.489354 0.653229
vt 0.490211 0.655546
vt 0.436140 0.727660
vt 0.293461 0.724102
vt 0.294486 0.651988
vt 0.296080 0.651951
vt 0.295055 0.724064
vt 0.550682 0.727666
vt 0.496611 0.655553
vt 0.497468 0.653236
vt 0.551540 0.725144
vt 0.304073 0.721542
vt 0.303043 0.649634
vt 0.304638 0.649671
vt 0.305668 0.721580
vt 0.294388 0.649672
vt 0.295983 0.649634
vt 0.305565 0.724102
vt 0.303971 0.724064
vn -0.023488 0.050258 0.998460
vn -0.023488 0.050258 0.998460
vn -0.023488 0.050258 0.998460
vn -0.023488 0.050258 0.998460
vn -0.599510 0.798523 -0.054299
vn -0.599510 0.798523 -0.054299
vn -0.599510 0.798523 -0.054299
vn -0.599510 0.798523 -0.054299
vn 0.023488 -0.050258 -0.998460
vn 0.023488 -0.050258 -0.998460
vn 0.023488 -0.050258 -0.998460
vn 0.023488 -0.050258 -0.998460
vn 0.600607 -0.797700 0.054284
vn 0.600607 -0.797700 0.054284
vn 0.600606 -0.797700 0.054284
vn 0.600607 -0.797700 0.054284
vn 0.348191 0.936614 -0.038959
vn 0.348191 0.936614 -0.038959
vn 0.348191 0.936614 -0.038959
vn 0.348191 0.936614 -0.038959
vn -0.323002 -0.945553 0.039996
vn -0.323002 -0.945553 0.039996
vn -0.323002 -0.945553 0.039996
vn -0.323002 -0.945553 0.039996
s off
g pCube35 polySurface123
usemtl initialShadingGroup
f 4215/7471/6267 4216/7472/6268 4218/7473/6269 4217/7474/6270
f 4217/7475/6271 4218/7476/6272 4220/7477/6273 4219/7478/6274
f 4219/7479/6275 4220/7480/6276 4222/7481/6277 4221/7482/6278
f 4221/7483/6279 4222/7484/6280 4216/7485/6281 4215/7486/6282
f 4216/7487/6283 4222/7488/6284 4220/7477/6285 4218/7476/6286
f 4221/7483/6287 4215/7486/6288 4217/7489/6289 4219/7490/6290
g default
v 22.442886 -32.290588 16.660610
v 23.124462 -32.256184 -15.578545
v 22.387426 -31.200308 16.660601
v 23.069000 -31.165907 -15.578553
v 21.297396 -31.255754 16.637497
v 21.978970 -31.221354 -15.601657
v 21.352856 -32.346031 16.637506
v 22.034431 -32.311626 -15.601648
vt 0.810919 0.856945
vt 0.810977 0.802554
vt 0.812816 0.802554
vt 0.812759 0.856945
vt 0.755263 0.801296
vt 0.756413 0.855687
vt 0.754574 0.855726
vt 0.753424 0.801335
vt 0.822341 0.802554
vt 0.822399 0.856945
vt 0.820560 0.856945
vt 0.820502 0.802554
vt 0.763006 0.855687
vt 0.764156 0.801296
vt 0.765995 0.801335
vt 0.764845 0.855726
vt 0.338789 0.987188
vt 0.336950 0.987281
vt 0.336856 0.985442
vt 0.338695 0.985348
vt 0.328984 0.985348
vt 0.330823 0.985442
vt 0.330730 0.987281
vt 0.328891 0.987188
vn 0.998485 0.050791 0.021163
vn 0.998485 0.050791 0.021163
vn 0.998485 0.050791 0.021163
vn 0.998485 0.050791 0.021163
vn -0.050801 0.998709 -0.000008
vn -0.050801 0.998709 -0.000008
vn -0.050801 0.998709 -0.000008
vn -0.050801 0.998709 -0.000008
vn -0.998485 -0.050790 -0.021163
vn -0.998485 -0.050790 -0.021163
vn -0.998485 -0.050790 -0.021163
vn -0.998485 -0.050790 -0.021163
vn 0.050798 -0.998709 0.000008
vn 0.050798 -0.998709 0.000008
vn 0.050798 -0.998709 0.000008
vn 0.050798 -0.998709 0.000008
vn 0.021137 0.001067 -0.999776
vn 0.021137 0.001067 -0.999776
vn 0.021137 0.001067 -0.999776
vn 0.021137 0.001067 -0.999776
vn -0.021137 -0.001066 0.999776
vn -0.021137 -0.001066 0.999776
vn -0.021137 -0.001066 0.999776
vn -0.021137 -0.001066 0.999776
s off
g pCube35 polySurface124
usemtl initialShadingGroup
f 4223/7491/6291 4224/7492/6292 4226/7493/6293 4225/7494/6294
f 4225/7495/6295 4226/7496/6296 4228/7497/6297 4227/7498/6298
f 4227/7499/6299 4228/7500/6300 4230/7501/6301 4229/7502/6302
f 4229/7503/6303 4230/7504/6304 4224/7505/6305 4223/7506/6306
f 4224/7507/6307 4230/7508/6308 4228/7509/6309 4226/7510/6310
f 4229/7511/6311 4223/7512/6312 4225/7513/6313 4227/7514/6314
g default
v 18.721802 -64.067245 -24.393562
v -15.507620 -32.017361 -23.111998
v 19.861387 -63.559181 -24.356960
v -14.543970 -31.509291 -23.077103
v 19.852238 -63.606750 -23.411694
v -14.553120 -31.556862 -22.131830
v 18.712652 -64.114815 -23.448290
v -15.516769 -32.064934 -22.166727
vt 0.425050 0.799685
vt 0.370978 0.857433
vt 0.370121 0.855808
vt 0.424193 0.797762
vt 0.350877 0.797747
vt 0.348718 0.855793
vt 0.347123 0.855808
vt 0.349282 0.797763
vt 0.432307 0.797762
vt 0.486378 0.855808
vt 0.485521 0.857433
vt 0.431450 0.799685
vt 0.360217 0.799685
vt 0.362379 0.857434
vt 0.360784 0.857418
vt 0.358622 0.799670
vt 0.348777 0.857418
vt 0.347182 0.857434
vt 0.358684 0.797747
vt 0.360279 0.797763
vn 0.009668 0.050259 -0.998689
vn 0.009668 0.050259 -0.998689
vn 0.009668 0.050259 -0.998689
vn 0.009668 0.050259 -0.998689
vn 0.681837 0.730218 0.043347
vn 0.681837 0.730218 0.043347
vn 0.681837 0.730218 0.043347
vn 0.681837 0.730218 0.043347
vn -0.009665 -0.050258 0.998690
vn -0.009665 -0.050258 0.998690
vn -0.009665 -0.050258 0.998690
vn -0.009665 -0.050258 0.998690
vn -0.683708 -0.728472 -0.043274
vn -0.683708 -0.728472 -0.043274
vn -0.683708 -0.728472 -0.043274
vn -0.683708 -0.728472 -0.043274
vn -0.467144 0.883279 0.039931
vn -0.467144 0.883279 0.039931
vn -0.467144 0.883279 0.039931
vn -0.467144 0.883279 0.039931
vn 0.407962 -0.912035 -0.041948
vn 0.407962 -0.912035 -0.041948
vn 0.407962 -0.912035 -0.041948
vn 0.407962 -0.912035 -0.041948
s off
g pCube35 polySurface125
usemtl initialShadingGroup
f 4231/7515/6315 4232/7516/6316 4234/7517/6317 4233/7518/6318
f 4233/7519/6319 4234/7520/6320 4236/7521/6321 4235/7522/6322
f 4235/7523/6323 4236/7524/6324 4238/7525/6325 4237/7526/6326
f 4237/7527/6327 4238/7528/6328 4232/7529/6329 4231/7530/6330
f 4232/7531/6331 4238/7532/6332 4236/7521/6333 4234/7520/6334
f 4237/7527/6335 4231/7530/6336 4233/7533/6337 4235/7534/6338
g default
v 15.268824 -32.017361 -22.814100
v -19.143559 -64.067245 -24.760077
v 14.304647 -31.509291 -22.797867
v -20.279005 -63.559181 -24.745495
v 14.295498 -31.556862 -21.852594
v -20.288155 -63.606750 -23.800228
v 15.259674 -32.064934 -21.868830
v -19.152708 -64.114815 -23.814804
vt 0.309073 0.733850
vt 0.363145 0.791907
vt 0.362287 0.793822
vt 0.308216 0.735476
vt 0.503483 0.733218
vt 0.506769 0.791564
vt 0.505175 0.791579
vt 0.501889 0.733233
vt 0.302183 0.729704
vt 0.248111 0.788050
vt 0.247254 0.786134
vt 0.301326 0.728077
vt 0.495856 0.731607
vt 0.492572 0.789664
vt 0.490978 0.789648
vt 0.494261 0.731591
vt 0.492597 0.791579
vt 0.491002 0.791564
vt 0.501916 0.731607
vt 0.503511 0.731591
vn 0.009665 0.050259 -0.998689
vn 0.009665 0.050259 -0.998690
vn 0.009665 0.050259 -0.998689
vn 0.009665 0.050259 -0.998690
vn -0.680331 0.732279 0.030266
vn -0.680331 0.732279 0.030266
vn -0.680331 0.732279 0.030266
vn -0.680331 0.732279 0.030266
vn -0.009670 -0.050258 0.998689
vn -0.009670 -0.050258 0.998689
vn -0.009670 -0.050258 0.998689
vn -0.009670 -0.050258 0.998690
vn 0.682144 -0.730595 -0.030163
vn 0.682144 -0.730595 -0.030163
vn 0.682144 -0.730595 -0.030163
vn 0.682144 -0.730595 -0.030163
vn -0.408461 -0.911415 -0.049820
vn -0.408461 -0.911415 -0.049821
vn -0.408461 -0.911415 -0.049821
vn -0.408461 -0.911415 -0.049821
vn 0.466271 0.883286 0.048967
vn 0.466271 0.883286 0.048967
vn 0.466271 0.883286 0.048967
vn 0.466271 0.883286 0.048967
s off
g pCube35 polySurface126
usemtl initialShadingGroup
f 4239/7535/6339 4240/7536/6340 4242/7537/6341 4241/7538/6342
f 4241/7539/6343 4242/7540/6344 4244/7541/6345 4243/7542/6346
f 4243/7543/6347 4244/7544/6348 4246/7545/6349 4245/7546/6350
f 4245/7547/6351 4246/7548/6352 4240/7549/6353 4239/7550/6354
f 4240/7549/6355 4246/7548/6356 4244/7551/6357 4242/7552/6358
f 4245/7553/6359 4239/7554/6360 4241/7539/6361 4243/7542/6362
g default
v -27.467300 -131.269806 -25.731985
v -29.251205 -131.269806 24.331295
v -27.412468 -130.179504 -25.730032
v -29.196373 -130.179504 24.333248
v -26.322855 -130.234375 -25.691206
v -28.106760 -130.234375 24.372074
v -26.377686 -131.324677 -25.693159
v -28.161591 -131.324677 24.370121
vt 0.301127 0.394710
vt 0.301127 0.310248
vt 0.302966 0.310245
vt 0.302966 0.394707
vt 0.110568 0.394790
vt 0.107559 0.310329
vt 0.109397 0.310263
vt 0.112407 0.394725
vt 0.312549 0.310248
vt 0.312549 0.394710
vt 0.310709 0.394707
vt 0.310709 0.310245
vt 0.123906 0.310329
vt 0.120896 0.394790
vt 0.119058 0.394725
vt 0.122067 0.310263
vt 0.281109 0.985434
vt 0.282948 0.985341
vt 0.283040 0.987180
vt 0.281202 0.987273
vt 0.274984 0.987273
vt 0.273145 0.987180
vt 0.273238 0.985341
vt 0.275076 0.985434
vn -0.998103 0.050261 -0.035565
vn -0.998103 0.050261 -0.035565
vn -0.998103 0.050261 -0.035565
vn -0.998103 0.050261 -0.035565
vn 0.050230 0.998736 0.001790
vn 0.050230 0.998736 0.001790
vn 0.050230 0.998736 0.001790
vn 0.050230 0.998736 0.001790
vn 0.998103 -0.050257 0.035565
vn 0.998103 -0.050257 0.035565
vn 0.998103 -0.050257 0.035565
vn 0.998103 -0.050257 0.035565
vn -0.050230 -0.998736 -0.001790
vn -0.050230 -0.998736 -0.001790
vn -0.050230 -0.998736 -0.001790
vn -0.050230 -0.998736 -0.001790
vn -0.035609 0.000001 0.999366
vn -0.035609 0.000001 0.999366
vn -0.035609 0.000001 0.999366
vn -0.035609 0.000001 0.999366
vn 0.035609 -0.000001 -0.999366
vn 0.035609 -0.000001 -0.999366
vn 0.035609 -0.000001 -0.999366
vn 0.035609 -0.000001 -0.999366
s off
g pCube35 polySurface127
usemtl initialShadingGroup
f 4247/7555/6363 4248/7556/6364 4250/7557/6365 4249/7558/6366
f 4249/7559/6367 4250/7560/6368 4252/7561/6369 4251/7562/6370
f 4251/7563/6371 4252/7564/6372 4254/7565/6373 4253/7566/6374
f 4253/7567/6375 4254/7568/6376 4248/7569/6377 4247/7570/6378
f 4248/7571/6379 4254/7572/6380 4252/7573/6381 4250/7574/6382
f 4253/7575/6383 4247/7576/6384 4249/7577/6385 4251/7578/6386
g default
v -25.698261 -97.086967 25.825647
v 24.382940 -97.086967 27.003778
v -25.691530 -95.996658 25.770924
v 24.378555 -95.996658 26.948793
v -25.665890 -96.051521 24.680920
v 24.404196 -96.051521 25.858789
v -25.672619 -97.141830 24.735643
v 24.408583 -97.141830 25.913774
vt 0.281962 0.394737
vt 0.281962 0.310245
vt 0.283801 0.310252
vt 0.283801 0.394726
vt 0.144043 0.394780
vt 0.142056 0.310306
vt 0.143895 0.310263
vt 0.145882 0.394736
vt 0.291544 0.394726
vt 0.291544 0.310252
vt 0.293384 0.310245
vt 0.293384 0.394737
vt 0.009817 0.387036
vt 0.011804 0.302544
vt 0.013643 0.302587
vt 0.011656 0.387079
vt 0.265180 0.989145
vt 0.267019 0.989052
vt 0.267112 0.990892
vt 0.265273 0.990984
vt 0.257308 0.989052
vt 0.259147 0.989145
vt 0.259055 0.990984
vt 0.257216 0.990892
vn -0.023488 0.050258 0.998460
vn -0.023488 0.050258 0.998460
vn -0.023488 0.050258 0.998460
vn -0.023488 0.050258 0.998460
vn 0.001182 0.998736 -0.050246
vn 0.001182 0.998736 -0.050246
vn 0.001182 0.998736 -0.050246
vn 0.001182 0.998736 -0.050246
vn 0.023488 -0.050259 -0.998460
vn 0.023488 -0.050259 -0.998460
vn 0.023488 -0.050259 -0.998460
vn 0.023488 -0.050259 -0.998460
vn -0.001182 -0.998736 0.050241
vn -0.001182 -0.998736 0.050241
vn -0.001182 -0.998736 0.050241
vn -0.001182 -0.998736 0.050241
vn 0.999716 0.005193 0.023256
vn 0.999716 0.005193 0.023256
vn 0.999716 0.005193 0.023256
vn 0.999716 0.005193 0.023256
vn -0.999705 0.004978 -0.023768
vn -0.999705 0.004978 -0.023768
vn -0.999705 0.004978 -0.023768
vn -0.999705 0.004978 -0.023768
s off
g pCube35 polySurface128
usemtl initialShadingGroup
f 4255/7579/6387 4256/7580/6388 4258/7581/6389 4257/7582/6390
f 4257/7583/6391 4258/7584/6392 4260/7585/6393 4259/7586/6394
f 4259/7587/6395 4260/7588/6396 4262/7589/6397 4261/7590/6398
f 4261/7591/6399 4262/7592/6400 4256/7593/6401 4255/7594/6402
f 4256/7595/6403 4262/7596/6404 4260/7597/6405 4258/7598/6406
f 4261/7599/6407 4255/7600/6408 4257/7601/6409 4259/7602/6410
g default
v 23.680906 -77.358109 4.194055
v 23.901566 -81.716499 4.243176
v 24.094307 -83.891548 0.369366
v 24.065239 -81.708244 -3.498773
v 23.842205 -77.349976 -3.435553
v 23.650681 -75.174881 0.380377
v 24.400501 -77.321510 4.209307
v 24.621159 -81.679901 4.258428
v 24.813906 -83.854950 0.384619
v 24.784832 -81.671646 -3.483521
v 24.561800 -77.313377 -3.420301
v 24.370281 -75.138283 0.395629
v 23.872534 -79.533211 0.373106
v 24.592131 -79.496613 0.388358
vt 0.807086 0.977026
vt 0.807458 0.969673
vt 0.808672 0.969735
vt 0.808300 0.977088
vt 0.697845 0.985025
vt 0.698170 0.978490
vt 0.699384 0.978515
vt 0.699059 0.985051
vt 0.698121 0.971964
vt 0.699335 0.971989
vt 0.815128 0.977088
vt 0.814752 0.969735
vt 0.815966 0.969673
vt 0.816342 0.977026
vt 0.730749 0.984397
vt 0.730426 0.977959
vt 0.731640 0.977933
vt 0.731963 0.984371
vt 0.730476 0.971525
vt 0.731691 0.971499
vt 0.513505 0.974829
vt 0.513423 0.982182
vt 0.506976 0.978513
vt 0.506970 0.971160
vt 0.500444 0.974843
vt 0.500551 0.982196
vt 0.506988 0.985866
vt 0.519692 0.985255
vt 0.519609 0.977902
vt 0.526138 0.981585
vt 0.526145 0.974232
vt 0.532670 0.977916
vt 0.532564 0.985268
vt 0.526126 0.988938
vn -0.021706 0.010168 0.999713
vn -0.021706 0.010168 0.999713
vn -0.021706 0.010168 0.999713
vn -0.021706 0.010168 0.999713
vn 0.033887 -0.870735 0.490583
vn 0.033887 -0.870735 0.490583
vn 0.033887 -0.870735 0.490583
vn 0.033887 -0.870735 0.490583
vn 0.054625 -0.869380 -0.491116
vn 0.054625 -0.869380 -0.491116
vn 0.054625 -0.869380 -0.491116
vn 0.054625 -0.869380 -0.491116
vn 0.020398 0.015545 -0.999671
vn 0.020398 0.015545 -0.999671
vn 0.020398 0.015545 -0.999671
vn 0.020398 0.015545 -0.999671
vn -0.033606 0.867558 -0.496200
vn -0.033606 0.867558 -0.496200
vn -0.033606 0.867558 -0.496200
vn -0.033606 0.867558 -0.496200
vn -0.054585 0.866371 0.496409
vn -0.054585 0.866371 0.496409
vn -0.054585 0.866371 0.496409
vn -0.054585 0.866371 0.496409
vn -0.998485 -0.050790 -0.021163
vn -0.998485 -0.050790 -0.021163
vn -0.998485 -0.050790 -0.021163
vn -0.998485 -0.050789 -0.021163
vn -0.998485 -0.050790 -0.021164
vn -0.998485 -0.050791 -0.021164
vn -0.998485 -0.050790 -0.021163
vn 0.998485 0.050790 0.021164
vn 0.998485 0.050791 0.021164
vn 0.998485 0.050790 0.021163
vn 0.998485 0.050791 0.021163
vn 0.998485 0.050790 0.021163
vn 0.998485 0.050790 0.021163
vn 0.998485 0.050790 0.021163
s off
g pCube35 polySurface129
usemtl initialShadingGroup
f 4263/7603/6411 4264/7604/6412 4270/7605/6413 4269/7606/6414
f 4264/7607/6415 4265/7608/6416 4271/7609/6417 4270/7610/6418
f 4265/7608/6419 4266/7611/6420 4272/7612/6421 4271/7609/6422
f 4266/7613/6423 4267/7614/6424 4273/7615/6425 4272/7616/6426
f 4267/7617/6427 4268/7618/6428 4274/7619/6429 4273/7620/6430
f 4268/7618/6431 4263/7621/6432 4269/7622/6433 4274/7619/6434
s 1
f 4264/7623/6435 4263/7624/6436 4275/7625/6437
f 4265/7626/6438 4264/7623/6435 4275/7625/6437
f 4266/7627/6439 4265/7626/6438 4275/7625/6437
f 4267/7628/6440 4266/7627/6439 4275/7625/6437
f 4268/7629/6441 4267/7628/6440 4275/7625/6437
f 4263/7624/6436 4268/7629/6441 4275/7625/6437
s 2
f 4269/7630/6442 4270/7631/6443 4276/7632/6444
f 4270/7631/6443 4271/7633/6445 4276/7632/6444
f 4271/7633/6445 4272/7634/6446 4276/7632/6444
f 4272/7634/6446 4273/7635/6447 4276/7632/6444
f 4273/7635/6447 4274/7636/6448 4276/7632/6444
f 4274/7636/6448 4269/7630/6442 4276/7632/6444
g default
v 20.058153 -64.417603 -24.398254
v -22.682283 -96.467484 -26.424841
v 18.688051 -63.909534 -24.385950
v -24.178219 -95.959412 -26.413752
v 18.678902 -63.957104 -23.440681
v -24.187368 -96.006981 -25.468481
v 20.049004 -64.465172 -23.452988
v -22.691433 -96.515053 -25.479568
vt 0.126371 0.572636
vt 0.180442 0.644744
vt 0.179585 0.647267
vt 0.125514 0.574948
vt 0.320888 0.573361
vt 0.324310 0.645681
vt 0.322715 0.645696
vt 0.319294 0.573377
vt 0.119480 0.574948
vt 0.065409 0.647267
vt 0.064552 0.644744
vt 0.118623 0.572636
vt 0.313261 0.571065
vt 0.309841 0.643173
vt 0.308247 0.643157
vt 0.311666 0.571050
vt 0.309860 0.645696
vt 0.308265 0.645681
vt 0.319314 0.571065
vt 0.320909 0.571050
vn 0.009666 0.050258 -0.998690
vn 0.009666 0.050258 -0.998690
vn 0.009666 0.050258 -0.998690
vn 0.009666 0.050258 -0.998690
vn -0.599494 0.799638 0.034442
vn -0.599494 0.799638 0.034442
vn -0.599494 0.799638 0.034442
vn -0.599494 0.799638 0.034442
vn -0.009667 -0.050258 0.998689
vn -0.009667 -0.050258 0.998689
vn -0.009667 -0.050258 0.998689
vn -0.009667 -0.050258 0.998689
vn 0.600624 -0.798792 -0.034387
vn 0.600624 -0.798792 -0.034387
vn 0.600624 -0.798792 -0.034387
vn 0.600624 -0.798792 -0.034387
vn -0.321516 -0.945546 -0.050693
vn -0.321516 -0.945546 -0.050693
vn -0.321516 -0.945546 -0.050693
vn -0.321516 -0.945546 -0.050693
vn 0.347644 0.936267 0.050476
vn 0.347644 0.936267 0.050476
vn 0.347644 0.936267 0.050476
vn 0.347644 0.936267 0.050476
s off
g pCube35 polySurface130
usemtl initialShadingGroup
f 4277/7637/6449 4278/7638/6450 4280/7639/6451 4279/7640/6452
f 4279/7641/6453 4280/7642/6454 4282/7643/6455 4281/7644/6456
f 4281/7645/6457 4282/7646/6458 4284/7647/6459 4283/7648/6460
f 4283/7649/6461 4284/7650/6462 4278/7651/6463 4277/7652/6464
f 4278/7651/6465 4284/7650/6466 4282/7653/6467 4280/7654/6468
f 4283/7655/6469 4277/7656/6470 4279/7641/6471 4281/7644/6472
g default
v 21.084990 -64.645470 -24.472466
v -21.512213 -64.645470 -24.884779
v 20.826969 -63.555164 -24.420094
v -21.243942 -63.555164 -24.827314
v 20.816418 -63.610031 -23.329838
v -21.254494 -63.610031 -23.737059
v 21.074436 -64.700340 -23.382212
v -21.522766 -64.700340 -23.794525
vt 0.887502 0.565372
vt 0.887502 0.637238
vt 0.885663 0.636785
vt 0.885663 0.565807
vt 0.970311 0.640301
vt 0.970998 0.711279
vt 0.969158 0.711297
vt 0.968471 0.640319
vt 0.897085 0.565808
vt 0.897085 0.636785
vt 0.895246 0.637238
vt 0.895246 0.565372
vt 0.878615 0.565390
vt 0.877920 0.637256
vt 0.876080 0.637238
vt 0.876776 0.565372
vt 0.352871 0.987284
vt 0.352779 0.985445
vt 0.354618 0.985348
vt 0.354711 0.987188
vt 0.249343 0.989052
vt 0.251183 0.989145
vt 0.251094 0.990984
vt 0.249255 0.990892
vn 0.009667 0.050258 -0.998689
vn 0.009667 0.050258 -0.998690
vn 0.009667 0.050258 -0.998689
vn 0.009667 0.050258 -0.998689
vn -0.000486 0.998736 0.050257
vn -0.000486 0.998736 0.050257
vn -0.000486 0.998736 0.050257
vn -0.000486 0.998736 0.050257
vn -0.009667 -0.050260 0.998689
vn -0.009667 -0.050260 0.998689
vn -0.009667 -0.050260 0.998689
vn -0.009667 -0.050260 0.998689
vn 0.000486 -0.998736 -0.050259
vn 0.000486 -0.998736 -0.050259
vn 0.000486 -0.998736 -0.050259
vn 0.000486 -0.998736 -0.050259
vn -0.971066 0.238795 0.002618
vn -0.971066 0.238795 0.002618
vn -0.971067 0.238795 0.002618
vn -0.971066 0.238795 0.002618
vn 0.973134 0.229283 0.020955
vn 0.973134 0.229283 0.020955
vn 0.973134 0.229283 0.020955
vn 0.973134 0.229283 0.020955
s off
g pCube35 polySurface131
usemtl initialShadingGroup
f 4285/7657/6473 4286/7658/6474 4288/7659/6475 4287/7660/6476
f 4287/7661/6477 4288/7662/6478 4290/7663/6479 4289/7664/6480
f 4289/7665/6481 4290/7666/6482 4292/7667/6483 4291/7668/6484
f 4291/7669/6485 4292/7670/6486 4286/7671/6487 4285/7672/6488
f 4286/7673/6489 4292/7674/6490 4290/7675/6491 4288/7676/6492
f 4291/7677/6493 4285/7678/6494 4287/7679/6495 4289/7680/6496
g default
v 22.372095 -32.021500 15.924996
v 24.730049 -64.033768 -18.496630
v 22.366627 -31.512413 14.961234
v 24.728197 -63.524509 -19.631632
v 21.421549 -31.560488 14.941203
v 23.783123 -63.572582 -19.651663
v 21.427017 -32.069576 15.904965
v 23.784971 -64.081841 -18.516659
vt 0.484086 0.793837
vt 0.430078 0.735764
vt 0.430937 0.733850
vt 0.484944 0.792211
vt 0.526003 0.733217
vt 0.529987 0.791579
vt 0.528392 0.791613
vt 0.524408 0.733251
vt 0.424045 0.735476
vt 0.370037 0.793837
vt 0.369178 0.791922
vt 0.423186 0.733850
vt 0.512802 0.791579
vt 0.516781 0.733506
vt 0.518375 0.733540
vt 0.514397 0.791613
vt 0.516778 0.731591
vt 0.518372 0.731625
vt 0.524418 0.731625
vt 0.526012 0.731591
vn 0.998485 0.050792 0.021162
vn 0.998485 0.050792 0.021162
vn 0.998485 0.050792 0.021162
vn 0.998485 0.050792 0.021162
vn -0.022875 0.732983 -0.679862
vn -0.022875 0.732983 -0.679862
vn -0.022875 0.732983 -0.679862
vn -0.022875 0.732983 -0.679862
vn -0.998485 -0.050791 -0.021163
vn -0.998485 -0.050791 -0.021163
vn -0.998485 -0.050791 -0.021163
vn -0.998485 -0.050791 -0.021163
vn 0.022753 -0.731302 0.681674
vn 0.022753 -0.731302 0.681674
vn 0.022753 -0.731302 0.681674
vn 0.022753 -0.731302 0.681674
vn 0.055001 -0.910956 -0.408819
vn 0.055001 -0.910956 -0.408819
vn 0.055001 -0.910956 -0.408820
vn 0.055001 -0.910956 -0.408819
vn -0.054795 0.882762 0.466614
vn -0.054795 0.882762 0.466614
vn -0.054795 0.882762 0.466614
vn -0.054795 0.882762 0.466614
s off
g pCube35 polySurface132
usemtl initialShadingGroup
f 4293/7681/6497 4294/7682/6498 4296/7683/6499 4295/7684/6500
f 4295/7685/6501 4296/7686/6502 4298/7687/6503 4297/7688/6504
f 4297/7689/6505 4298/7690/6506 4300/7691/6507 4299/7692/6508
f 4299/7693/6509 4300/7694/6510 4294/7695/6511 4293/7696/6512
f 4294/7695/6513 4300/7694/6514 4298/7697/6515 4296/7698/6516
f 4299/7699/6517 4293/7700/6518 4295/7685/6519 4297/7688/6520
g default
v -32.500351 -145.084274 31.786425
v -19.291481 -145.084274 32.097157
v -32.500351 -138.623825 31.786425
v -19.291481 -138.623825 32.097157
v -32.201252 -138.623825 19.072004
v -18.992382 -138.623825 19.382736
v -32.201252 -145.084274 19.072004
v -18.992382 -145.084274 19.382736
vt 0.532919 0.970307
vt 0.532919 0.948022
vt 0.543818 0.948022
vt 0.543818 0.970307
vt 0.903930 0.867471
vt 0.903406 0.845187
vt 0.924857 0.844682
vt 0.925381 0.866967
vt 0.515986 0.967235
vt 0.515986 0.944950
vt 0.526886 0.944950
vt 0.526886 0.967235
vt 0.875398 0.959431
vt 0.875922 0.937146
vt 0.897373 0.937651
vt 0.896849 0.959935
vt 0.261951 0.962785
vt 0.261951 0.941334
vt 0.272851 0.941334
vt 0.272851 0.962785
vt 0.245019 0.966496
vt 0.245019 0.945045
vt 0.255918 0.945045
vt 0.255918 0.966496
vn -0.023518 0.000000 0.999723
vn -0.023518 0.000000 0.999723
vn -0.023518 0.000000 0.999723
vn -0.023518 0.000000 0.999723
vn 0.000000 1.000000 0.000000
vn 0.000000 1.000000 0.000000
vn 0.000000 1.000000 0.000000
vn 0.000000 1.000000 0.000000
vn 0.023518 0.000000 -0.999723
vn 0.023518 0.000000 -0.999723
vn 0.023518 0.000000 -0.999723
vn 0.023518 0.000000 -0.999723
vn 0.000000 -1.000000 0.000000
vn 0.000000 -1.000000 0.000000
vn 0.000000 -1.000000 0.000000
vn 0.000000 -1.000000 0.000000
vn 0.999723 0.000000 0.023518
vn 0.999723 0.000000 0.023518
vn 0.999723 0.000000 0.023518
vn 0.999723 0.000000 0.023518
vn -0.999723 0.000000 -0.023518
vn -0.999723 0.000000 -0.023518
vn -0.999723 0.000000 -0.023518
vn -0.999723 0.000000 -0.023518
s off
g pCube35 polySurface134
usemtl initialShadingGroup
f 4301/7701/6521 4302/7702/6522 4304/7703/6523 4303/7704/6524
f 4303/7705/6525 4304/7706/6526 4306/7707/6527 4305/7708/6528
f 4305/7709/6529 4306/7710/6530 4308/7711/6531 4307/7712/6532
f 4307/7713/6533 4308/7714/6534 4302/7715/6535 4301/7716/6536
f 4302/7717/6537 4308/7718/6538 4306/7719/6539 4304/7720/6540
f 4307/7721/6541 4301/7722/6542 4303/7723/6543 4305/7724/6544
g default
v 2.793312 -45.479912 -22.366631
v 2.887853 -49.838379 -22.585052
v -0.179302 -52.017605 -22.724405
v -3.212326 -49.838379 -22.644098
v -3.095878 -45.479912 -22.423634
v -0.159058 -43.300686 -22.285542
v 2.800278 -45.443691 -23.086374
v 2.894819 -49.802158 -23.304794
v -0.172335 -51.981384 -23.444153
v -3.205359 -49.802158 -23.363840
v -3.088911 -45.443691 -23.143377
v -0.152091 -43.264465 -23.005283
v -0.167959 -47.659149 -22.504961
v -0.160992 -47.622929 -23.224707
vt 0.078948 0.976799
vt 0.079316 0.969446
vt 0.080531 0.969507
vt 0.080162 0.976860
vt 0.079551 0.965769
vt 0.080766 0.965830
vt 0.089608 0.965769
vt 0.089743 0.969446
vt 0.088529 0.969507
vt 0.088394 0.965830
vt 0.090115 0.976799
vt 0.088901 0.976860
vt 0.090348 0.980475
vt 0.089134 0.980537
vt 0.078811 0.980475
vt 0.080025 0.980537
vt 0.165763 0.969895
vt 0.165604 0.977248
vt 0.160608 0.973572
vt 0.160589 0.966218
vt 0.155472 0.969895
vt 0.155668 0.977248
vt 0.160623 0.980925
vt 0.182852 0.969903
vt 0.183012 0.977256
vt 0.177856 0.973579
vt 0.177837 0.980932
vt 0.172720 0.977256
vt 0.172917 0.969903
vt 0.177871 0.966226
vn 0.999719 0.021147 0.010741
vn 0.999719 0.021147 0.010741
vn 0.999719 0.021147 0.010741
vn 0.999719 0.021147 0.010741
vn 0.579900 -0.813920 -0.035353
vn 0.579900 -0.813920 -0.035353
vn 0.579900 -0.813920 -0.035353
vn 0.579900 -0.813920 -0.035353
vn -0.583682 -0.810652 -0.046449
vn -0.583682 -0.810652 -0.046449
vn -0.583682 -0.810652 -0.046449
vn -0.583682 -0.810652 -0.046449
vn -0.999597 0.027127 -0.008310
vn -0.999597 0.027127 -0.008310
vn -0.999597 0.027127 -0.008310
vn -0.999597 0.027127 -0.008310
vn -0.596590 0.801801 0.034573
vn -0.596590 0.801801 0.034573
vn -0.596590 0.801801 0.034573
vn -0.596590 0.801801 0.034573
vn 0.594057 0.803098 0.046157
vn 0.594057 0.803098 0.046157
vn 0.594057 0.803098 0.046157
vn 0.594057 0.803098 0.046157
vn -0.009666 -0.050258 0.998690
vn -0.009667 -0.050258 0.998689
vn -0.009667 -0.050258 0.998690
vn -0.009667 -0.050258 0.998689
vn -0.009667 -0.050258 0.998689
vn -0.009667 -0.050258 0.998690
vn -0.009667 -0.050258 0.998690
vn 0.009667 0.050258 -0.998689
vn 0.009668 0.050258 -0.998689
vn 0.009667 0.050258 -0.998689
vn 0.009666 0.050258 -0.998690
vn 0.009666 0.050258 -0.998690
vn 0.009667 0.050258 -0.998689
vn 0.009666 0.050259 -0.998689
s off
g pCube35 polySurface135
usemtl initialShadingGroup
f 4309/7725/6545 4310/7726/6546 4316/7727/6547 4315/7728/6548
f 4310/7726/6549 4311/7729/6550 4317/7730/6551 4316/7727/6552
f 4311/7731/6553 4312/7732/6554 4318/7733/6555 4317/7734/6556
f 4312/7732/6557 4313/7735/6558 4319/7736/6559 4318/7733/6560
f 4313/7735/6561 4314/7737/6562 4320/7738/6563 4319/7736/6564
f 4314/7739/6565 4309/7725/6566 4315/7728/6567 4320/7740/6568
s 1
f 4310/7741/6569 4309/7742/6570 4321/7743/6571
f 4311/7744/6572 4310/7741/6569 4321/7743/6571
f 4312/7745/6573 4311/7744/6572 4321/7743/6571
f 4313/7746/6574 4312/7745/6573 4321/7743/6571
f 4314/7747/6575 4313/7746/6574 4321/7743/6571
f 4309/7742/6570 4314/7747/6575 4321/7743/6571
s 2
f 4315/7748/6576 4316/7749/6577 4322/7750/6578
f 4316/7749/6577 4317/7751/6579 4322/7750/6578
f 4317/7751/6579 4318/7752/6580 4322/7750/6578
f 4318/7752/6580 4319/7753/6581 4322/7750/6578
f 4319/7753/6581 4320/7754/6582 4322/7750/6578
f 4320/7754/6582 4315/7748/6576 4322/7750/6578
g default
v -25.738714 -131.269806 27.545313
v 24.342487 -131.269806 28.723444
v -25.737425 -130.179504 27.490461
v 24.343777 -130.179504 28.668592
v -25.711782 -130.234375 26.400457
v 24.369419 -130.234375 27.578588
v -25.713074 -131.324677 26.455309
v 24.368128 -131.324677 27.633440
vt 0.262796 0.394739
vt 0.262796 0.310247
vt 0.264636 0.310245
vt 0.264636 0.394737
vt 0.023303 0.387079
vt 0.021316 0.302587
vt 0.023155 0.302544
vt 0.025142 0.387036
vt 0.272379 0.394737
vt 0.272379 0.310245
vt 0.274218 0.310247
vt 0.274218 0.394739
vt 0.032815 0.389024
vt 0.034802 0.304532
vt 0.036641 0.304575
vt 0.034654 0.389067
vt 0.241290 0.989145
vt 0.243129 0.989052
vt 0.243222 0.990892
vt 0.241383 0.990984
vt 0.233418 0.989052
vt 0.235257 0.989145
vt 0.235165 0.990984
vt 0.233326 0.990892
vn -0.023488 0.050259 0.998460
vn -0.023488 0.050259 0.998460
vn -0.023488 0.050259 0.998460
vn -0.023488 0.050259 0.998460
vn 0.001182 0.998736 -0.050249
vn 0.001182 0.998736 -0.050249
vn 0.001182 0.998736 -0.050249
vn 0.001182 0.998736 -0.050249
vn 0.023488 -0.050259 -0.998460
vn 0.023488 -0.050259 -0.998460
vn 0.023488 -0.050259 -0.998460
vn 0.023488 -0.050259 -0.998460
vn -0.001182 -0.998736 0.050246
vn -0.001182 -0.998736 0.050246
vn -0.001182 -0.998736 0.050246
vn -0.001182 -0.998736 0.050246
vn 0.999723 0.000000 0.023518
vn 0.999723 0.000000 0.023518
vn 0.999723 0.000000 0.023518
vn 0.999723 0.000000 0.023518
vn -0.999723 0.000002 -0.023518
vn -0.999723 0.000002 -0.023518
vn -0.999723 0.000002 -0.023518
vn -0.999723 0.000002 -0.023518
s off
g pCube35 polySurface136
usemtl initialShadingGroup
f 4323/7755/6583 4324/7756/6584 4326/7757/6585 4325/7758/6586
f 4325/7759/6587 4326/7760/6588 4328/7761/6589 4327/7762/6590
f 4327/7763/6591 4328/7764/6592 4330/7765/6593 4329/7766/6594
f 4329/7767/6595 4330/7768/6596 4324/7769/6597 4323/7770/6598
f 4324/7771/6599 4330/7772/6600 4328/7773/6601 4326/7774/6602
f 4329/7775/6603 4323/7776/6604 4325/7777/6605 4327/7778/6606
g default
v 23.981812 -64.654861 21.725348
v 24.882208 -64.609413 -20.864307
v 23.931793 -63.564308 21.467896
v 24.821066 -63.519424 -20.595564
v 22.841763 -63.619755 21.444794
v 23.731035 -63.574871 -20.618666
v 22.891779 -64.710312 21.702246
v 23.792177 -64.664864 -20.887409
vt 0.904828 0.637225
vt 0.904905 0.565372
vt 0.906744 0.565826
vt 0.906668 0.636791
vt 0.973745 0.565372
vt 0.975246 0.636337
vt 0.973407 0.636376
vt 0.971906 0.565410
vt 0.916251 0.565807
vt 0.916326 0.636772
vt 0.914487 0.637225
vt 0.914411 0.565372
vt 0.854999 0.725008
vt 0.856518 0.653155
vt 0.858357 0.653194
vt 0.856838 0.725047
vt 0.362583 0.985348
vt 0.362676 0.987187
vt 0.360838 0.987290
vt 0.360744 0.985451
vt 0.344907 0.985348
vt 0.346746 0.985442
vt 0.346661 0.987282
vt 0.344822 0.987188
vn 0.998485 0.050790 0.021163
vn 0.998485 0.050790 0.021163
vn 0.998485 0.050790 0.021163
vn 0.998485 0.050790 0.021163
vn -0.050801 0.998709 -0.000008
vn -0.050801 0.998709 -0.000008
vn -0.050801 0.998709 -0.000008
vn -0.050801 0.998709 -0.000008
vn -0.998485 -0.050787 -0.021163
vn -0.998485 -0.050787 -0.021163
vn -0.998485 -0.050787 -0.021163
vn -0.998485 -0.050787 -0.021163
vn 0.050805 -0.998709 0.000009
vn 0.050805 -0.998709 0.000009
vn 0.050805 -0.998709 0.000009
vn 0.050805 -0.998709 0.000009
vn 0.008376 0.239820 -0.970781
vn 0.008376 0.239820 -0.970781
vn 0.008376 0.239820 -0.970781
vn 0.008376 0.239820 -0.970781
vn -0.032231 0.228239 0.973072
vn -0.032231 0.228239 0.973072
vn -0.032231 0.228239 0.973072
vn -0.032231 0.228239 0.973072
s off
g pCube35 polySurface137
usemtl initialShadingGroup
f 4331/7779/6607 4332/7780/6608 4334/7781/6609 4333/7782/6610
f 4333/7783/6611 4334/7784/6612 4336/7785/6613 4335/7786/6614
f 4335/7787/6615 4336/7788/6616 4338/7789/6617 4337/7790/6618
f 4337/7791/6619 4338/7792/6620 4332/7793/6621 4331/7794/6622
f 4332/7795/6623 4338/7796/6624 4336/7797/6625 4334/7798/6626
f 4337/7799/6627 4331/7800/6628 4333/7801/6629 4335/7802/6630
g default
v 25.390360 -111.004745 4.290840
v 25.612055 -115.363075 4.290876
v 25.805889 -117.538063 0.365489
v 25.778030 -115.354698 -3.559927
v 25.556335 -110.996368 -3.559963
v 25.362497 -108.821381 0.365416
v 26.109955 -110.968147 4.306092
v 26.331650 -115.326477 4.306128
v 26.525488 -117.501465 0.380741
v 26.497625 -115.318100 -3.544675
v 26.275930 -110.959770 -3.544711
v 26.082096 -108.784782 0.380668
v 25.584192 -113.179726 0.365452
v 26.303793 -113.143120 0.380705
vt 0.822418 0.977026
vt 0.822792 0.969673
vt 0.824006 0.969735
vt 0.823632 0.977088
vt 0.649932 0.986671
vt 0.650259 0.980049
vt 0.651473 0.980075
vt 0.651146 0.986697
vt 0.650212 0.973426
vt 0.651426 0.973452
vt 0.830458 0.977088
vt 0.830084 0.969735
vt 0.831298 0.969673
vt 0.831672 0.977026
vt 0.657925 0.986697
vt 0.657598 0.980075
vt 0.658812 0.980049
vt 0.659139 0.986671
vt 0.657645 0.973452
vt 0.658859 0.973426
vt 0.552019 0.977902
vt 0.552019 0.985254
vt 0.545397 0.981585
vt 0.545397 0.974232
vt 0.538774 0.977916
vt 0.538774 0.985269
vt 0.545397 0.988938
vt 0.559856 0.985254
vt 0.559856 0.977902
vt 0.566478 0.981585
vt 0.566478 0.974232
vt 0.573101 0.977916
vt 0.573101 0.985269
vt 0.566478 0.988938
vn -0.021136 -0.001067 0.999776
vn -0.021136 -0.001067 0.999776
vn -0.021136 -0.001067 0.999776
vn -0.021136 -0.001067 0.999776
vn 0.034131 -0.873479 0.485664
vn 0.034131 -0.873479 0.485664
vn 0.034131 -0.873479 0.485664
vn 0.034131 -0.873479 0.485664
vn 0.054665 -0.872442 -0.485650
vn 0.054665 -0.872443 -0.485650
vn 0.054665 -0.872443 -0.485650
vn 0.054665 -0.872442 -0.485650
vn 0.021136 0.001067 -0.999776
vn 0.021136 0.001067 -0.999776
vn 0.021136 0.001067 -0.999776
vn 0.021136 0.001067 -0.999776
vn -0.034130 0.873478 -0.485665
vn -0.034130 0.873478 -0.485665
vn -0.034130 0.873479 -0.485665
vn -0.034130 0.873479 -0.485665
vn -0.054665 0.872441 0.485652
vn -0.054665 0.872441 0.485652
vn -0.054665 0.872441 0.485652
vn -0.054665 0.872441 0.485652
vn -0.998485 -0.050790 -0.021163
vn -0.998485 -0.050790 -0.021163
vn -0.998485 -0.050790 -0.021163
vn -0.998485 -0.050790 -0.021163
vn -0.998485 -0.050790 -0.021164
vn -0.998485 -0.050791 -0.021164
vn -0.998485 -0.050790 -0.021163
vn 0.998485 0.050790 0.021164
vn 0.998485 0.050790 0.021164
vn 0.998485 0.050790 0.021163
vn 0.998485 0.050789 0.021164
vn 0.998485 0.050790 0.021163
vn 0.998485 0.050791 0.021163
vn 0.998485 0.050791 0.021163
s off
g pCube35 polySurface138
usemtl initialShadingGroup
f 4339/7803/6631 4340/7804/6632 4346/7805/6633 4345/7806/6634
f 4340/7807/6635 4341/7808/6636 4347/7809/6637 4346/7810/6638
f 4341/7808/6639 4342/7811/6640 4348/7812/6641 4347/7809/6642
f 4342/7813/6643 4343/7814/6644 4349/7815/6645 4348/7816/6646
f 4343/7817/6647 4344/7818/6648 4350/7819/6649 4349/7820/6650
f 4344/7818/6651 4339/7821/6652 4345/7822/6653 4350/7819/6654
s 1
f 4340/7823/6655 4339/7824/6656 4351/7825/6657
f 4341/7826/6658 4340/7823/6655 4351/7825/6657
f 4342/7827/6659 4341/7826/6658 4351/7825/6657
f 4343/7828/6660 4342/7827/6659 4351/7825/6657
f 4344/7829/6661 4343/7828/6660 4351/7825/6657
f 4339/7824/6656 4344/7829/6661 4351/7825/6657
s 2
f 4345/7830/6662 4346/7831/6663 4352/7832/6664
f 4346/7831/6663 4347/7833/6665 4352/7832/6664
f 4347/7833/6665 4348/7834/6666 4352/7832/6664
f 4348/7834/6666 4349/7835/6667 4352/7832/6664
f 4349/7835/6667 4350/7836/6668 4352/7832/6664
f 4350/7836/6668 4345/7830/6662 4352/7832/6664
g default
v 22.075077 -45.471039 3.430976
v 22.294821 -49.829487 3.523414
v 22.470520 -52.005375 0.455760
v 22.423763 -49.822975 -2.575684
v 22.199560 -45.464756 -2.457170
v 22.026615 -43.288723 0.480172
v 22.794672 -45.434433 3.446228
v 23.014414 -49.792885 3.538666
v 23.190121 -51.968773 0.471012
v 23.143356 -49.786373 -2.560432
v 22.919155 -45.428150 -2.441918
v 22.746210 -43.252121 0.495424
v 22.248541 -47.647057 0.469186
v 22.968138 -47.610451 0.484439
vt 0.098058 0.976763
vt 0.098429 0.969410
vt 0.099643 0.969472
vt 0.099272 0.976825
vt 0.098725 0.965739
vt 0.099939 0.965801
vt 0.108308 0.981013
vt 0.108229 0.977331
vt 0.109443 0.977269
vt 0.109522 0.980951
vt 0.107851 0.969978
vt 0.109065 0.969916
vt 0.107559 0.966307
vt 0.108773 0.966245
vt 0.097976 0.980445
vt 0.099190 0.980507
vt 0.591227 0.977903
vt 0.591071 0.985256
vt 0.586075 0.981585
vt 0.586052 0.974232
vt 0.580938 0.977914
vt 0.581138 0.985267
vt 0.586093 0.988938
vt 0.598342 0.984641
vt 0.598186 0.977288
vt 0.603339 0.980970
vt 0.603362 0.973617
vt 0.608476 0.977299
vt 0.608276 0.984652
vt 0.603320 0.988323
vn -0.022207 0.020080 0.999552
vn -0.022207 0.020080 0.999552
vn -0.022207 0.020080 0.999552
vn -0.022207 0.020080 0.999552
vn 0.029149 -0.814516 0.579408
vn 0.029149 -0.814517 0.579408
vn 0.029149 -0.814517 0.579408
vn 0.029149 -0.814516 0.579408
vn 0.053578 -0.810006 -0.583969
vn 0.053578 -0.810006 -0.583969
vn 0.053578 -0.810006 -0.583969
vn 0.053578 -0.810006 -0.583969
vn 0.019749 0.028193 -0.999407
vn 0.019749 0.028193 -0.999407
vn 0.019749 0.028193 -0.999407
vn 0.019749 0.028193 -0.999407
vn -0.028182 0.802416 -0.596100
vn -0.028182 0.802416 -0.596100
vn -0.028182 0.802416 -0.596099
vn -0.028182 0.802416 -0.596099
vn -0.053415 0.802443 0.594334
vn -0.053415 0.802443 0.594333
vn -0.053415 0.802443 0.594333
vn -0.053415 0.802443 0.594333
vn -0.998485 -0.050791 -0.021163
vn -0.998485 -0.050790 -0.021163
vn -0.998485 -0.050790 -0.021163
vn -0.998485 -0.050790 -0.021163
vn -0.998485 -0.050790 -0.021164
vn -0.998485 -0.050790 -0.021163
vn -0.998485 -0.050790 -0.021163
vn 0.998485 0.050790 0.021164
vn 0.998485 0.050790 0.021164
vn 0.998485 0.050790 0.021163
vn 0.998485 0.050790 0.021163
vn 0.998485 0.050790 0.021163
vn 0.998485 0.050790 0.021163
vn 0.998485 0.050790 0.021163
s off
g pCube35 polySurface139
usemtl initialShadingGroup
f 4353/7837/6669 4354/7838/6670 4360/7839/6671 4359/7840/6672
f 4354/7838/6673 4355/7841/6674 4361/7842/6675 4360/7839/6676
f 4355/7843/6677 4356/7844/6678 4362/7845/6679 4361/7846/6680
f 4356/7844/6681 4357/7847/6682 4363/7848/6683 4362/7845/6684
f 4357/7847/6685 4358/7849/6686 4364/7850/6687 4363/7848/6688
f 4358/7851/6689 4353/7837/6690 4359/7840/6691 4364/7852/6692
s 1
f 4354/7853/6693 4353/7854/6694 4365/7855/6695
f 4355/7856/6696 4354/7853/6693 4365/7855/6695
f 4356/7857/6697 4355/7856/6696 4365/7855/6695
f 4357/7858/6698 4356/7857/6697 4365/7855/6695
f 4358/7859/6699 4357/7858/6698 4365/7855/6695
f 4353/7854/6694 4358/7859/6699 4365/7855/6695
s 2
f 4359/7860/6700 4360/7861/6701 4366/7862/6702
f 4360/7861/6701 4361/7863/6703 4366/7862/6702
f 4361/7863/6703 4362/7864/6704 4366/7862/6702
f 4362/7864/6704 4363/7865/6705 4366/7862/6702
f 4363/7865/6705 4364/7866/6706 4366/7862/6702
f 4364/7866/6706 4359/7860/6700 4366/7862/6702
g default
v 24.786373 -131.269806 -27.789452
v -25.306335 -131.269806 -28.274319
v 24.785843 -130.179504 -27.734587
v -25.306866 -130.179504 -28.219454
v 24.775290 -130.234375 -26.644333
v -25.317419 -130.234375 -27.129200
v 24.775820 -131.324677 -26.699198
v -25.316889 -131.324677 -27.184065
vt 0.166894 0.310263
vt 0.166894 0.394774
vt 0.165054 0.394775
vt 0.165054 0.310264
vt 0.080650 0.297664
vt 0.081468 0.382175
vt 0.079629 0.382193
vt 0.078811 0.297682
vt 0.176476 0.310264
vt 0.176476 0.394775
vt 0.174637 0.394774
vt 0.174637 0.310263
vt 0.091051 0.297682
vt 0.090233 0.382193
vt 0.088394 0.382175
vt 0.089212 0.297664
vt 0.225361 0.989145
vt 0.227200 0.989052
vt 0.227292 0.990892
vt 0.225453 0.990984
vt 0.217488 0.984857
vt 0.219327 0.984950
vt 0.219235 0.986790
vt 0.217395 0.986697
vn 0.009667 0.050260 -0.998689
vn 0.009667 0.050260 -0.998689
vn 0.009667 0.050260 -0.998689
vn 0.009667 0.050260 -0.998689
vn -0.000486 0.998736 0.050260
vn -0.000486 0.998736 0.050260
vn -0.000486 0.998736 0.050260
vn -0.000486 0.998736 0.050260
vn -0.009667 -0.050260 0.998689
vn -0.009667 -0.050260 0.998689
vn -0.009667 -0.050260 0.998689
vn -0.009667 -0.050260 0.998689
vn 0.000486 -0.998736 -0.050256
vn 0.000486 -0.998736 -0.050256
vn 0.000486 -0.998736 -0.050256
vn 0.000486 -0.998736 -0.050256
vn -0.999953 0.000001 -0.009679
vn -0.999953 0.000001 -0.009679
vn -0.999953 0.000001 -0.009679
vn -0.999953 0.000001 -0.009679
vn 0.999953 -0.000000 0.009679
vn 0.999953 -0.000000 0.009679
vn 0.999953 -0.000000 0.009679
vn 0.999953 -0.000000 0.009679
s off
g pCube35 polySurface140
usemtl initialShadingGroup
f 4367/7867/6707 4368/7868/6708 4370/7869/6709 4369/7870/6710
f 4369/7871/6711 4370/7872/6712 4372/7873/6713 4371/7874/6714
f 4371/7875/6715 4372/7876/6716 4374/7877/6717 4373/7878/6718
f 4373/7879/6719 4374/7880/6720 4368/7881/6721 4367/7882/6722
f 4368/7883/6723 4374/7884/6724 4372/7885/6725 4370/7886/6726
f 4373/7887/6727 4367/7888/6728 4369/7889/6729 4371/7890/6730
g default
v -23.807478 -145.033691 27.273098
v -24.018736 -145.054672 26.850811
v -24.355259 -145.071335 26.511707
v -24.784115 -145.082031 26.288982
v -25.263330 -145.085724 26.204441
v -25.745983 -145.082031 26.266354
v -26.184837 -145.071335 26.468666
v -26.536936 -145.054672 26.791573
v -26.767817 -145.033691 27.203457
v -26.854858 -145.010406 27.664013
v -26.789570 -144.987137 28.128151
v -26.578312 -144.966141 28.550444
v -26.241787 -144.949478 28.889544
v -25.812931 -144.938782 29.112268
v -25.333725 -144.935104 29.196812
v -24.851063 -144.938782 29.134897
v -24.412209 -144.949478 28.932585
v -24.060112 -144.966141 28.609682
v -23.829231 -144.987137 28.197792
v -23.742188 -145.010406 27.737236
v -15.622604 -28.411274 21.595373
v -15.755087 -28.432268 21.174936
v -15.968934 -28.448931 20.838718
v -16.243208 -28.459627 20.619633
v -16.551071 -28.463312 20.539120
v -16.862377 -28.459627 20.605068
v -17.146648 -28.448931 20.811012
v -17.376068 -28.432268 21.136805
v -17.528175 -28.411274 21.550547
v -17.588087 -28.388002 22.011740
v -17.549927 -28.364729 22.475241
v -17.417444 -28.343735 22.895676
v -17.203598 -28.327074 23.231894
v -16.929325 -28.316376 23.450983
v -16.621464 -28.312691 23.531490
v -16.310158 -28.316376 23.465548
v -16.025885 -28.327074 23.259600
v -15.796463 -28.343735 22.933807
v -15.644358 -28.364729 22.520067
v -15.584437 -28.388002 22.058874
v -25.298527 -145.010406 27.700624
v -16.586267 -28.388002 22.035307
vt 0.139106 0.002074
vt 0.139819 0.002038
vt 0.149394 0.198792
vt 0.148685 0.198827
vt 0.140391 0.002010
vt 0.149962 0.198764
vt 0.140766 0.001992
vt 0.150331 0.198746
vt 0.583301 0.198764
vt 0.582492 0.198770
vt 0.597191 0.002016
vt 0.597710 0.002010
vt 0.581678 0.198764
vt 0.596666 0.002010
vt 0.580938 0.198746
vt 0.596186 0.001992
vt 0.166933 0.001992
vt 0.167478 0.002020
vt 0.157938 0.198774
vt 0.157388 0.198746
vt 0.168173 0.002056
vt 0.158636 0.198809
vt 0.168950 0.002095
vt 0.159414 0.198849
vt 0.169733 0.002134
vt 0.160196 0.198888
vt 0.170445 0.002170
vt 0.160905 0.198923
vt 0.171017 0.002198
vt 0.161472 0.198951
vt 0.171393 0.002216
vt 0.161842 0.198969
vt 0.603936 0.002010
vt 0.604744 0.002016
vt 0.619443 0.198770
vt 0.618923 0.198764
vt 0.605558 0.002010
vt 0.619968 0.198764
vt 0.606299 0.001992
vt 0.620447 0.198746
vt 0.136306 0.002216
vt 0.136851 0.002188
vt 0.146427 0.198941
vt 0.145877 0.198969
vt 0.137546 0.002152
vt 0.147125 0.198906
vt 0.138323 0.002113
vt 0.147903 0.198867
vt 0.953831 0.874838
vt 0.954544 0.874482
vt 0.955265 0.876997
vt 0.953259 0.875406
vt 0.952884 0.876129
vt 0.952741 0.876938
vt 0.952845 0.877752
vt 0.953187 0.878492
vt 0.953732 0.879087
vt 0.954426 0.879476
vt 0.955203 0.879623
vt 0.955986 0.879513
vt 0.956699 0.879156
vt 0.957271 0.878589
vt 0.957647 0.877865
vt 0.957789 0.877057
vt 0.957685 0.876242
vt 0.957344 0.875502
vt 0.956799 0.874908
vt 0.956104 0.874518
vt 0.955327 0.874372
vt 0.906992 0.978466
vt 0.906768 0.979175
vt 0.905366 0.977724
vt 0.906407 0.979743
vt 0.905945 0.980112
vt 0.905425 0.980248
vt 0.904900 0.980137
vt 0.904421 0.979789
vt 0.904033 0.979240
vt 0.903777 0.978542
vt 0.903676 0.977764
vt 0.903740 0.976982
vt 0.903964 0.976272
vt 0.904324 0.975705
vt 0.904787 0.975335
vt 0.905307 0.975200
vt 0.905832 0.975311
vt 0.906311 0.975658
vt 0.906698 0.976208
vt 0.906955 0.976906
vt 0.907056 0.977684
vn 0.966937 -0.079753 -0.242224
vn 0.858373 -0.085489 -0.505853
vn 0.861811 -0.085431 -0.499984
vn 0.967718 -0.079652 -0.239119
vn 0.660586 -0.083768 -0.746062
vn 0.668743 -0.083973 -0.738736
vn 0.370219 -0.072038 -0.926147
vn 0.384084 -0.072755 -0.920427
vn 0.014933 -0.049493 -0.998663
vn 0.031911 -0.050739 -0.998202
vn -0.341038 -0.019526 -0.939847
vn -0.326382 -0.020914 -0.945007
vn -0.634160 0.011696 -0.773113
vn -0.625024 0.010601 -0.780534
vn -0.837655 0.039356 -0.544780
vn -0.833543 0.038709 -0.551097
vn -0.954915 0.061485 -0.290444
vn -0.953869 0.061228 -0.293915
vn -0.996598 0.077747 -0.027358
vn -0.996598 0.077747 -0.027358
vn -0.967339 0.088069 0.237696
vn -0.966457 0.088164 0.241220
vn -0.862188 0.091855 0.498191
vn -0.858379 0.091855 0.504727
vn -0.669692 0.087730 0.737439
vn -0.660916 0.087407 0.745352
vn -0.384791 0.074092 0.920025
vn -0.370396 0.073264 0.925980
vn -0.032045 0.051020 0.998183
vn -0.015068 0.049774 0.998647
vn 0.326193 0.022150 0.945044
vn 0.340311 0.020895 0.940081
vn 0.624667 -0.006909 0.780860
vn 0.633158 -0.007829 0.773983
vn 0.833500 -0.032262 0.551577
vn 0.837210 -0.032785 0.545898
vn 0.954321 -0.052757 0.294088
vn 0.955247 -0.052966 0.291030
vn 0.997284 -0.068566 0.026911
vn 0.997284 -0.068566 0.026912
vn -0.001189 -0.998737 0.050229
vn -0.001190 -0.998737 0.050230
vn -0.001182 -0.998736 0.050245
vn -0.001182 -0.998735 0.050261
vn -0.001176 -0.998735 0.050261
vn -0.001182 -0.998736 0.050250
vn -0.001188 -0.998736 0.050251
vn -0.001182 -0.998736 0.050251
vn -0.001174 -0.998736 0.050251
vn -0.001174 -0.998736 0.050251
vn -0.001182 -0.998737 0.050230
vn -0.001181 -0.998737 0.050229
vn -0.001180 -0.998736 0.050250
vn -0.001182 -0.998735 0.050261
vn -0.001191 -0.998736 0.050254
vn -0.001182 -0.998737 0.050232
vn -0.001173 -0.998737 0.050240
vn -0.001183 -0.998735 0.050272
vn -0.001184 -0.998736 0.050249
vn -0.001183 -0.998738 0.050208
vn -0.001182 -0.998737 0.050229
vn 0.001182 0.998736 -0.050245
vn 0.001180 0.998736 -0.050245
vn 0.001182 0.998736 -0.050245
vn 0.001182 0.998736 -0.050246
vn 0.001185 0.998736 -0.050245
vn 0.001182 0.998736 -0.050245
vn 0.001179 0.998736 -0.050243
vn 0.001182 0.998736 -0.050242
vn 0.001184 0.998736 -0.050246
vn 0.001182 0.998736 -0.050246
vn 0.001182 0.998736 -0.050245
vn 0.001183 0.998736 -0.050246
vn 0.001183 0.998736 -0.050246
vn 0.001181 0.998736 -0.050246
vn 0.001182 0.998736 -0.050245
vn 0.001182 0.998736 -0.050244
vn 0.001182 0.998736 -0.050246
vn 0.001183 0.998736 -0.050247
vn 0.001180 0.998736 -0.050243
vn 0.001181 0.998736 -0.050246
vn 0.001182 0.998736 -0.050245
s 1
g pCube35 polySurface141
usemtl initialShadingGroup
f 4375/7891/6731 4376/7892/6732 4396/7893/6733 4395/7894/6734
f 4376/7892/6732 4377/7895/6735 4397/7896/6736 4396/7893/6733
f 4377/7895/6735 4378/7897/6737 4398/7898/6738 4397/7896/6736
f 4378/7899/6737 4379/7900/6739 4399/7901/6740 4398/7902/6738
f 4379/7900/6739 4380/7903/6741 4400/7904/6742 4399/7901/6740
f 4380/7903/6741 4381/7905/6743 4401/7906/6744 4400/7904/6742
f 4381/7907/6743 4382/7908/6745 4402/7909/6746 4401/7910/6744
f 4382/7908/6745 4383/7911/6747 4403/7912/6748 4402/7909/6746
f 4383/7911/6747 4384/7913/6749 4404/7914/6750 4403/7912/6748
f 4384/7913/6749 4385/7915/6751 4405/7916/6752 4404/7914/6750
f 4385/7915/6751 4386/7917/6753 4406/7918/6754 4405/7916/6752
f 4386/7917/6753 4387/7919/6755 4407/7920/6756 4406/7918/6754
f 4387/7919/6755 4388/7921/6757 4408/7922/6758 4407/7920/6756
f 4388/7923/6757 4389/7924/6759 4409/7925/6760 4408/7926/6758
f 4389/7924/6759 4390/7927/6761 4410/7928/6762 4409/7925/6760
f 4390/7927/6761 4391/7929/6763 4411/7930/6764 4410/7928/6762
f 4391/7931/6763 4392/7932/6765 4412/7933/6766 4411/7934/6764
f 4392/7932/6765 4393/7935/6767 4413/7936/6768 4412/7933/6766
f 4393/7935/6767 4394/7937/6769 4414/7938/6770 4413/7936/6768
f 4394/7937/6769 4375/7891/6731 4395/7894/6734 4414/7938/6770
s 2
f 4376/7939/6771 4375/7940/6772 4415/7941/6773
f 4377/7942/6774 4376/7939/6771 4415/7941/6773
f 4378/7943/6775 4377/7942/6774 4415/7941/6773
f 4379/7944/6776 4378/7943/6775 4415/7941/6773
f 4380/7945/6777 4379/7944/6776 4415/7941/6773
f 4381/7946/6778 4380/7945/6777 4415/7941/6773
f 4382/7947/6779 4381/7946/6778 4415/7941/6773
f 4383/7948/6780 4382/7947/6779 4415/7941/6773
f 4384/7949/6781 4383/7948/6780 4415/7941/6773
f 4385/7950/6782 4384/7949/6781 4415/7941/6773
f 4386/7951/6783 4385/7950/6782 4415/7941/6773
f 4387/7952/6784 4386/7951/6783 4415/7941/6773
f 4388/7953/6785 4387/7952/6784 4415/7941/6773
f 4389/7954/6786 4388/7953/6785 4415/7941/6773
f 4390/7955/6787 4389/7954/6786 4415/7941/6773
f 4391/7956/6788 4390/7955/6787 4415/7941/6773
f 4392/7957/6789 4391/7956/6788 4415/7941/6773
f 4393/7958/6790 4392/7957/6789 4415/7941/6773
f 4394/7959/6791 4393/7958/6790 4415/7941/6773
f 4375/7940/6772 4394/7959/6791 4415/7941/6773
s 3
f 4395/7960/6792 4396/7961/6793 4416/7962/6794
f 4396/7961/6793 4397/7963/6795 4416/7962/6794
f 4397/7963/6795 4398/7964/6796 4416/7962/6794
f 4398/7964/6796 4399/7965/6797 4416/7962/6794
f 4399/7965/6797 4400/7966/6798 4416/7962/6794
f 4400/7966/6798 4401/7967/6799 4416/7962/6794
f 4401/7967/6799 4402/7968/6800 4416/7962/6794
f 4402/7968/6800 4403/7969/6801 4416/7962/6794
f 4403/7969/6801 4404/7970/6802 4416/7962/6794
f 4404/7970/6802 4405/7971/6803 4416/7962/6794
f 4405/7971/6803 4406/7972/6804 4416/7962/6794
f 4406/7972/6804 4407/7973/6805 4416/7962/6794
f 4407/7973/6805 4408/7974/6806 4416/7962/6794
f 4408/7974/6806 4409/7975/6807 4416/7962/6794
f 4409/7975/6807 4410/7976/6808 4416/7962/6794
f 4410/7976/6808 4411/7977/6809 4416/7962/6794
f 4411/7977/6809 4412/7978/6810 4416/7962/6794
f 4412/7978/6810 4413/7979/6811 4416/7962/6794
f 4413/7979/6811 4414/7980/6812 4416/7962/6794
f 4414/7980/6812 4395/7960/6792 4416/7962/6794
g default
v -25.690861 -96.582436 -24.527315
v -29.060289 -130.785889 21.698256
v -25.717098 -96.040230 -23.024893
v -29.086348 -130.243668 23.195807
v -24.772381 -96.087799 -22.991230
v -28.141634 -130.291229 23.229469
v -24.746151 -96.630005 -24.493652
v -28.115572 -130.833450 21.731918
vt 0.476525 0.649248
vt 0.418820 0.571260
vt 0.419735 0.568734
vt 0.477440 0.646713
vt 0.502513 0.646770
vt 0.496828 0.568791
vt 0.498422 0.568734
vt 0.504107 0.646713
vt 0.412787 0.573584
vt 0.355083 0.651563
vt 0.354168 0.649037
vt 0.411872 0.571050
vt 0.490795 0.568791
vt 0.485111 0.646778
vt 0.483517 0.646721
vt 0.489202 0.568734
vt 0.485067 0.649304
vt 0.483473 0.649248
vt 0.504151 0.649248
vt 0.502557 0.649304
vn -0.998103 0.050260 -0.035565
vn -0.998103 0.050260 -0.035565
vn -0.998103 0.050260 -0.035565
vn -0.998103 0.050260 -0.035565
vn 0.019207 0.803022 0.595640
vn 0.019207 0.803022 0.595640
vn 0.019207 0.803022 0.595640
vn 0.019207 0.803022 0.595640
vn 0.998103 -0.050259 0.035565
vn 0.998103 -0.050259 0.035565
vn 0.998103 -0.050259 0.035565
vn 0.998103 -0.050259 0.035565
vn -0.019210 -0.803053 -0.595598
vn -0.019210 -0.803053 -0.595598
vn -0.019210 -0.803053 -0.595598
vn -0.019210 -0.803053 -0.595598
vn -0.059348 -0.938942 0.338920
vn -0.059348 -0.938942 0.338920
vn -0.059348 -0.938942 0.338920
vn -0.059348 -0.938942 0.338920
vn 0.059339 0.939292 -0.337948
vn 0.059339 0.939292 -0.337948
vn 0.059339 0.939292 -0.337948
vn 0.059339 0.939292 -0.337948
s off
g pCube35 polySurface142
usemtl initialShadingGroup
f 4417/7981/6813 4418/7982/6814 4420/7983/6815 4419/7984/6816
f 4419/7985/6817 4420/7986/6818 4422/7987/6819 4421/7988/6820
f 4421/7989/6821 4422/7990/6822 4424/7991/6823 4423/7992/6824
f 4423/7993/6825 4424/7994/6826 4418/7995/6827 4417/7996/6828
f 4418/7995/6829 4424/7994/6830 4422/7997/6831 4420/7998/6832
f 4423/7999/6833 4417/8000/6834 4419/7985/6835 4421/7988/6836
g default
v -27.218468 -145.033691 -23.797596
v -26.793657 -145.054672 -24.003731
v -26.450506 -145.071335 -24.336128
v -26.222609 -145.082031 -24.762259
v -26.132278 -145.085724 -25.240416
v -26.188347 -145.082031 -25.723783
v -26.385336 -145.071335 -26.165054
v -26.703959 -145.054672 -26.521030
v -27.113020 -145.033691 -26.756878
v -27.572491 -145.010406 -26.849485
v -28.037384 -144.987137 -26.789816
v -28.462200 -144.966141 -26.583683
v -28.805347 -144.949478 -26.251286
v -29.033243 -144.938782 -25.825155
v -29.123579 -144.935104 -25.347006
v -29.067505 -144.938782 -24.863630
v -28.870518 -144.949478 -24.422359
v -28.551899 -144.966141 -24.066383
v -28.142832 -144.987137 -23.830534
v -27.683365 -145.010406 -23.737928
v -21.640179 -28.411274 -15.544638
v -21.218168 -28.432268 -15.672024
v -20.879387 -28.448931 -15.881788
v -20.657000 -28.459627 -16.153393
v -20.572769 -28.463312 -16.460257
v -20.634943 -28.459627 -16.772339
v -20.837437 -28.448931 -17.059080
v -21.160429 -28.432268 -17.292425
v -21.572300 -28.411274 -17.449526
v -22.032736 -28.388002 -17.515015
v -22.496662 -28.364729 -17.482464
v -22.918671 -28.343735 -17.355076
v -23.257450 -28.327074 -17.145313
v -23.479841 -28.316376 -16.873711
v -23.564068 -28.312691 -16.566845
v -23.501898 -28.316376 -16.254765
v -23.299400 -28.327074 -15.968021
v -22.976410 -28.343735 -15.734676
v -22.564541 -28.364729 -15.577576
v -22.104105 -28.388002 -15.512080
v -27.627928 -145.010406 -25.293711
v -22.068420 -28.388002 -16.513552
vt 0.261213 0.002027
vt 0.261930 0.001992
vt 0.271336 0.198746
vt 0.270624 0.198781
vt 0.445506 0.002044
vt 0.446067 0.002016
vt 0.431803 0.198770
vt 0.431450 0.198798
vt 0.446786 0.001998
vt 0.432262 0.198752
vt 0.447592 0.001992
vt 0.432779 0.198746
vt 0.448408 0.001998
vt 0.433306 0.198752
vt 0.449152 0.002016
vt 0.433790 0.198770
vt 0.449753 0.002044
vt 0.434183 0.198798
vt 0.281095 0.198895
vt 0.280405 0.198860
vt 0.289752 0.002106
vt 0.290447 0.002141
vt 0.279629 0.198820
vt 0.288976 0.002067
vt 0.278845 0.198781
vt 0.288193 0.002027
vt 0.278128 0.198746
vt 0.287481 0.001992
vt 0.456364 0.001992
vt 0.456925 0.002020
vt 0.472288 0.198774
vt 0.471934 0.198746
vt 0.457644 0.002038
vt 0.472746 0.198792
vt 0.458451 0.002044
vt 0.473264 0.198798
vt 0.459266 0.002038
vt 0.473790 0.198792
vt 0.460011 0.002020
vt 0.474274 0.198774
vt 0.460611 0.001992
vt 0.474668 0.198746
vt 0.258963 0.002141
vt 0.259653 0.002106
vt 0.269065 0.198860
vt 0.268370 0.198895
vt 0.260429 0.002067
vt 0.269841 0.198820
vt 0.958118 0.888349
vt 0.957401 0.888697
vt 0.956710 0.886173
vt 0.958696 0.887788
vt 0.959081 0.887069
vt 0.959233 0.886263
vt 0.959139 0.885447
vt 0.958806 0.884703
vt 0.958269 0.884102
vt 0.957579 0.883704
vt 0.956804 0.883548
vt 0.956019 0.883649
vt 0.955303 0.883996
vt 0.954724 0.884557
vt 0.954339 0.885276
vt 0.954187 0.886083
vt 0.954281 0.886898
vt 0.954614 0.887643
vt 0.955151 0.888243
vt 0.955841 0.888641
vt 0.956617 0.888797
vt 0.866077 0.982803
vt 0.866292 0.982091
vt 0.867712 0.983525
vt 0.866646 0.981519
vt 0.867104 0.981144
vt 0.867622 0.981002
vt 0.868149 0.981107
vt 0.868632 0.981448
vt 0.869026 0.981993
vt 0.869291 0.982688
vt 0.869402 0.983465
vt 0.869347 0.984248
vt 0.869132 0.984960
vt 0.868778 0.985531
vt 0.868320 0.985906
vt 0.867802 0.986048
vt 0.867275 0.985944
vt 0.866792 0.985602
vt 0.866398 0.985057
vt 0.866133 0.984362
vt 0.866022 0.983585
vn 0.230507 -0.079753 0.969797
vn 0.495432 -0.085489 0.864430
vn 0.489521 -0.085430 0.867796
vn 0.227393 -0.079652 0.970540
vn 0.738016 -0.083768 0.669563
vn 0.730592 -0.083974 0.677630
vn 0.921601 -0.072038 0.381395
vn 0.915714 -0.072755 0.395190
vn 0.998409 -0.049493 0.027013
vn 0.997743 -0.050739 0.043983
vn 0.943904 -0.019526 -0.329643
vn 0.948886 -0.020914 -0.314925
vn 0.780728 0.011696 -0.624762
vn 0.788037 0.010601 -0.615536
vn 0.554875 0.039357 -0.831002
vn 0.561142 0.038709 -0.826814
vn 0.301978 0.061485 -0.951330
vn 0.305436 0.061228 -0.950242
vn 0.039411 0.077747 -0.996194
vn 0.039410 0.077747 -0.996194
vn -0.225981 0.088069 -0.970142
vn -0.229516 0.088165 -0.969304
vn -0.487723 0.091855 -0.868153
vn -0.494304 0.091855 -0.864423
vn -0.729281 0.087730 -0.678566
vn -0.737300 0.087407 -0.669887
vn -0.915302 0.074092 -0.395894
vn -0.921431 0.073263 -0.381573
vn -0.997723 0.051020 -0.044117
vn -0.998392 0.049775 -0.027147
vn -0.948919 0.022150 0.314742
vn -0.944127 0.020895 0.328919
vn -0.788361 -0.006909 0.615174
vn -0.781587 -0.007830 0.623747
vn -0.561625 -0.032262 0.826763
vn -0.555992 -0.032785 0.830541
vn -0.305615 -0.052757 0.950693
vn -0.302567 -0.052966 0.951655
vn -0.038974 -0.068566 0.996885
vn -0.038975 -0.068566 0.996885
vn -0.050214 -0.998737 -0.001811
vn -0.050227 -0.998736 -0.001820
vn -0.050226 -0.998736 -0.001786
vn -0.050227 -0.998736 -0.001778
vn -0.050228 -0.998736 -0.001778
vn -0.050230 -0.998736 -0.001778
vn -0.050227 -0.998736 -0.001800
vn -0.050227 -0.998736 -0.001799
vn -0.050215 -0.998737 -0.001756
vn -0.050228 -0.998736 -0.001759
vn -0.050236 -0.998736 -0.001785
vn -0.050224 -0.998736 -0.001794
vn -0.050229 -0.998736 -0.001789
vn -0.050227 -0.998736 -0.001778
vn -0.050222 -0.998737 -0.001778
vn -0.050220 -0.998737 -0.001778
vn -0.050223 -0.998736 -0.001800
vn -0.050227 -0.998736 -0.001799
vn -0.050229 -0.998736 -0.001767
vn -0.050225 -0.998736 -0.001777
vn -0.050237 -0.998736 -0.001798
vn 0.050225 0.998736 0.001790
vn 0.050227 0.998736 0.001792
vn 0.050226 0.998736 0.001789
vn 0.050226 0.998736 0.001782
vn 0.050225 0.998736 0.001795
vn 0.050225 0.998736 0.001800
vn 0.050225 0.998736 0.001792
vn 0.050226 0.998736 0.001792
vn 0.050227 0.998736 0.001789
vn 0.050225 0.998736 0.001786
vn 0.050226 0.998736 0.001789
vn 0.050227 0.998736 0.001786
vn 0.050226 0.998736 0.001794
vn 0.050227 0.998736 0.001785
vn 0.050227 0.998736 0.001785
vn 0.050226 0.998736 0.001784
vn 0.050227 0.998736 0.001783
vn 0.050227 0.998736 0.001792
vn 0.050226 0.998736 0.001792
vn 0.050227 0.998736 0.001790
vn 0.050226 0.998736 0.001787
s 1
g pCube35 polySurface143
usemtl initialShadingGroup
f 4425/8001/6837 4426/8002/6838 4446/8003/6839 4445/8004/6840
f 4426/8005/6838 4427/8006/6841 4447/8007/6842 4446/8008/6839
f 4427/8006/6841 4428/8009/6843 4448/8010/6844 4447/8007/6842
f 4428/8009/6843 4429/8011/6845 4449/8012/6846 4448/8010/6844
f 4429/8011/6845 4430/8013/6847 4450/8014/6848 4449/8012/6846
f 4430/8013/6847 4431/8015/6849 4451/8016/6850 4450/8014/6848
f 4431/8015/6849 4432/8017/6851 4452/8018/6852 4451/8016/6850
f 4432/8019/6851 4433/8020/6853 4453/8021/6854 4452/8022/6852
f 4433/8020/6853 4434/8023/6855 4454/8024/6856 4453/8021/6854
f 4434/8023/6855 4435/8025/6857 4455/8026/6858 4454/8024/6856
f 4435/8025/6857 4436/8027/6859 4456/8028/6860 4455/8026/6858
f 4436/8029/6859 4437/8030/6861 4457/8031/6862 4456/8032/6860
f 4437/8030/6861 4438/8033/6863 4458/8034/6864 4457/8031/6862
f 4438/8033/6863 4439/8035/6865 4459/8036/6866 4458/8034/6864
f 4439/8035/6865 4440/8037/6867 4460/8038/6868 4459/8036/6866
f 4440/8037/6867 4441/8039/6869 4461/8040/6870 4460/8038/6868
f 4441/8039/6869 4442/8041/6871 4462/8042/6872 4461/8040/6870
f 4442/8043/6871 4443/8044/6873 4463/8045/6874 4462/8046/6872
f 4443/8044/6873 4444/8047/6875 4464/8048/6876 4463/8045/6874
f 4444/8047/6875 4425/8001/6837 4445/8004/6840 4464/8048/6876
s 2
f 4426/8049/6877 4425/8050/6878 4465/8051/6879
f 4427/8052/6880 4426/8049/6877 4465/8051/6879
f 4428/8053/6881 4427/8052/6880 4465/8051/6879
f 4429/8054/6882 4428/8053/6881 4465/8051/6879
f 4430/8055/6883 4429/8054/6882 4465/8051/6879
f 4431/8056/6884 4430/8055/6883 4465/8051/6879
f 4432/8057/6885 4431/8056/6884 4465/8051/6879
f 4433/8058/6886 4432/8057/6885 4465/8051/6879
f 4434/8059/6887 4433/8058/6886 4465/8051/6879
f 4435/8060/6888 4434/8059/6887 4465/8051/6879
f 4436/8061/6889 4435/8060/6888 4465/8051/6879
f 4437/8062/6890 4436/8061/6889 4465/8051/6879
f 4438/8063/6891 4437/8062/6890 4465/8051/6879
f 4439/8064/6892 4438/8063/6891 4465/8051/6879
f 4440/8065/6893 4439/8064/6892 4465/8051/6879
f 4441/8066/6894 4440/8065/6893 4465/8051/6879
f 4442/8067/6895 4441/8066/6894 4465/8051/6879
f 4443/8068/6896 4442/8067/6895 4465/8051/6879
f 4444/8069/6897 4443/8068/6896 4465/8051/6879
f 4425/8050/6878 4444/8069/6897 4465/8051/6879
s 3
f 4445/8070/6898 4446/8071/6899 4466/8072/6900
f 4446/8071/6899 4447/8073/6901 4466/8072/6900
f 4447/8073/6901 4448/8074/6902 4466/8072/6900
f 4448/8074/6902 4449/8075/6903 4466/8072/6900
f 4449/8075/6903 4450/8076/6904 4466/8072/6900
f 4450/8076/6904 4451/8077/6905 4466/8072/6900
f 4451/8077/6905 4452/8078/6906 4466/8072/6900
f 4452/8078/6906 4453/8079/6907 4466/8072/6900
f 4453/8079/6907 4454/8080/6908 4466/8072/6900
f 4454/8080/6908 4455/8081/6909 4466/8072/6900
f 4455/8081/6909 4456/8082/6910 4466/8072/6900
f 4456/8082/6910 4457/8083/6911 4466/8072/6900
f 4457/8083/6911 4458/8084/6912 4466/8072/6900
f 4458/8084/6912 4459/8085/6913 4466/8072/6900
f 4459/8085/6913 4460/8086/6914 4466/8072/6900
f 4460/8086/6914 4461/8087/6915 4466/8072/6900
f 4461/8087/6915 4462/8088/6916 4466/8072/6900
f 4462/8088/6916 4463/8089/6917 4466/8072/6900
f 4463/8089/6917 4464/8090/6918 4466/8072/6900
f 4464/8090/6918 4445/8070/6898 4466/8072/6900
g default
v -4.473215 -77.367043 24.013638
v -4.527454 -81.725510 24.231749
v -0.656410 -83.904747 24.432503
v 3.214087 -81.725510 24.413862
v 3.155992 -77.367058 24.193110
v -0.657176 -75.187828 23.993713
v -4.490142 -77.330826 24.733213
v -4.544382 -81.689293 24.951326
v -0.673338 -83.868530 25.152084
v 3.197159 -81.689293 25.133440
v 3.139064 -77.330841 24.912685
v -0.674104 -75.151611 24.713293
v -0.655027 -79.546280 24.213150
v -0.671955 -79.510063 24.932730
vt 0.837750 0.977026
vt 0.838118 0.969673
vt 0.839332 0.969734
vt 0.838964 0.977087
vt 0.690179 0.985024
vt 0.690517 0.978494
vt 0.691731 0.978522
vt 0.691393 0.985053
vt 0.690486 0.971964
vt 0.691700 0.971992
vt 0.846630 0.969673
vt 0.847003 0.977026
vt 0.845789 0.977087
vt 0.845416 0.969734
vt 0.723973 0.971499
vt 0.724310 0.977933
vt 0.723096 0.977961
vt 0.722759 0.971528
vt 0.724276 0.984371
vt 0.723062 0.984399
vt 0.189969 0.977256
vt 0.190060 0.969903
vt 0.196502 0.973579
vt 0.196500 0.980932
vt 0.203030 0.977256
vt 0.202932 0.969903
vt 0.196498 0.966226
vt 0.209225 0.977256
vt 0.209134 0.969903
vt 0.215667 0.973579
vt 0.215665 0.966226
vt 0.222195 0.969903
vt 0.222097 0.977256
vt 0.215664 0.980933
vn -0.999647 0.011235 -0.024081
vn -0.999647 0.011235 -0.024081
vn -0.999647 0.011235 -0.024081
vn -0.999647 0.011235 -0.024081
vn -0.491578 -0.870237 0.032222
vn -0.491578 -0.870237 0.032222
vn -0.491578 -0.870237 0.032222
vn -0.491578 -0.870237 0.032222
vn 0.490068 -0.869928 0.055301
vn 0.490068 -0.869928 0.055301
vn 0.490068 -0.869928 0.055301
vn 0.490068 -0.869928 0.055301
vn 0.999636 0.014479 0.022787
vn 0.999636 0.014479 0.022787
vn 0.999636 0.014479 0.022787
vn 0.999636 0.014479 0.022787
vn 0.497191 0.867053 -0.031953
vn 0.497191 0.867053 -0.031953
vn 0.497191 0.867052 -0.031953
vn 0.497191 0.867052 -0.031953
vn -0.495361 0.866927 -0.055275
vn -0.495361 0.866927 -0.055275
vn -0.495361 0.866927 -0.055275
vn -0.495361 0.866927 -0.055275
vn 0.023487 -0.050258 -0.998460
vn 0.023488 -0.050258 -0.998460
vn 0.023488 -0.050258 -0.998460
vn 0.023488 -0.050258 -0.998460
vn 0.023489 -0.050258 -0.998460
vn 0.023488 -0.050258 -0.998460
vn 0.023488 -0.050258 -0.998460
vn -0.023489 0.050258 0.998460
vn -0.023489 0.050258 0.998460
vn -0.023488 0.050258 0.998460
vn -0.023488 0.050258 0.998460
vn -0.023488 0.050259 0.998460
vn -0.023488 0.050259 0.998460
vn -0.023488 0.050258 0.998460
s off
g pCube35 polySurface144
usemtl initialShadingGroup
f 4467/8091/6919 4468/8092/6920 4474/8093/6921 4473/8094/6922
f 4468/8095/6923 4469/8096/6924 4475/8097/6925 4474/8098/6926
f 4469/8096/6927 4470/8099/6928 4476/8100/6929 4475/8097/6930
f 4470/8101/6931 4471/8102/6932 4477/8103/6933 4476/8104/6934
f 4471/8105/6935 4472/8106/6936 4478/8107/6937 4477/8108/6938
f 4472/8106/6939 4467/8109/6940 4473/8110/6941 4478/8107/6942
s 1
f 4468/8111/6943 4467/8112/6944 4479/8113/6945
f 4469/8114/6946 4468/8111/6943 4479/8113/6945
f 4470/8115/6947 4469/8114/6946 4479/8113/6945
f 4471/8116/6948 4470/8115/6947 4479/8113/6945
f 4472/8117/6949 4471/8116/6948 4479/8113/6945
f 4467/8112/6944 4472/8117/6949 4479/8113/6945
s 2
f 4473/8118/6950 4474/8119/6951 4480/8120/6952
f 4474/8119/6951 4475/8121/6953 4480/8120/6952
f 4475/8121/6953 4476/8122/6954 4480/8120/6952
f 4476/8122/6954 4477/8123/6955 4480/8120/6952
f 4477/8123/6955 4478/8124/6956 4480/8120/6952
f 4478/8124/6956 4473/8118/6950 4480/8120/6952
g default
v -23.098970 -130.785889 27.510353
v 23.244921 -96.582436 26.878910
v -24.595457 -130.243668 27.447855
v 21.743355 -96.040230 26.816298
v -24.573227 -130.291229 26.502804
v 21.765587 -96.087799 25.871243
v -23.076738 -130.833450 26.565298
v 23.267153 -96.630005 25.933859
vt 0.527275 0.562278
vt 0.584980 0.484092
vt 0.585895 0.486625
vt 0.528190 0.564803
vt 0.377787 0.564841
vt 0.378853 0.486662
vt 0.380447 0.486625
vt 0.379382 0.564803
vt 0.650141 0.564706
vt 0.592437 0.486528
vt 0.593351 0.483995
vt 0.651056 0.562181
vt 0.388435 0.562278
vt 0.387370 0.484092
vt 0.388964 0.484129
vt 0.390029 0.562316
vt 0.378747 0.484129
vt 0.380341 0.484092
vt 0.389924 0.564841
vt 0.388330 0.564803
vn -0.023489 0.050258 0.998460
vn -0.023489 0.050258 0.998460
vn -0.023489 0.050258 0.998460
vn -0.023489 0.050258 0.998460
vn -0.593464 0.803022 -0.054372
vn -0.593464 0.803022 -0.054372
vn -0.593464 0.803022 -0.054372
vn -0.593464 0.803022 -0.054372
vn 0.023488 -0.050258 -0.998460
vn 0.023488 -0.050258 -0.998460
vn 0.023488 -0.050258 -0.998460
vn 0.023488 -0.050258 -0.998460
vn 0.593423 -0.803052 0.054379
vn 0.593423 -0.803052 0.054379
vn 0.593423 -0.803052 0.054379
vn 0.593423 -0.803052 0.054379
vn 0.340816 0.939310 -0.039261
vn 0.340816 0.939310 -0.039261
vn 0.340816 0.939310 -0.039261
vn 0.340816 0.939310 -0.039261
vn -0.341842 -0.938939 0.039217
vn -0.341842 -0.938939 0.039217
vn -0.341842 -0.938939 0.039217
vn -0.341842 -0.938939 0.039217
s off
g pCube35 polySurface145
usemtl initialShadingGroup
f 4481/8125/6957 4482/8126/6958 4484/8127/6959 4483/8128/6960
f 4483/8129/6961 4484/8130/6962 4486/8131/6963 4485/8132/6964
f 4485/8133/6965 4486/8134/6966 4488/8135/6967 4487/8136/6968
f 4487/8137/6969 4488/8138/6970 4482/8139/6971 4481/8140/6972
f 4482/8141/6973 4488/8142/6974 4486/8131/6975 4484/8130/6976
f 4487/8137/6977 4481/8140/6978 4483/8143/6979 4485/8144/6980
g default
v -25.748249 -97.086967 -25.670731
v -27.532154 -97.086967 24.392550
v -25.693611 -95.996658 -25.663342
v -27.477119 -95.996658 24.388830
v -24.603998 -96.051521 -25.624516
v -26.387506 -96.051521 24.427656
v -24.658634 -97.141830 -25.631905
v -26.442539 -97.141830 24.431376
vt 0.320292 0.394707
vt 0.320292 0.310245
vt 0.322131 0.310251
vt 0.322131 0.394694
vt 0.215976 0.394772
vt 0.212967 0.310329
vt 0.214805 0.310263
vt 0.217814 0.394706
vt 0.331714 0.310183
vt 0.331714 0.394626
vt 0.329874 0.394632
vt 0.329874 0.310171
vt 0.135405 0.310329
vt 0.132395 0.394790
vt 0.130557 0.394725
vt 0.133567 0.310263
vt 0.209431 0.984950
vt 0.211269 0.984857
vt 0.211362 0.986697
vt 0.209524 0.986790
vt 0.203306 0.986789
vt 0.201468 0.986697
vt 0.201560 0.984857
vt 0.203398 0.984950
vn -0.998103 0.050257 -0.035565
vn -0.998103 0.050257 -0.035565
vn -0.998103 0.050257 -0.035565
vn -0.998103 0.050257 -0.035565
vn 0.050223 0.998736 0.001790
vn 0.050223 0.998736 0.001790
vn 0.050223 0.998736 0.001790
vn 0.050223 0.998736 0.001790
vn 0.998103 -0.050257 0.035565
vn 0.998103 -0.050257 0.035565
vn 0.998103 -0.050257 0.035565
vn 0.998103 -0.050257 0.035565
vn -0.050223 -0.998736 -0.001789
vn -0.050223 -0.998736 -0.001789
vn -0.050223 -0.998736 -0.001789
vn -0.050223 -0.998736 -0.001789
vn -0.035350 0.005193 0.999362
vn -0.035350 0.005193 0.999362
vn -0.035350 0.005193 0.999362
vn -0.035350 0.005193 0.999362
vn 0.035860 0.004976 -0.999345
vn 0.035860 0.004976 -0.999344
vn 0.035860 0.004976 -0.999344
vn 0.035860 0.004976 -0.999344
s off
g pCube35 polySurface146
usemtl initialShadingGroup
f 4489/8145/6981 4490/8146/6982 4492/8147/6983 4491/8148/6984
f 4491/8149/6985 4492/8150/6986 4494/8151/6987 4493/8152/6988
f 4493/8153/6989 4494/8154/6990 4496/8155/6991 4495/8156/6992
f 4495/8157/6993 4496/8158/6994 4490/8159/6995 4489/8160/6996
f 4490/8161/6997 4496/8162/6998 4494/8163/6999 4492/8164/7000
f 4495/8165/7001 4489/8166/7002 4491/8167/7003 4493/8168/7004
g default
v 22.127150 -96.467484 -25.991114
v -20.482771 -64.417603 -24.790667
v 23.622696 -95.959412 -25.951069
v -19.108953 -63.909534 -24.751802
v 23.613546 -96.006981 -25.005798
v -19.118103 -63.957104 -23.806534
v 22.118000 -96.515053 -25.045841
v -20.491920 -64.465172 -23.845400
vt 0.635866 0.655753
vt 0.581795 0.727641
vt 0.580938 0.725323
vt 0.635009 0.653230
vt 0.561557 0.653236
vt 0.559534 0.725329
vt 0.557939 0.725344
vt 0.559963 0.653251
vt 0.643123 0.653171
vt 0.697194 0.725263
vt 0.696337 0.727581
vt 0.642266 0.655694
vt 0.571033 0.655774
vt 0.573058 0.727662
vt 0.571464 0.727646
vt 0.569438 0.655759
vt 0.559600 0.727646
vt 0.558005 0.727662
vt 0.569506 0.653236
vt 0.571101 0.653251
vn 0.009666 0.050258 -0.998689
vn 0.009666 0.050258 -0.998690
vn 0.009666 0.050258 -0.998690
vn 0.009666 0.050258 -0.998690
vn 0.600205 0.798523 0.045994
vn 0.600205 0.798523 0.045994
vn 0.600205 0.798523 0.045994
vn 0.600205 0.798523 0.045994
vn -0.009667 -0.050258 0.998690
vn -0.009667 -0.050258 0.998689
vn -0.009667 -0.050258 0.998689
vn -0.009667 -0.050258 0.998689
vn -0.601300 -0.797700 -0.045962
vn -0.601300 -0.797700 -0.045962
vn -0.601300 -0.797700 -0.045962
vn -0.601300 -0.797700 -0.045962
vn -0.347619 0.936614 0.043772
vn -0.347619 0.936614 0.043772
vn -0.347619 0.936614 0.043772
vn -0.347619 0.936614 0.043772
vn 0.322417 -0.945553 -0.044466
vn 0.322417 -0.945553 -0.044466
vn 0.322416 -0.945553 -0.044466
vn 0.322416 -0.945553 -0.044466
s off
g pCube35 polySurface147
usemtl initialShadingGroup
f 4497/8169/7005 4498/8170/7006 4500/8171/7007 4499/8172/7008
f 4499/8173/7009 4500/8174/7010 4502/8175/7011 4501/8176/7012
f 4501/8177/7013 4502/8178/7014 4504/8179/7015 4503/8180/7016
f 4503/8181/7017 4504/8182/7018 4498/8183/7019 4497/8184/7020
f 4498/8185/7021 4504/8186/7022 4502/8175/7023 4500/8174/7024
f 4503/8181/7025 4497/8184/7026 4499/8187/7027 4501/8188/7028
g default
v -24.555622 -96.582436 25.754431
v 21.707329 -130.785889 28.564396
v -23.052992 -96.040230 25.762489
v 23.205084 -130.243668 28.572334
v -23.030760 -96.087799 24.817434
v 23.227316 -130.291229 27.627283
v -24.533390 -96.630005 24.809380
v 21.729561 -130.833450 27.619341
vt 0.632541 0.649305
vt 0.574837 0.571255
vt 0.575751 0.568728
vt 0.633456 0.646770
vt 0.656611 0.646711
vt 0.651871 0.568669
vt 0.653465 0.568631
vt 0.658206 0.646673
vt 0.510184 0.646776
vt 0.567889 0.568734
vt 0.568803 0.571261
vt 0.511099 0.649311
vt 0.639489 0.649208
vt 0.644230 0.571158
vt 0.645824 0.571196
vt 0.641084 0.649246
vt 0.644243 0.568631
vt 0.645838 0.568669
vt 0.658219 0.649208
vt 0.656625 0.649246
vn -0.023489 0.050258 0.998460
vn -0.023489 0.050258 0.998460
vn -0.023489 0.050258 0.998460
vn -0.023489 0.050258 0.998460
vn 0.595363 0.803022 -0.026412
vn 0.595363 0.803023 -0.026412
vn 0.595363 0.803023 -0.026412
vn 0.595363 0.803023 -0.026412
vn 0.023489 -0.050258 -0.998460
vn 0.023489 -0.050258 -0.998460
vn 0.023489 -0.050258 -0.998460
vn 0.023489 -0.050258 -0.998460
vn -0.595323 -0.803052 0.026416
vn -0.595323 -0.803052 0.026416
vn -0.595323 -0.803052 0.026416
vn -0.595323 -0.803052 0.026416
vn 0.339624 -0.938937 0.055258
vn 0.339624 -0.938937 0.055258
vn 0.339624 -0.938937 0.055258
vn 0.339624 -0.938937 0.055258
vn -0.338637 0.939294 -0.055241
vn -0.338637 0.939294 -0.055241
vn -0.338637 0.939294 -0.055241
vn -0.338637 0.939294 -0.055241
s off
g pCube35 polySurface148
usemtl initialShadingGroup
f 4505/8189/7029 4506/8190/7030 4508/8191/7031 4507/8192/7032
f 4507/8193/7033 4508/8194/7034 4510/8195/7035 4509/8196/7036
f 4509/8197/7037 4510/8198/7038 4512/8199/7039 4511/8200/7040
f 4511/8201/7041 4512/8202/7042 4506/8203/7043 4505/8204/7044
f 4506/8203/7045 4512/8202/7046 4510/8205/7047 4508/8206/7048
f 4511/8207/7049 4505/8208/7050 4507/8193/7051 4509/8196/7052
g default
v 23.919247 -64.425941 20.697969
v 26.453234 -96.429321 -22.050234
v 23.922359 -63.916428 19.328352
v 26.459007 -95.919670 -23.545662
v 22.977285 -63.964500 19.308323
v 25.513929 -95.967743 -23.565691
v 22.974173 -64.474014 20.677938
v 25.508156 -96.477394 -22.070267
vt 0.301354 0.645709
vt 0.247361 0.573588
vt 0.248221 0.571066
vt 0.302214 0.643398
vt 0.343855 0.573360
vt 0.348135 0.645693
vt 0.346540 0.645727
vt 0.342261 0.573394
vt 0.241328 0.573376
vt 0.187335 0.645709
vt 0.186475 0.643186
vt 0.240468 0.571065
vt 0.330343 0.645693
vt 0.334618 0.573573
vt 0.336212 0.573606
vt 0.331937 0.645727
vt 0.334628 0.571050
vt 0.336222 0.571084
vt 0.342255 0.571084
vt 0.343850 0.571050
vn 0.998485 0.050789 0.021164
vn 0.998485 0.050789 0.021164
vn 0.998485 0.050789 0.021164
vn 0.998485 0.050789 0.021164
vn -0.028011 0.800254 -0.599006
vn -0.028011 0.800254 -0.599006
vn -0.028011 0.800254 -0.599006
vn -0.028011 0.800254 -0.599006
vn -0.998485 -0.050789 -0.021164
vn -0.998485 -0.050789 -0.021164
vn -0.998485 -0.050789 -0.021164
vn -0.998485 -0.050789 -0.021164
vn 0.027943 -0.799411 0.600135
vn 0.027943 -0.799411 0.600135
vn 0.027943 -0.799411 0.600135
vn 0.027943 -0.799411 0.600135
vn 0.054901 -0.945178 -0.321908
vn 0.054901 -0.945178 -0.321908
vn 0.054901 -0.945178 -0.321908
vn 0.054901 -0.945178 -0.321908
vn -0.054981 0.935868 0.348035
vn -0.054981 0.935868 0.348035
vn -0.054981 0.935868 0.348035
vn -0.054981 0.935868 0.348035
s off
g pCube35 polySurface149
usemtl initialShadingGroup
f 4513/8209/7053 4514/8210/7054 4516/8211/7055 4515/8212/7056
f 4515/8213/7057 4516/8214/7058 4518/8215/7059 4517/8216/7060
f 4517/8217/7061 4518/8218/7062 4520/8219/7063 4519/8220/7064
f 4519/8221/7065 4520/8222/7066 4514/8223/7067 4513/8224/7068
f 4514/8223/7069 4520/8222/7070 4518/8225/7071 4516/8226/7072
f 4519/8227/7073 4513/8228/7074 4515/8213/7075 4517/8216/7076
g default
v 28.041540 -144.991898 -24.683273
v 27.619770 -145.013351 -24.471048
v 27.281477 -145.030548 -24.133738
v 27.059780 -145.041824 -23.704348
v 26.976383 -145.046066 -23.224943
v 27.039444 -145.042847 -22.742451
v 27.242794 -145.032501 -22.304052
v 27.566528 -145.016037 -21.952707
v 27.978951 -144.995056 -21.722786
v 28.439701 -144.971619 -21.636833
v 28.903669 -144.948013 -21.703188
v 29.325443 -144.926559 -21.915426
v 29.663733 -144.909363 -22.252739
v 29.885429 -144.898071 -22.682131
v 29.968828 -144.893860 -23.161518
v 29.905766 -144.897049 -23.644026
v 29.702414 -144.907410 -24.082424
v 29.378685 -144.923874 -24.433767
v 28.966257 -144.944855 -24.663675
v 28.505508 -144.968292 -24.749645
v 21.917057 -28.382412 -15.582157
v 21.496948 -28.403778 -15.448680
v 21.161249 -28.420855 -15.234066
v 20.942825 -28.431963 -14.959275
v 20.863047 -28.436016 -14.651235
v 20.929733 -28.432623 -14.340075
v 21.136351 -28.422112 -14.056291
v 21.462677 -28.405508 -13.827629
v 21.876770 -28.384445 -13.676471
v 22.338091 -28.360977 -13.617640
v 22.801487 -28.337406 -13.656871
v 23.221592 -28.316038 -13.790348
v 23.557291 -28.298964 -14.004977
v 23.775721 -28.287855 -14.279752
v 23.855492 -28.283802 -14.587808
v 23.788811 -28.287195 -14.898953
v 23.582191 -28.297707 -15.182753
v 23.255863 -28.314308 -15.411399
v 22.841776 -28.335373 -15.562557
v 22.380453 -28.358839 -15.621387
v 28.472605 -144.969955 -23.193232
v 22.359272 -28.359909 -14.619521
vt 0.371580 0.198839
vt 0.370868 0.198875
vt 0.360539 0.002143
vt 0.361247 0.002107
vt 0.556023 0.002047
vt 0.556592 0.002018
vt 0.571607 0.198751
vt 0.571245 0.198779
vt 0.557316 0.001999
vt 0.572070 0.198732
vt 0.558125 0.001992
vt 0.572590 0.198725
vt 0.558939 0.001997
vt 0.573115 0.198731
vt 0.559679 0.002015
vt 0.573594 0.198748
vt 0.560272 0.002043
vt 0.573979 0.198776
vt 0.349755 0.001992
vt 0.350450 0.002027
vt 0.340156 0.198761
vt 0.339457 0.198726
vt 0.351228 0.002067
vt 0.340934 0.198801
vt 0.352011 0.002107
vt 0.341716 0.198841
vt 0.352722 0.002143
vt 0.342424 0.198877
vt 0.544816 0.001992
vt 0.545385 0.002021
vt 0.531470 0.198755
vt 0.531108 0.198726
vt 0.546109 0.002040
vt 0.531934 0.198773
vt 0.546918 0.002047
vt 0.532454 0.198780
vt 0.547732 0.002042
vt 0.532979 0.198774
vt 0.548472 0.002024
vt 0.533457 0.198757
vt 0.549065 0.001997
vt 0.533843 0.198729
vt 0.373836 0.198724
vt 0.373140 0.198759
vt 0.362807 0.002028
vt 0.363506 0.001992
vt 0.372363 0.198799
vt 0.362029 0.002067
vt 0.965326 0.874842
vt 0.966037 0.874484
vt 0.966764 0.876997
vt 0.964755 0.875411
vt 0.964381 0.876135
vt 0.964240 0.876944
vt 0.964346 0.877758
vt 0.964690 0.878497
vt 0.965236 0.879090
vt 0.965932 0.879478
vt 0.966709 0.879623
vt 0.967492 0.879511
vt 0.968203 0.879153
vt 0.968774 0.878584
vt 0.969148 0.877860
vt 0.969289 0.877051
vt 0.969182 0.876237
vt 0.968839 0.875497
vt 0.968293 0.874904
vt 0.967597 0.874517
vt 0.966820 0.874372
vt 0.897576 0.978470
vt 0.897351 0.979179
vt 0.895952 0.977724
vt 0.896989 0.979745
vt 0.896525 0.980114
vt 0.896006 0.980248
vt 0.895481 0.980136
vt 0.895002 0.979787
vt 0.894616 0.979237
vt 0.894361 0.978538
vt 0.894262 0.977760
vt 0.894328 0.976978
vt 0.894553 0.976269
vt 0.894915 0.975703
vt 0.895379 0.975334
vt 0.895899 0.975200
vt 0.896424 0.975312
vt 0.896903 0.975661
vt 0.897288 0.976211
vt 0.897543 0.976910
vt 0.897642 0.977688
vn -0.247559 0.062368 -0.966864
vn -0.506857 0.039985 -0.861103
vn -0.513350 0.039329 -0.857278
vn -0.251072 0.062108 -0.965974
vn -0.744040 0.011988 -0.668028
vn -0.751861 0.010879 -0.659232
vn -0.923675 -0.019635 -0.382673
vn -0.929484 -0.021042 -0.368263
vn -0.998306 -0.050015 -0.029720
vn -0.998603 -0.051279 -0.012740
vn -0.941712 -0.072907 0.328426
vn -0.936616 -0.073636 0.342532
vn -0.774766 -0.084859 0.626528
vn -0.767812 -0.085069 0.635002
vn -0.543625 -0.086672 0.834841
vn -0.537915 -0.086614 0.838538
vn -0.285093 -0.080919 0.955078
vn -0.282027 -0.080817 0.955997
vn -0.017602 -0.069628 0.997418
vn -0.017601 -0.069628 0.997418
vn 0.251207 -0.053639 0.966446
vn 0.248110 -0.053850 0.967234
vn 0.513846 -0.032881 0.857252
vn 0.508007 -0.033411 0.860705
vn 0.752204 -0.007187 0.658891
vn 0.744956 -0.008120 0.667065
vn 0.929524 0.022277 0.368088
vn 0.923937 0.021004 0.381968
vn 0.998590 0.051561 0.012605
vn 0.998296 0.050297 0.029585
vn 0.936246 0.074974 -0.343252
vn 0.941553 0.074133 -0.328608
vn 0.766552 0.088827 -0.636010
vn 0.774066 0.088499 -0.626889
vn 0.536130 0.093038 -0.838993
vn 0.542488 0.093037 -0.834896
vn 0.280592 0.089233 -0.955670
vn 0.284073 0.089330 -0.954632
vn 0.017114 0.078809 -0.996743
vn 0.017115 0.078809 -0.996743
vn 0.050797 -0.998709 0.000021
vn 0.050809 -0.998708 0.000005
vn 0.050801 -0.998709 0.000011
vn 0.050795 -0.998709 0.000022
vn 0.050803 -0.998709 0.000000
vn 0.050803 -0.998709 0.000000
vn 0.050800 -0.998709 0.000043
vn 0.050794 -0.998709 0.000020
vn 0.050797 -0.998709 -0.000021
vn 0.050802 -0.998709 0.000013
vn 0.050807 -0.998709 0.000023
vn 0.050809 -0.998708 0.000011
vn 0.050797 -0.998709 0.000021
vn 0.050805 -0.998709 0.000022
vn 0.050807 -0.998709 0.000021
vn 0.050793 -0.998709 -0.000000
vn 0.050805 -0.998709 0.000001
vn 0.050803 -0.998709 0.000021
vn 0.050797 -0.998709 -0.000022
vn 0.050802 -0.998709 -0.000004
vn 0.050807 -0.998709 0.000022
vn -0.050800 0.998709 -0.000009
vn -0.050802 0.998709 -0.000005
vn -0.050801 0.998709 -0.000009
vn -0.050803 0.998709 -0.000010
vn -0.050801 0.998709 -0.000016
vn -0.050800 0.998709 0.000000
vn -0.050801 0.998709 0.000010
vn -0.050802 0.998709 -0.000006
vn -0.050802 0.998709 -0.000016
vn -0.050800 0.998709 -0.000013
vn -0.050803 0.998709 -0.000009
vn -0.050801 0.998709 -0.000014
vn -0.050802 0.998709 -0.000011
vn -0.050802 0.998709 -0.000003
vn -0.050801 0.998709 -0.000010
vn -0.050800 0.998709 -0.000008
vn -0.050800 0.998709 -0.000007
vn -0.050801 0.998709 -0.000010
vn -0.050802 0.998709 -0.000003
vn -0.050801 0.998709 -0.000010
vn -0.050802 0.998709 -0.000009
s 1
g pCube35 polySurface150
usemtl initialShadingGroup
f 4521/8229/7077 4522/8230/7078 4542/8231/7079 4541/8232/7080
f 4522/8233/7078 4523/8234/7081 4543/8235/7082 4542/8236/7079
f 4523/8234/7081 4524/8237/7083 4544/8238/7084 4543/8235/7082
f 4524/8237/7083 4525/8239/7085 4545/8240/7086 4544/8238/7084
f 4525/8239/7085 4526/8241/7087 4546/8242/7088 4545/8240/7086
f 4526/8241/7087 4527/8243/7089 4547/8244/7090 4546/8242/7088
f 4527/8243/7089 4528/8245/7091 4548/8246/7092 4547/8244/7090
f 4528/8247/7091 4529/8248/7093 4549/8249/7094 4548/8250/7092
f 4529/8248/7093 4530/8251/7095 4550/8252/7096 4549/8249/7094
f 4530/8251/7095 4531/8253/7097 4551/8254/7098 4550/8252/7096
f 4531/8253/7097 4532/8255/7099 4552/8256/7100 4551/8254/7098
f 4532/8257/7099 4533/8258/7101 4553/8259/7102 4552/8260/7100
f 4533/8258/7101 4534/8261/7103 4554/8262/7104 4553/8259/7102
f 4534/8261/7103 4535/8263/7105 4555/8264/7106 4554/8262/7104
f 4535/8263/7105 4536/8265/7107 4556/8266/7108 4555/8264/7106
f 4536/8265/7107 4537/8267/7109 4557/8268/7110 4556/8266/7108
f 4537/8267/7109 4538/8269/7111 4558/8270/7112 4557/8268/7110
f 4538/8271/7111 4539/8272/7113 4559/8273/7114 4558/8274/7112
f 4539/8272/7113 4540/8275/7115 4560/8276/7116 4559/8273/7114
f 4540/8275/7115 4521/8229/7077 4541/8232/7080 4560/8276/7116
s 2
f 4522/8277/7117 4521/8278/7118 4561/8279/7119
f 4523/8280/7120 4522/8277/7117 4561/8279/7119
f 4524/8281/7121 4523/8280/7120 4561/8279/7119
f 4525/8282/7122 4524/8281/7121 4561/8279/7119
f 4526/8283/7123 4525/8282/7122 4561/8279/7119
f 4527/8284/7124 4526/8283/7123 4561/8279/7119
f 4528/8285/7125 4527/8284/7124 4561/8279/7119
f 4529/8286/7126 4528/8285/7125 4561/8279/7119
f 4530/8287/7127 4529/8286/7126 4561/8279/7119
f 4531/8288/7128 4530/8287/7127 4561/8279/7119
f 4532/8289/7129 4531/8288/7128 4561/8279/7119
f 4533/8290/7130 4532/8289/7129 4561/8279/7119
f 4534/8291/7131 4533/8290/7130 4561/8279/7119
f 4535/8292/7132 4534/8291/7131 4561/8279/7119
f 4536/8293/7133 4535/8292/7132 4561/8279/7119
f 4537/8294/7134 4536/8293/7133 4561/8279/7119
f 4538/8295/7135 4537/8294/7134 4561/8279/7119
f 4539/8296/7136 4538/8295/7135 4561/8279/7119
f 4540/8297/7137 4539/8296/7136 4561/8279/7119
f 4521/8278/7118 4540/8297/7137 4561/8279/7119
s 3
f 4541/8298/7138 4542/8299/7139 4562/8300/7140
f 4542/8299/7139 4543/8301/7141 4562/8300/7140
f 4543/8301/7141 4544/8302/7142 4562/8300/7140
f 4544/8302/7142 4545/8303/7143 4562/8300/7140
f 4545/8303/7143 4546/8304/7144 4562/8300/7140
f 4546/8304/7144 4547/8305/7145 4562/8300/7140
f 4547/8305/7145 4548/8306/7146 4562/8300/7140
f 4548/8306/7146 4549/8307/7147 4562/8300/7140
f 4549/8307/7147 4550/8308/7148 4562/8300/7140
f 4550/8308/7148 4551/8309/7149 4562/8300/7140
f 4551/8309/7149 4552/8310/7150 4562/8300/7140
f 4552/8310/7150 4553/8311/7151 4562/8300/7140
f 4553/8311/7151 4554/8312/7152 4562/8300/7140
f 4554/8312/7152 4555/8313/7153 4562/8300/7140
f 4555/8313/7153 4556/8314/7154 4562/8300/7140
f 4556/8314/7154 4557/8315/7155 4562/8300/7140
f 4557/8315/7155 4558/8316/7156 4562/8300/7140
f 4558/8316/7156 4559/8317/7157 4562/8300/7140
f 4559/8317/7157 4560/8318/7158 4562/8300/7140
f 4560/8318/7158 4541/8298/7138 4562/8300/7140
g default
v -19.627724 -64.067245 24.233685
v 14.616160 -32.017361 23.425997
v -20.766691 -63.559181 24.181314
v 13.653085 -31.509291 23.377769
v -20.744461 -63.606750 23.236263
v 13.675317 -31.556862 22.432714
v -19.605492 -64.114815 23.288630
v 14.638392 -32.064934 22.480942
vt 0.224466 0.849748
vt 0.278537 0.791975
vt 0.279395 0.793599
vt 0.225323 0.851669
vt 0.082644 0.853273
vt 0.084000 0.795204
vt 0.085594 0.795166
vt 0.084238 0.853236
vt 0.339866 0.857442
vt 0.285794 0.799372
vt 0.286652 0.797747
vt 0.340723 0.855520
vt 0.093589 0.851314
vt 0.092227 0.793541
vt 0.093821 0.793579
vt 0.095184 0.851352
vt 0.083918 0.793579
vt 0.085513 0.793541
vt 0.095095 0.853273
vt 0.093501 0.853236
vn -0.023489 0.050258 0.998460
vn -0.023489 0.050258 0.998460
vn -0.023489 0.050258 0.998460
vn -0.023489 0.050258 0.998460
vn -0.681173 0.730218 -0.052777
vn -0.681173 0.730218 -0.052777
vn -0.681173 0.730218 -0.052777
vn -0.681173 0.730218 -0.052777
vn 0.023488 -0.050257 -0.998460
vn 0.023488 -0.050257 -0.998460
vn 0.023488 -0.050257 -0.998460
vn 0.023488 -0.050257 -0.998460
vn 0.683043 -0.728472 0.052739
vn 0.683043 -0.728472 0.052739
vn 0.683043 -0.728472 0.052739
vn 0.683043 -0.728472 0.052739
vn 0.467650 0.883280 -0.033462
vn 0.467650 0.883280 -0.033462
vn 0.467650 0.883280 -0.033462
vn 0.467650 0.883280 -0.033462
vn -0.408504 -0.912034 0.036304
vn -0.408504 -0.912034 0.036304
vn -0.408504 -0.912034 0.036304
vn -0.408504 -0.912034 0.036304
s off
g pCube35 polySurface151
usemtl initialShadingGroup
f 4563/8319/7159 4564/8320/7160 4566/8321/7161 4565/8322/7162
f 4565/8323/7163 4566/8324/7164 4568/8325/7165 4567/8326/7166
f 4567/8327/7167 4568/8328/7168 4570/8329/7169 4569/8330/7170
f 4569/8331/7171 4570/8332/7172 4564/8333/7173 4563/8334/7174
f 4564/8335/7175 4570/8336/7176 4568/8325/7177 4566/8324/7178
f 4569/8331/7179 4563/8334/7180 4565/8337/7181 4567/8338/7182
g default
v 3.684703 -111.014503 -25.655973
v 3.686826 -115.372955 -25.875290
v -0.238214 -117.552193 -26.022947
v -4.165368 -115.372955 -25.951294
v -4.167491 -111.014503 -25.731977
v -0.242459 -108.835266 -25.584316
v 3.691670 -110.978287 -26.375717
v 3.693793 -115.336739 -26.595032
v -0.231247 -117.515976 -26.742695
v -4.158401 -115.336739 -26.671036
v -4.160524 -110.978287 -26.451721
v -0.235492 -108.799049 -26.304062
v -0.240336 -113.193733 -25.803633
v -0.233370 -113.157516 -26.523378
vt 0.853082 0.977016
vt 0.853452 0.969663
vt 0.854667 0.969724
vt 0.854297 0.977077
vt 0.666728 0.973438
vt 0.666478 0.980060
vt 0.665264 0.980048
vt 0.665513 0.973426
vt 0.666599 0.986686
vt 0.665385 0.986674
vt 0.861963 0.969663
vt 0.862333 0.977016
vt 0.861118 0.977077
vt 0.860748 0.969724
vt 0.673179 0.986686
vt 0.672930 0.980064
vt 0.674144 0.980052
vt 0.674393 0.986674
vt 0.673051 0.973438
vt 0.674265 0.973426
vt 0.241550 0.974098
vt 0.241547 0.981451
vt 0.234925 0.977774
vt 0.234928 0.970421
vt 0.228303 0.974098
vt 0.228299 0.981451
vt 0.234921 0.985127
vt 0.262628 0.974098
vt 0.262632 0.981451
vt 0.256006 0.977774
vt 0.256010 0.985127
vt 0.249384 0.981451
vt 0.249381 0.974098
vt 0.256003 0.970421
vn 0.999953 0.000000 0.009679
vn 0.999953 0.000000 0.009679
vn 0.999953 0.000000 0.009679
vn 0.999953 0.000000 0.009679
vn 0.486169 -0.872984 -0.039220
vn 0.486169 -0.872984 -0.039220
vn 0.486169 -0.872984 -0.039220
vn 0.486169 -0.872984 -0.039220
vn -0.485319 -0.872984 -0.048618
vn -0.485319 -0.872984 -0.048618
vn -0.485319 -0.872984 -0.048618
vn -0.485319 -0.872984 -0.048618
vn -0.999953 0.000000 -0.009679
vn -0.999953 0.000000 -0.009679
vn -0.999953 0.000000 -0.009679
vn -0.999953 0.000000 -0.009679
vn -0.486170 0.872984 0.039213
vn -0.486170 0.872984 0.039213
vn -0.486170 0.872984 0.039213
vn -0.486170 0.872984 0.039213
vn 0.485319 0.872984 0.048623
vn 0.485319 0.872984 0.048623
vn 0.485319 0.872984 0.048623
vn 0.485319 0.872984 0.048623
vn -0.009666 -0.050258 0.998689
vn -0.009666 -0.050259 0.998690
vn -0.009667 -0.050258 0.998689
vn -0.009666 -0.050258 0.998689
vn -0.009668 -0.050258 0.998690
vn -0.009668 -0.050258 0.998689
vn -0.009667 -0.050258 0.998689
vn 0.009667 0.050258 -0.998689
vn 0.009668 0.050258 -0.998689
vn 0.009667 0.050258 -0.998690
vn 0.009667 0.050259 -0.998689
vn 0.009666 0.050258 -0.998690
vn 0.009666 0.050258 -0.998689
vn 0.009667 0.050258 -0.998689
s off
g pCube35 polySurface152
usemtl initialShadingGroup
f 4571/8339/7183 4572/8340/7184 4578/8341/7185 4577/8342/7186
f 4572/8343/7187 4573/8344/7188 4579/8345/7189 4578/8346/7190
f 4573/8344/7191 4574/8347/7192 4580/8348/7193 4579/8345/7194
f 4574/8349/7195 4575/8350/7196 4581/8351/7197 4580/8352/7198
f 4575/8353/7199 4576/8354/7200 4582/8355/7201 4581/8356/7202
f 4576/8354/7203 4571/8357/7204 4577/8358/7205 4582/8355/7206
s 1
f 4572/8359/7207 4571/8360/7208 4583/8361/7209
f 4573/8362/7210 4572/8359/7207 4583/8361/7209
f 4574/8363/7211 4573/8362/7210 4583/8361/7209
f 4575/8364/7212 4574/8363/7211 4583/8361/7209
f 4576/8365/7213 4575/8364/7212 4583/8361/7209
f 4571/8360/7208 4576/8365/7213 4583/8361/7209
s 2
f 4577/8366/7214 4578/8367/7215 4584/8368/7216
f 4578/8367/7215 4579/8369/7217 4584/8368/7216
f 4579/8369/7217 4580/8370/7218 4584/8368/7216
f 4580/8370/7218 4581/8371/7219 4584/8368/7216
f 4581/8371/7219 4582/8372/7220 4584/8368/7216
f 4582/8372/7220 4577/8366/7214 4584/8368/7216
g default
v -4.609536 -111.014503 25.704098
v -4.614694 -115.372955 25.923363
v -0.692074 -117.552193 26.125332
v 3.235697 -115.372955 26.108038
v 3.240855 -111.014503 25.888773
v -0.681757 -108.835266 25.686802
v -4.626463 -110.978287 26.423676
v -4.631621 -115.336739 26.642941
v -0.709001 -117.515976 26.844913
v 3.218769 -115.336739 26.827616
v 3.223927 -110.978287 26.608351
v -0.698685 -108.799049 26.406384
v -0.686916 -113.193733 25.906067
v -0.703843 -113.157516 26.625648
vt 0.868414 0.977016
vt 0.868784 0.969663
vt 0.869998 0.969724
vt 0.869628 0.977077
vt 0.634600 0.986229
vt 0.634941 0.979611
vt 0.636155 0.979639
vt 0.635814 0.986257
vt 0.634911 0.972984
vt 0.636125 0.973013
vt 0.877294 0.963860
vt 0.877664 0.971213
vt 0.876450 0.971274
vt 0.876081 0.963921
vt 0.643480 0.972984
vt 0.643821 0.979602
vt 0.642607 0.979631
vt 0.642266 0.973013
vt 0.643792 0.986229
vt 0.642578 0.986257
vt 0.270462 0.977739
vt 0.270471 0.970386
vt 0.277089 0.974063
vt 0.277080 0.981416
vt 0.283707 0.977739
vt 0.283715 0.970386
vt 0.277098 0.966710
vt 0.291553 0.977739
vt 0.291544 0.970386
vt 0.298171 0.974063
vt 0.298162 0.966710
vt 0.304788 0.970386
vt 0.304797 0.977739
vt 0.298179 0.981416
vn -0.999723 0.000000 -0.023518
vn -0.999723 0.000000 -0.023518
vn -0.999723 0.000000 -0.023518
vn -0.999723 0.000000 -0.023518
vn -0.486665 -0.872985 0.032475
vn -0.486665 -0.872985 0.032475
vn -0.486665 -0.872985 0.032475
vn -0.486665 -0.872985 0.032475
vn 0.484600 -0.872984 0.055325
vn 0.484600 -0.872984 0.055325
vn 0.484600 -0.872984 0.055325
vn 0.484600 -0.872984 0.055325
vn 0.999723 0.000000 0.023518
vn 0.999723 0.000000 0.023518
vn 0.999723 0.000000 0.023518
vn 0.999723 0.000000 0.023518
vn 0.486665 0.872984 -0.032492
vn 0.486665 0.872984 -0.032492
vn 0.486665 0.872984 -0.032492
vn 0.486665 0.872984 -0.032492
vn -0.484600 0.872984 -0.055332
vn -0.484600 0.872984 -0.055332
vn -0.484600 0.872984 -0.055332
vn -0.484600 0.872984 -0.055332
vn 0.023488 -0.050258 -0.998460
vn 0.023488 -0.050258 -0.998460
vn 0.023488 -0.050258 -0.998460
vn 0.023488 -0.050258 -0.998460
vn 0.023488 -0.050258 -0.998460
vn 0.023489 -0.050258 -0.998460
vn 0.023488 -0.050258 -0.998460
vn -0.023489 0.050258 0.998460
vn -0.023489 0.050258 0.998460
vn -0.023488 0.050258 0.998460
vn -0.023488 0.050258 0.998460
vn -0.023488 0.050258 0.998460
vn -0.023487 0.050258 0.998460
vn -0.023488 0.050258 0.998460
s off
g pCube35 polySurface153
usemtl initialShadingGroup
f 4585/8373/7221 4586/8374/7222 4592/8375/7223 4591/8376/7224
f 4586/8377/7225 4587/8378/7226 4593/8379/7227 4592/8380/7228
f 4587/8378/7229 4588/8381/7230 4594/8382/7231 4593/8379/7232
f 4588/8383/7233 4589/8384/7234 4595/8385/7235 4594/8386/7236
f 4589/8387/7237 4590/8388/7238 4596/8389/7239 4595/8390/7240
f 4590/8388/7241 4585/8391/7242 4591/8392/7243 4596/8389/7244
s 1
f 4586/8393/7245 4585/8394/7246 4597/8395/7247
f 4587/8396/7248 4586/8393/7245 4597/8395/7247
f 4588/8397/7249 4587/8396/7248 4597/8395/7247
f 4589/8398/7250 4588/8397/7249 4597/8395/7247
f 4590/8399/7251 4589/8398/7250 4597/8395/7247
f 4585/8394/7246 4590/8399/7251 4597/8395/7247
s 2
f 4591/8400/7252 4592/8401/7253 4598/8402/7254
f 4592/8401/7253 4593/8403/7255 4598/8402/7254
f 4593/8403/7255 4594/8404/7256 4598/8402/7254
f 4594/8404/7256 4595/8405/7257 4598/8402/7254
f 4595/8405/7257 4596/8406/7258 4598/8402/7254
f 4596/8406/7258 4591/8400/7252 4598/8402/7254
g default
v -20.964010 -64.417603 24.219883
v 21.744284 -96.467484 26.837824
v -19.593870 -63.909534 24.226540
v 23.240229 -95.959412 26.847441
v -19.571638 -63.957104 23.281488
v 23.262461 -96.006981 25.902386
v -20.941778 -64.465172 23.274832
v 21.766516 -96.515053 25.892769
vt 0.056030 0.720030
vt 0.001959 0.647977
vt 0.002816 0.645453
vt 0.056887 0.717718
vt 0.056913 0.639216
vt 0.052491 0.566951
vt 0.054086 0.566913
vt 0.058507 0.639179
vt 0.063479 0.723458
vt 0.117550 0.651192
vt 0.118408 0.653716
vt 0.064336 0.725769
vt 0.040431 0.641490
vt 0.044847 0.569437
vt 0.046442 0.569475
vt 0.042025 0.641528
vt 0.044864 0.566913
vt 0.046458 0.566951
vt 0.058519 0.641490
vt 0.056924 0.641528
vn -0.023489 0.050259 0.998460
vn -0.023489 0.050259 0.998460
vn -0.023489 0.050259 0.998460
vn -0.023489 0.050259 0.998460
vn 0.599915 0.799637 -0.026139
vn 0.599915 0.799637 -0.026139
vn 0.599915 0.799637 -0.026139
vn 0.599915 0.799637 -0.026139
vn 0.023488 -0.050258 -0.998460
vn 0.023488 -0.050258 -0.998460
vn 0.023488 -0.050258 -0.998460
vn 0.023488 -0.050258 -0.998460
vn -0.601041 -0.798793 0.026069
vn -0.601041 -0.798793 0.026069
vn -0.601041 -0.798793 0.026069
vn -0.601041 -0.798793 0.026069
vn 0.320784 -0.945546 0.055142
vn 0.320783 -0.945546 0.055142
vn 0.320784 -0.945546 0.055142
vn 0.320783 -0.945546 0.055142
vn -0.346913 0.936266 -0.055286
vn -0.346913 0.936266 -0.055286
vn -0.346913 0.936266 -0.055286
vn -0.346913 0.936266 -0.055286
s off
g pCube35 polySurface154
usemtl initialShadingGroup
f 4599/8407/7259 4600/8408/7260 4602/8409/7261 4601/8410/7262
f 4601/8411/7263 4602/8412/7264 4604/8413/7265 4603/8414/7266
f 4603/8415/7267 4604/8416/7268 4606/8417/7269 4605/8418/7270
f 4605/8419/7271 4606/8420/7272 4600/8421/7273 4599/8422/7274
f 4600/8421/7275 4606/8420/7276 4604/8423/7277 4602/8424/7278
f 4605/8425/7279 4599/8426/7280 4601/8411/7281 4603/8414/7282
g default
v 23.628181 -96.582436 -25.982368
v -22.669228 -130.785889 -28.151758
v 22.125584 -96.040230 -25.969627
v -24.166952 -130.243668 -28.138968
v 22.116434 -96.087799 -25.024355
v -24.176102 -130.291229 -27.193699
v 23.619030 -96.630005 -25.037100
v -22.678377 -130.833450 -27.206488
vt 0.729820 0.568592
vt 0.787524 0.646700
vt 0.786610 0.649227
vt 0.728905 0.571127
vt 0.858510 0.398758
vt 0.862170 0.476859
vt 0.860575 0.476874
vt 0.856915 0.398774
vt 0.722872 0.571143
vt 0.665167 0.649243
vt 0.664252 0.646716
vt 0.721957 0.568608
vt 0.873669 0.396239
vt 0.870009 0.474347
vt 0.868414 0.474332
vt 0.872074 0.396223
vt 0.870031 0.476874
vt 0.868436 0.476859
vt 0.856937 0.396239
vt 0.858532 0.396223
vn 0.009668 0.050258 -0.998690
vn 0.009668 0.050258 -0.998690
vn 0.009668 0.050258 -0.998690
vn 0.009668 0.050258 -0.998690
vn -0.594941 0.803022 0.034653
vn -0.594941 0.803022 0.034653
vn -0.594941 0.803022 0.034653
vn -0.594941 0.803022 0.034653
vn -0.009667 -0.050259 0.998689
vn -0.009667 -0.050259 0.998689
vn -0.009667 -0.050259 0.998689
vn -0.009667 -0.050259 0.998690
vn 0.594900 -0.803052 -0.034664
vn 0.594900 -0.803052 -0.034664
vn 0.594900 -0.803052 -0.034664
vn 0.594900 -0.803052 -0.034664
vn -0.340356 -0.938937 -0.050552
vn -0.340356 -0.938937 -0.050552
vn -0.340356 -0.938937 -0.050552
vn -0.340356 -0.938937 -0.050552
vn 0.339369 0.939293 0.050569
vn 0.339369 0.939293 0.050569
vn 0.339369 0.939293 0.050569
vn 0.339369 0.939293 0.050569
s off
g pCube35 polySurface155
usemtl initialShadingGroup
f 4607/8427/7283 4608/8428/7284 4610/8429/7285 4609/8430/7286
f 4609/8431/7287 4610/8432/7288 4612/8433/7289 4611/8434/7290
f 4611/8435/7291 4612/8436/7292 4614/8437/7293 4613/8438/7294
f 4613/8439/7295 4614/8440/7296 4608/8441/7297 4607/8442/7298
f 4608/8441/7299 4614/8440/7300 4612/8443/7301 4610/8444/7302
f 4613/8445/7303 4607/8446/7304 4609/8431/7305 4611/8434/7306
g default
v -25.881832 -111.014503 -4.582081
v -26.101019 -115.372955 -4.589891
v -26.350428 -117.552193 -0.670002
v -26.380651 -115.372955 3.257690
v -26.161465 -111.014503 3.265501
v -25.912054 -108.835266 -0.654381
v -26.601152 -110.978287 -4.607713
v -26.820339 -115.336739 -4.615523
v -27.069750 -117.515976 -0.695633
v -27.099972 -115.336739 3.232059
v -26.880785 -110.978287 3.239869
v -26.631376 -108.799049 -0.680013
v -26.131241 -113.193733 -0.662191
v -26.850563 -113.157516 -0.687823
vt 0.885330 0.963921
vt 0.884960 0.971274
vt 0.883747 0.971213
vt 0.884116 0.963860
vt 0.617120 0.973661
vt 0.616699 0.980274
vt 0.615486 0.980231
vt 0.615907 0.973617
vt 0.616648 0.986900
vt 0.615435 0.986857
vt 0.892626 0.963860
vt 0.892996 0.971213
vt 0.891782 0.971274
vt 0.891413 0.963921
vt 0.626231 0.972984
vt 0.626652 0.979598
vt 0.625438 0.979641
vt 0.625017 0.973028
vt 0.626703 0.986224
vt 0.625489 0.986267
vt 0.325879 0.970394
vt 0.325865 0.977747
vt 0.319252 0.974070
vt 0.319265 0.966717
vt 0.312639 0.970394
vt 0.312626 0.977747
vt 0.319239 0.981423
vt 0.333721 0.977746
vt 0.333707 0.970393
vt 0.340334 0.974070
vt 0.340321 0.966717
vt 0.346947 0.970393
vt 0.346960 0.977746
vt 0.340347 0.981423
vn 0.035611 0.000000 -0.999366
vn 0.035611 0.000000 -0.999366
vn 0.035611 0.000000 -0.999366
vn 0.035611 0.000000 -0.999366
vn -0.026599 -0.872984 -0.487023
vn -0.026599 -0.872984 -0.487023
vn -0.026599 -0.872984 -0.487023
vn -0.026599 -0.872984 -0.487023
vn -0.061196 -0.872983 0.483896
vn -0.061196 -0.872983 0.483896
vn -0.061196 -0.872983 0.483896
vn -0.061196 -0.872984 0.483896
vn -0.035610 -0.000000 0.999366
vn -0.035610 -0.000000 0.999366
vn -0.035610 -0.000000 0.999366
vn -0.035610 -0.000000 0.999366
vn 0.026599 0.872985 0.487022
vn 0.026599 0.872985 0.487022
vn 0.026599 0.872985 0.487022
vn 0.026599 0.872985 0.487022
vn 0.061196 0.872984 -0.483895
vn 0.061196 0.872984 -0.483895
vn 0.061196 0.872984 -0.483895
vn 0.061196 0.872984 -0.483895
vn 0.998103 -0.050259 0.035565
vn 0.998103 -0.050258 0.035565
vn 0.998103 -0.050258 0.035565
vn 0.998103 -0.050258 0.035566
vn 0.998103 -0.050259 0.035566
vn 0.998103 -0.050259 0.035566
vn 0.998103 -0.050258 0.035565
vn -0.998103 0.050259 -0.035565
vn -0.998103 0.050259 -0.035566
vn -0.998103 0.050258 -0.035565
vn -0.998103 0.050259 -0.035565
vn -0.998103 0.050259 -0.035565
vn -0.998103 0.050258 -0.035565
vn -0.998103 0.050258 -0.035565
s off
g pCube35 polySurface156
usemtl initialShadingGroup
f 4615/8447/7307 4616/8448/7308 4622/8449/7309 4621/8450/7310
f 4616/8451/7311 4617/8452/7312 4623/8453/7313 4622/8454/7314
f 4617/8452/7315 4618/8455/7316 4624/8456/7317 4623/8453/7318
f 4618/8457/7319 4619/8458/7320 4625/8459/7321 4624/8460/7322
f 4619/8461/7323 4620/8462/7324 4626/8463/7325 4625/8464/7326
f 4620/8462/7327 4615/8465/7328 4621/8466/7329 4626/8463/7330
s 1
f 4616/8467/7331 4615/8468/7332 4627/8469/7333
f 4617/8470/7334 4616/8467/7331 4627/8469/7333
f 4618/8471/7335 4617/8470/7334 4627/8469/7333
f 4619/8472/7336 4618/8471/7335 4627/8469/7333
f 4620/8473/7337 4619/8472/7336 4627/8469/7333
f 4615/8468/7332 4620/8473/7337 4627/8469/7333
s 2
f 4621/8474/7338 4622/8475/7339 4628/8476/7340
f 4622/8475/7339 4623/8477/7341 4628/8476/7340
f 4623/8477/7341 4624/8478/7342 4628/8476/7340
f 4624/8478/7342 4625/8479/7343 4628/8476/7340
f 4625/8479/7343 4626/8480/7344 4628/8476/7340
f 4626/8480/7344 4621/8474/7338 4628/8476/7340
g default
v -27.464279 -130.785889 -23.092014
v -27.393528 -96.582436 23.256126
v -27.383682 -130.243668 -24.587635
v -27.312754 -96.040230 21.755424
v -26.438969 -130.291229 -24.553972
v -26.368038 -96.087799 21.789087
v -26.519562 -130.833450 -23.058352
v -26.448816 -96.630005 23.289789
vt 0.396952 0.562286
vt 0.454657 0.484092
vt 0.455572 0.486623
vt 0.397867 0.564809
vt 0.358639 0.566399
vt 0.358758 0.488213
vt 0.360352 0.488156
vt 0.360232 0.566342
vt 0.463028 0.484092
vt 0.520733 0.562277
vt 0.519818 0.564809
vt 0.462114 0.486615
vt 0.369798 0.486672
vt 0.369918 0.564866
vt 0.368324 0.564809
vt 0.368205 0.486615
vt 0.358622 0.485681
vt 0.360216 0.485625
vt 0.368341 0.484092
vt 0.369934 0.484148
vn -0.998103 0.050258 -0.035565
vn -0.998103 0.050258 -0.035565
vn -0.998103 0.050258 -0.035565
vn -0.998103 0.050258 -0.035565
vn 0.061553 0.803021 -0.592764
vn 0.061553 0.803021 -0.592764
vn 0.061553 0.803021 -0.592764
vn 0.061553 0.803021 -0.592764
vn 0.998103 -0.050257 0.035565
vn 0.998103 -0.050257 0.035565
vn 0.998103 -0.050257 0.035565
vn 0.998103 -0.050257 0.035565
vn -0.061553 -0.803052 0.592721
vn -0.061553 -0.803052 0.592721
vn -0.061553 -0.803053 0.592721
vn -0.061553 -0.803052 0.592721
vn 0.035137 0.939310 0.341267
vn 0.035137 0.939310 0.341267
vn 0.035137 0.939310 0.341267
vn 0.035137 0.939310 0.341267
vn -0.035073 -0.938942 -0.342284
vn -0.035073 -0.938942 -0.342284
vn -0.035073 -0.938942 -0.342284
vn -0.035073 -0.938942 -0.342284
s off
g pCube35 polySurface157
usemtl initialShadingGroup
f 4629/8481/7345 4630/8482/7346 4632/8483/7347 4631/8484/7348
f 4631/8485/7349 4632/8486/7350 4634/8487/7351 4633/8488/7352
f 4633/8489/7353 4634/8490/7354 4636/8491/7355 4635/8492/7356
f 4635/8493/7357 4636/8494/7358 4630/8495/7359 4629/8496/7360
f 4630/8497/7361 4636/8498/7362 4634/8487/7363 4632/8486/7364
f 4635/8493/7365 4629/8496/7366 4631/8499/7367 4633/8500/7368
g default
v 24.322344 -145.033691 28.405323
v 24.111101 -145.054672 27.983038
v 23.774578 -145.071335 27.643932
v 23.345705 -145.082031 27.421207
v 22.866497 -145.085724 27.336666
v 22.383860 -145.082031 27.398581
v 21.944990 -145.071335 27.600893
v 21.592892 -145.054672 27.923798
v 21.362011 -145.033691 28.335684
v 21.274984 -145.010406 28.796238
v 21.340258 -144.987137 29.260378
v 21.551516 -144.966141 29.682669
v 21.888041 -144.949478 30.021770
v 22.316912 -144.938782 30.244495
v 22.796103 -144.935104 30.329037
v 23.278757 -144.938782 30.267122
v 23.717628 -144.949478 30.064810
v 24.069725 -144.966141 29.741909
v 24.300591 -144.987137 29.330017
v 24.387634 -145.010406 28.869461
v 15.358754 -28.411274 22.324192
v 15.226256 -28.432268 21.903755
v 15.012424 -28.448931 21.567535
v 14.738143 -28.459627 21.348452
v 14.430290 -28.463312 21.267937
v 14.118976 -28.459627 21.333885
v 13.834711 -28.448931 21.539831
v 13.605290 -28.432268 21.865622
v 13.453169 -28.411274 22.279364
v 13.393264 -28.388002 22.740557
v 13.431416 -28.364729 23.204058
v 13.563914 -28.343735 23.624493
v 13.777761 -28.327074 23.960712
v 14.052028 -28.316376 24.179800
v 14.359897 -28.312691 24.260307
v 14.671195 -28.316376 24.194366
v 14.955475 -28.327074 23.988417
v 15.184880 -28.343735 23.662626
v 15.337001 -28.364729 23.248886
v 15.396906 -28.388002 22.787691
v 22.831301 -145.010406 28.832850
v 14.395093 -28.388002 22.764124
vt 0.181269 0.002074
vt 0.181982 0.002038
vt 0.192238 0.198792
vt 0.191529 0.198827
vt 0.182554 0.002010
vt 0.192806 0.198764
vt 0.182930 0.001992
vt 0.193175 0.198746
vt 0.642980 0.198764
vt 0.642171 0.198770
vt 0.627939 0.002016
vt 0.628458 0.002010
vt 0.641357 0.198764
vt 0.627413 0.002010
vt 0.640617 0.198746
vt 0.626934 0.001992
vt 0.209777 0.001992
vt 0.210322 0.002020
vt 0.200101 0.198774
vt 0.199551 0.198746
vt 0.211017 0.002056
vt 0.200799 0.198809
vt 0.211794 0.002095
vt 0.201577 0.198849
vt 0.212577 0.002134
vt 0.202359 0.198888
vt 0.213289 0.002170
vt 0.203068 0.198923
vt 0.213861 0.002198
vt 0.203636 0.198951
vt 0.214237 0.002216
vt 0.204005 0.198969
vt 0.663876 0.002010
vt 0.664684 0.002016
vt 0.650451 0.198770
vt 0.649932 0.198764
vt 0.665498 0.002010
vt 0.650977 0.198764
vt 0.666239 0.001992
vt 0.651456 0.198746
vt 0.178470 0.002216
vt 0.179015 0.002188
vt 0.189271 0.198941
vt 0.188721 0.198969
vt 0.179709 0.002152
vt 0.189969 0.198906
vt 0.180486 0.002113
vt 0.190747 0.198867
vt 0.977439 0.874838
vt 0.978151 0.874482
vt 0.978873 0.876997
vt 0.976867 0.875406
vt 0.976491 0.876129
vt 0.976348 0.876938
vt 0.976453 0.877752
vt 0.976794 0.878493
vt 0.977339 0.879087
vt 0.978034 0.879476
vt 0.978811 0.879623
vt 0.979594 0.879513
vt 0.980306 0.879156
vt 0.980878 0.878589
vt 0.981254 0.877865
vt 0.981397 0.877057
vt 0.981292 0.876242
vt 0.980951 0.875502
vt 0.980406 0.874908
vt 0.979711 0.874518
vt 0.978934 0.874372
vt 0.888164 0.978466
vt 0.887941 0.979175
vt 0.886539 0.977724
vt 0.887580 0.979743
vt 0.887117 0.980112
vt 0.886598 0.980248
vt 0.886073 0.980137
vt 0.885593 0.979789
vt 0.885206 0.979240
vt 0.884950 0.978542
vt 0.884848 0.977764
vt 0.884913 0.976982
vt 0.885136 0.976272
vt 0.885497 0.975705
vt 0.885960 0.975335
vt 0.886479 0.975200
vt 0.887004 0.975311
vt 0.887484 0.975658
vt 0.887871 0.976208
vt 0.888128 0.976906
vt 0.888229 0.977684
vn 0.967516 0.061485 -0.245219
vn 0.862348 0.039357 -0.504784
vn 0.858538 0.038710 -0.511287
vn 0.966635 0.061228 -0.248735
vn 0.669808 0.011695 -0.742442
vn 0.661030 0.010600 -0.750285
vn 0.384851 -0.019527 -0.922772
vn 0.370454 -0.020914 -0.928615
vn 0.032045 -0.049493 -0.998260
vn 0.015064 -0.050738 -0.998598
vn -0.326261 -0.072038 -0.942531
vn -0.340380 -0.072755 -0.937469
vn -0.624770 -0.083768 -0.776303
vn -0.633262 -0.083973 -0.769368
vn -0.833633 -0.085489 -0.545662
vn -0.837343 -0.085431 -0.539962
vn -0.954480 -0.079753 -0.287416
vn -0.955406 -0.079652 -0.284351
vn -0.997446 -0.068566 -0.020014
vn -0.997446 -0.068566 -0.020014
vn -0.967096 -0.052758 0.248880
vn -0.967877 -0.052967 0.245781
vn -0.858508 -0.032262 0.511784
vn -0.861947 -0.032785 0.505937
vn -0.660690 -0.006909 0.750627
vn -0.668848 -0.007829 0.743358
vn -0.370273 0.022150 0.928659
vn -0.384141 0.020895 0.923038
vn -0.014930 0.051020 0.998586
vn -0.031910 0.049774 0.998251
vn 0.341096 0.074091 0.937104
vn 0.326437 0.073263 0.942376
vn 0.634274 0.087730 0.768114
vn 0.625135 0.087407 0.775607
vn 0.837813 0.091855 0.538175
vn 0.833700 0.091855 0.544524
vn 0.955093 0.088069 0.282917
vn 0.954047 0.088164 0.286395
vn 0.996782 0.077747 0.019534
vn 0.996782 0.077747 0.019535
vn -0.001189 -0.998737 0.050229
vn -0.001190 -0.998736 0.050252
vn -0.001182 -0.998736 0.050245
vn -0.001181 -0.998736 0.050249
vn -0.001176 -0.998736 0.050250
vn -0.001182 -0.998736 0.050241
vn -0.001188 -0.998736 0.050240
vn -0.001182 -0.998736 0.050250
vn -0.001175 -0.998736 0.050251
vn -0.001174 -0.998736 0.050251
vn -0.001182 -0.998737 0.050230
vn -0.001180 -0.998737 0.050229
vn -0.001179 -0.998736 0.050250
vn -0.001181 -0.998735 0.050260
vn -0.001191 -0.998736 0.050254
vn -0.001182 -0.998737 0.050233
vn -0.001173 -0.998735 0.050261
vn -0.001182 -0.998736 0.050249
vn -0.001184 -0.998736 0.050251
vn -0.001183 -0.998737 0.050228
vn -0.001182 -0.998737 0.050229
vn 0.001182 0.998737 -0.050241
vn 0.001180 0.998736 -0.050243
vn 0.001182 0.998736 -0.050244
vn 0.001182 0.998737 -0.050240
vn 0.001185 0.998736 -0.050242
vn 0.001182 0.998736 -0.050245
vn 0.001179 0.998736 -0.050244
vn 0.001182 0.998736 -0.050245
vn 0.001184 0.998736 -0.050244
vn 0.001182 0.998736 -0.050243
vn 0.001182 0.998736 -0.050249
vn 0.001183 0.998736 -0.050245
vn 0.001184 0.998737 -0.050240
vn 0.001181 0.998736 -0.050243
vn 0.001182 0.998736 -0.050245
vn 0.001182 0.998736 -0.050243
vn 0.001182 0.998736 -0.050247
vn 0.001183 0.998736 -0.050246
vn 0.001181 0.998736 -0.050241
vn 0.001181 0.998736 -0.050245
vn 0.001182 0.998736 -0.050246
s 1
g pCube35 polySurface158
usemtl initialShadingGroup
f 4637/8501/7369 4638/8502/7370 4658/8503/7371 4657/8504/7372
f 4638/8502/7370 4639/8505/7373 4659/8506/7374 4658/8503/7371
f 4639/8505/7373 4640/8507/7375 4660/8508/7376 4659/8506/7374
f 4640/8509/7375 4641/8510/7377 4661/8511/7378 4660/8512/7376
f 4641/8510/7377 4642/8513/7379 4662/8514/7380 4661/8511/7378
f 4642/8513/7379 4643/8515/7381 4663/8516/7382 4662/8514/7380
f 4643/8517/7381 4644/8518/7383 4664/8519/7384 4663/8520/7382
f 4644/8518/7383 4645/8521/7385 4665/8522/7386 4664/8519/7384
f 4645/8521/7385 4646/8523/7387 4666/8524/7388 4665/8522/7386
f 4646/8523/7387 4647/8525/7389 4667/8526/7390 4666/8524/7388
f 4647/8525/7389 4648/8527/7391 4668/8528/7392 4667/8526/7390
f 4648/8527/7391 4649/8529/7393 4669/8530/7394 4668/8528/7392
f 4649/8529/7393 4650/8531/7395 4670/8532/7396 4669/8530/7394
f 4650/8533/7395 4651/8534/7397 4671/8535/7398 4670/8536/7396
f 4651/8534/7397 4652/8537/7399 4672/8538/7400 4671/8535/7398
f 4652/8537/7399 4653/8539/7401 4673/8540/7402 4672/8538/7400
f 4653/8541/7401 4654/8542/7403 4674/8543/7404 4673/8544/7402
f 4654/8542/7403 4655/8545/7405 4675/8546/7406 4674/8543/7404
f 4655/8545/7405 4656/8547/7407 4676/8548/7408 4675/8546/7406
f 4656/8547/7407 4637/8501/7369 4657/8504/7372 4676/8548/7408
s 2
f 4638/8549/7409 4637/8550/7410 4677/8551/7411
f 4639/8552/7412 4638/8549/7409 4677/8551/7411
f 4640/8553/7413 4639/8552/7412 4677/8551/7411
f 4641/8554/7414 4640/8553/7413 4677/8551/7411
f 4642/8555/7415 4641/8554/7414 4677/8551/7411
f 4643/8556/7416 4642/8555/7415 4677/8551/7411
f 4644/8557/7417 4643/8556/7416 4677/8551/7411
f 4645/8558/7418 4644/8557/7417 4677/8551/7411
f 4646/8559/7419 4645/8558/7418 4677/8551/7411
f 4647/8560/7420 4646/8559/7419 4677/8551/7411
f 4648/8561/7421 4647/8560/7420 4677/8551/7411
f 4649/8562/7422 4648/8561/7421 4677/8551/7411
f 4650/8563/7423 4649/8562/7422 4677/8551/7411
f 4651/8564/7424 4650/8563/7423 4677/8551/7411
f 4652/8565/7425 4651/8564/7424 4677/8551/7411
f 4653/8566/7426 4652/8565/7425 4677/8551/7411
f 4654/8567/7427 4653/8566/7426 4677/8551/7411
f 4655/8568/7428 4654/8567/7427 4677/8551/7411
f 4656/8569/7429 4655/8568/7428 4677/8551/7411
f 4637/8550/7410 4656/8569/7429 4677/8551/7411
s 3
f 4657/8570/7430 4658/8571/7431 4678/8572/7432
f 4658/8571/7431 4659/8573/7433 4678/8572/7432
f 4659/8573/7433 4660/8574/7434 4678/8572/7432
f 4660/8574/7434 4661/8575/7435 4678/8572/7432
f 4661/8575/7435 4662/8576/7436 4678/8572/7432
f 4662/8576/7436 4663/8577/7437 4678/8572/7432
f 4663/8577/7437 4664/8578/7438 4678/8572/7432
f 4664/8578/7438 4665/8579/7439 4678/8572/7432
f 4665/8579/7439 4666/8580/7440 4678/8572/7432
f 4666/8580/7440 4667/8581/7441 4678/8572/7432
f 4667/8581/7441 4668/8582/7442 4678/8572/7432
f 4668/8582/7442 4669/8583/7443 4678/8572/7432
f 4669/8583/7443 4670/8584/7444 4678/8572/7432
f 4670/8584/7444 4671/8585/7445 4678/8572/7432
f 4671/8585/7445 4672/8586/7446 4678/8572/7432
f 4672/8586/7446 4673/8587/7447 4678/8572/7432
f 4673/8587/7447 4674/8588/7448 4678/8572/7432
f 4674/8588/7448 4675/8589/7449 4678/8572/7432
f 4675/8589/7449 4676/8590/7450 4678/8572/7432
f 4676/8590/7450 4657/8570/7430 4678/8572/7432
g default
v -22.616714 -45.479912 -3.605677
v -22.832611 -49.838379 -3.705852
v -23.051466 -52.017605 -0.643343
v -23.049850 -49.838379 2.390743
v -22.826441 -45.479912 2.280053
v -22.612225 -43.300686 -0.652198
v -23.336033 -45.443691 -3.631309
v -23.551929 -49.802158 -3.731483
v -23.770790 -51.981384 -0.668975
v -23.769169 -49.802158 2.365112
v -23.545759 -45.443691 2.254421
v -23.331545 -43.264465 -0.677829
v -22.831800 -47.659149 -0.648990
v -23.551125 -47.622929 -0.674622
vt 0.119088 0.969983
vt 0.118724 0.977336
vt 0.117511 0.977275
vt 0.117875 0.969921
vt 0.118355 0.981012
vt 0.117141 0.980951
vt 0.127937 0.966245
vt 0.127940 0.969921
vt 0.126727 0.969983
vt 0.126724 0.966306
vt 0.128317 0.977275
vt 0.127104 0.977336
vt 0.128678 0.980951
vt 0.127465 0.981012
vt 0.119096 0.966306
vt 0.117882 0.966245
vt 0.365075 0.970393
vt 0.364906 0.977746
vt 0.359917 0.974070
vt 0.359908 0.966717
vt 0.354789 0.970393
vt 0.354976 0.977746
vt 0.359923 0.981423
vt 0.372207 0.978558
vt 0.372038 0.971205
vt 0.377195 0.974881
vt 0.377204 0.967528
vt 0.382323 0.971205
vt 0.382136 0.978558
vt 0.377189 0.982234
vn 0.036666 0.021147 -0.999104
vn 0.036666 0.021147 -0.999104
vn 0.036666 0.021147 -0.999104
vn 0.036666 0.021147 -0.999104
vn -0.020295 -0.813921 -0.580622
vn -0.020295 -0.813921 -0.580622
vn -0.020295 -0.813921 -0.580622
vn -0.020295 -0.813921 -0.580622
vn -0.061568 -0.810652 0.582282
vn -0.061568 -0.810652 0.582282
vn -0.061568 -0.810652 0.582282
vn -0.061568 -0.810652 0.582282
vn -0.034233 0.027127 0.999046
vn -0.034233 0.027127 0.999046
vn -0.034233 0.027127 0.999046
vn -0.034233 0.027127 0.999046
vn 0.019091 0.801801 0.597286
vn 0.019091 0.801801 0.597286
vn 0.019091 0.801801 0.597286
vn 0.019091 0.801801 0.597286
vn 0.061557 0.803100 -0.592656
vn 0.061557 0.803100 -0.592656
vn 0.061557 0.803100 -0.592656
vn 0.061557 0.803100 -0.592656
vn 0.998103 -0.050258 0.035564
vn 0.998103 -0.050259 0.035565
vn 0.998103 -0.050258 0.035565
vn 0.998103 -0.050258 0.035565
vn 0.998103 -0.050259 0.035566
vn 0.998103 -0.050258 0.035566
vn 0.998103 -0.050258 0.035565
vn -0.998103 0.050258 -0.035566
vn -0.998103 0.050258 -0.035566
vn -0.998103 0.050258 -0.035565
vn -0.998103 0.050258 -0.035565
vn -0.998103 0.050258 -0.035564
vn -0.998103 0.050258 -0.035564
vn -0.998103 0.050258 -0.035565
s off
g pCube35 polySurface159
usemtl initialShadingGroup
f 4679/8591/7451 4680/8592/7452 4686/8593/7453 4685/8594/7454
f 4680/8592/7455 4681/8595/7456 4687/8596/7457 4686/8593/7458
f 4681/8597/7459 4682/8598/7460 4688/8599/7461 4687/8600/7462
f 4682/8598/7463 4683/8601/7464 4689/8602/7465 4688/8599/7466
f 4683/8601/7467 4684/8603/7468 4690/8604/7469 4689/8602/7470
f 4684/8605/7471 4679/8591/7472 4685/8594/7473 4690/8606/7474
s 1
f 4680/8607/7475 4679/8608/7476 4691/8609/7477
f 4681/8610/7478 4680/8607/7475 4691/8609/7477
f 4682/8611/7479 4681/8610/7478 4691/8609/7477
f 4683/8612/7480 4682/8611/7479 4691/8609/7477
f 4684/8613/7481 4683/8612/7480 4691/8609/7477
f 4679/8608/7476 4684/8613/7481 4691/8609/7477
s 2
f 4685/8614/7482 4686/8615/7483 4692/8616/7484
f 4686/8615/7483 4687/8617/7485 4692/8616/7484
f 4687/8617/7485 4688/8618/7486 4692/8616/7484
f 4688/8618/7486 4689/8619/7487 4692/8616/7484
f 4689/8619/7487 4690/8620/7488 4692/8616/7484
f 4690/8620/7488 4685/8614/7482 4692/8616/7484
g default
v 25.506077 -96.477127 22.751259
v 24.776178 -64.382690 -19.835772
v 25.448618 -95.970673 24.246784
v 24.721292 -63.876102 -18.461956
v 24.503538 -96.018745 24.226755
v 23.776217 -63.924175 -18.481985
v 24.560999 -96.525200 22.731226
v 23.831104 -64.430763 -19.855803
vt 0.722759 0.725016
vt 0.776906 0.653168
vt 0.777761 0.655486
vt 0.723614 0.727539
vt 0.706416 0.653168
vt 0.705189 0.725222
vt 0.703594 0.725256
vt 0.704821 0.653202
vt 0.784942 0.653155
vt 0.839089 0.725209
vt 0.838234 0.727527
vt 0.784088 0.655678
vt 0.714408 0.725016
vt 0.713177 0.653168
vt 0.714771 0.653202
vt 0.716003 0.725050
vt 0.705281 0.727539
vt 0.703687 0.727573
vt 0.715906 0.727573
vt 0.714311 0.727540
vn 0.998485 0.050788 0.021163
vn 0.998485 0.050788 0.021163
vn 0.998485 0.050788 0.021163
vn 0.998485 0.050788 0.021163
vn -0.053310 0.797861 0.600480
vn -0.053310 0.797860 0.600480
vn -0.053310 0.797861 0.600480
vn -0.053310 0.797860 0.600480
vn -0.998485 -0.050790 -0.021164
vn -0.998485 -0.050790 -0.021164
vn -0.998485 -0.050790 -0.021164
vn -0.998485 -0.050790 -0.021164
vn 0.053294 -0.797035 -0.601577
vn 0.053294 -0.797035 -0.601577
vn 0.053294 -0.797035 -0.601577
vn 0.053294 -0.797035 -0.601577
vn -0.040303 0.936959 -0.347108
vn -0.040303 0.936959 -0.347108
vn -0.040303 0.936959 -0.347108
vn -0.040303 0.936959 -0.347108
vn 0.041291 -0.945872 0.321903
vn 0.041291 -0.945872 0.321903
vn 0.041291 -0.945872 0.321903
vn 0.041291 -0.945872 0.321903
s off
g pCube35 polySurface160
usemtl initialShadingGroup
f 4693/8621/7489 4694/8622/7490 4696/8623/7491 4695/8624/7492
f 4695/8625/7493 4696/8626/7494 4698/8627/7495 4697/8628/7496
f 4697/8629/7497 4698/8630/7498 4700/8631/7499 4699/8632/7500
f 4699/8633/7501 4700/8634/7502 4694/8635/7503 4693/8636/7504
f 4694/8637/7505 4700/8638/7506 4698/8627/7507 4696/8626/7508
f 4699/8633/7509 4693/8636/7510 4695/8639/7511 4697/8640/7512
g default
v 16.003860 -32.285709 -22.893171
v -16.241005 -32.285709 -23.205282
v 16.003328 -31.195404 -22.838308
v -16.241535 -31.195404 -23.150419
v 15.992775 -31.250269 -21.748053
v -16.252089 -31.250269 -22.060163
v 15.993307 -32.340572 -21.802917
v -16.251558 -32.340572 -22.115028
vt 0.793593 0.802554
vt 0.793593 0.856954
vt 0.791754 0.856955
vt 0.791754 0.802555
vt 0.774428 0.801296
vt 0.774955 0.855696
vt 0.773115 0.855714
vt 0.772589 0.801314
vt 0.803176 0.802555
vt 0.803176 0.856955
vt 0.801336 0.856954
vt 0.801336 0.802554
vt 0.784537 0.801314
vt 0.784011 0.855714
vt 0.782171 0.855696
vt 0.782698 0.801296
vt 0.193502 0.984950
vt 0.195342 0.984857
vt 0.195434 0.986697
vt 0.193595 0.986789
vt 0.185630 0.984857
vt 0.187469 0.984950
vt 0.187377 0.986789
vt 0.185537 0.986697
vn 0.009667 0.050258 -0.998690
vn 0.009667 0.050258 -0.998690
vn 0.009667 0.050258 -0.998690
vn 0.009667 0.050258 -0.998690
vn -0.000486 0.998736 0.050254
vn -0.000486 0.998736 0.050254
vn -0.000486 0.998736 0.050254
vn -0.000486 0.998736 0.050254
vn -0.009667 -0.050260 0.998689
vn -0.009667 -0.050260 0.998689
vn -0.009667 -0.050260 0.998689
vn -0.009667 -0.050260 0.998689
vn 0.000486 -0.998737 -0.050251
vn 0.000486 -0.998737 -0.050251
vn 0.000486 -0.998737 -0.050251
vn 0.000486 -0.998737 -0.050251
vn -0.999953 0.000002 -0.009679
vn -0.999953 0.000002 -0.009679
vn -0.999953 0.000002 -0.009679
vn -0.999953 0.000002 -0.009679
vn 0.999953 0.000001 0.009679
vn 0.999953 0.000001 0.009679
vn 0.999953 0.000001 0.009679
vn 0.999953 0.000001 0.009679
s off
g pCube35 polySurface161
usemtl initialShadingGroup
f 4701/8641/7513 4702/8642/7514 4704/8643/7515 4703/8644/7516
f 4703/8645/7517 4704/8646/7518 4706/8647/7519 4705/8648/7520
f 4705/8649/7521 4706/8650/7522 4708/8651/7523 4707/8652/7524
f 4707/8653/7525 4708/8654/7526 4702/8655/7527 4701/8656/7528
f 4702/8657/7529 4708/8658/7530 4706/8659/7531 4704/8660/7532
f 4707/8661/7533 4701/8662/7534 4703/8663/7535 4705/8664/7536
g default
v -32.425926 -145.084274 -32.836975
v -32.896431 -145.084274 -19.632830
v -32.425926 -138.623825 -32.836975
v -32.896431 -138.623825 -19.632830
v -19.716063 -138.623825 -32.384083
v -20.186565 -138.623825 -19.179939
v -19.716063 -145.084274 -32.384083
v -20.186565 -145.084274 -19.179939
vt 0.431323 0.963603
vt 0.431323 0.941326
vt 0.442223 0.941326
vt 0.442223 0.963603
vt 0.861542 0.933221
vt 0.860748 0.910944
vt 0.882191 0.910180
vt 0.882985 0.932457
vt 0.425290 0.941326
vt 0.425290 0.963603
vt 0.414391 0.963603
vt 0.414391 0.941326
vt 0.911733 0.817588
vt 0.910939 0.839864
vt 0.889496 0.839100
vt 0.890290 0.816823
vt 0.160356 0.962294
vt 0.160356 0.940851
vt 0.171255 0.940851
vt 0.171255 0.962294
vt 0.154322 0.940851
vt 0.154322 0.962293
vt 0.143423 0.962293
vt 0.143423 0.940851
vn -0.999366 0.000000 -0.035611
vn -0.999366 0.000000 -0.035611
vn -0.999366 0.000000 -0.035611
vn -0.999366 0.000000 -0.035611
vn 0.000000 1.000000 0.000000
vn 0.000000 1.000000 0.000000
vn 0.000000 1.000000 0.000000
vn 0.000000 1.000000 0.000000
vn 0.999366 0.000000 0.035610
vn 0.999366 0.000000 0.035610
vn 0.999366 0.000000 0.035610
vn 0.999366 0.000000 0.035610
vn 0.000000 -1.000000 0.000000
vn 0.000000 -1.000000 0.000000
vn 0.000000 -1.000000 0.000000
vn 0.000000 -1.000000 0.000000
vn -0.035610 0.000000 0.999366
vn -0.035610 0.000000 0.999366
vn -0.035610 0.000000 0.999366
vn -0.035610 0.000000 0.999366
vn 0.035611 0.000000 -0.999366
vn 0.035611 0.000000 -0.999366
vn 0.035611 0.000000 -0.999366
vn 0.035611 0.000000 -0.999366
s off
g pCube35 polySurface162
usemtl initialShadingGroup
f 4709/8665/7537 4710/8666/7538 4712/8667/7539 4711/8668/7540
f 4711/8669/7541 4712/8670/7542 4714/8671/7543 4713/8672/7544
f 4713/8673/7545 4714/8674/7546 4716/8675/7547 4715/8676/7548
f 4715/8677/7549 4716/8678/7550 4710/8679/7551 4709/8680/7552
f 4710/8681/7553 4716/8682/7554 4714/8683/7555 4712/8684/7556
f 4715/8685/7557 4709/8686/7558 4711/8687/7559 4713/8688/7560
g default
v -22.800449 -32.285709 -16.825438
v -23.948757 -32.285709 15.400485
v -22.745617 -31.195404 -16.823484
v -23.893925 -31.195404 15.402439
v -21.656004 -31.250269 -16.784658
v -22.804312 -31.250269 15.441265
v -21.710836 -32.340572 -16.786612
v -22.859144 -32.340572 15.439311
vt 0.849249 0.854446
vt 0.849249 0.800078
vt 0.851089 0.800075
vt 0.851089 0.854443
vt 0.713198 0.855764
vt 0.711260 0.801395
vt 0.713099 0.801330
vt 0.715036 0.855698
vt 0.860671 0.800077
vt 0.860671 0.854446
vt 0.858832 0.854443
vt 0.858832 0.800074
vt 0.726535 0.801361
vt 0.724598 0.855730
vt 0.722759 0.855664
vt 0.724697 0.801296
vt 0.177573 0.984950
vt 0.179412 0.984857
vt 0.179504 0.986697
vt 0.177666 0.986789
vt 0.171448 0.986789
vt 0.169609 0.986697
vt 0.169702 0.984857
vt 0.171540 0.984950
vn -0.998103 0.050260 -0.035565
vn -0.998103 0.050260 -0.035565
vn -0.998103 0.050260 -0.035565
vn -0.998103 0.050260 -0.035565
vn 0.050225 0.998736 0.001790
vn 0.050225 0.998736 0.001790
vn 0.050225 0.998736 0.001790
vn 0.050225 0.998736 0.001790
vn 0.998103 -0.050260 0.035566
vn 0.998103 -0.050260 0.035566
vn 0.998103 -0.050260 0.035566
vn 0.998103 -0.050260 0.035566
vn -0.050223 -0.998736 -0.001790
vn -0.050223 -0.998736 -0.001790
vn -0.050223 -0.998736 -0.001790
vn -0.050223 -0.998736 -0.001790
vn -0.035610 -0.000000 0.999366
vn -0.035610 -0.000000 0.999366
vn -0.035610 -0.000000 0.999366
vn -0.035610 -0.000000 0.999366
vn 0.035610 -0.000001 -0.999366
vn 0.035610 -0.000001 -0.999366
vn 0.035610 -0.000001 -0.999366
vn 0.035610 -0.000001 -0.999366
s off
g pCube35 polySurface164
usemtl initialShadingGroup
f 4717/8689/7561 4718/8690/7562 4720/8691/7563 4719/8692/7564
f 4719/8693/7565 4720/8694/7566 4722/8695/7567 4721/8696/7568
f 4721/8697/7569 4722/8698/7570 4724/8699/7571 4723/8700/7572
f 4723/8701/7573 4724/8702/7574 4718/8703/7575 4717/8704/7576
f 4718/8705/7577 4724/8706/7578 4722/8707/7579 4720/8708/7580
f 4723/8709/7581 4717/8710/7582 4719/8711/7583 4721/8712/7584
g default
v -3.672703 -45.479912 22.427406
v -3.770258 -49.838379 22.644499
v -0.705326 -52.017605 22.826292
v 2.328519 -49.838379 22.787970
v 2.215133 -45.479912 22.565914
v -0.719494 -43.300686 22.387188
v -3.689631 -45.443691 23.146984
v -3.787186 -49.802158 23.364075
v -0.722254 -51.981384 23.545872
v 2.311591 -49.802158 23.507545
v 2.198206 -45.443691 23.285492
v -0.736421 -43.264465 23.106766
v -0.713630 -47.659149 22.606707
v -0.730558 -47.622929 23.326288
vt 0.136374 0.977275
vt 0.136741 0.969921
vt 0.137955 0.969983
vt 0.137588 0.977336
vt 0.137047 0.966245
vt 0.138261 0.966306
vt 0.147103 0.966218
vt 0.147168 0.969895
vt 0.145954 0.969956
vt 0.145889 0.966280
vt 0.147542 0.977248
vt 0.146328 0.977309
vt 0.147844 0.980925
vt 0.146630 0.980986
vt 0.136306 0.980951
vt 0.137520 0.981012
vt 0.389286 0.978558
vt 0.389451 0.971205
vt 0.394443 0.974881
vt 0.394457 0.982234
vt 0.399575 0.978558
vt 0.399384 0.971205
vt 0.394433 0.967528
vt 0.406699 0.978557
vt 0.406535 0.971204
vt 0.411692 0.974881
vt 0.411706 0.967528
vt 0.416824 0.971204
vt 0.416633 0.978557
vt 0.411682 0.982234
vn -0.999474 0.021147 -0.024576
vn -0.999474 0.021147 -0.024576
vn -0.999474 0.021147 -0.024576
vn -0.999474 0.021147 -0.024576
vn -0.580334 -0.813920 0.027322
vn -0.580334 -0.813920 0.027322
vn -0.580334 -0.813920 0.027322
vn -0.580334 -0.813920 0.027322
vn 0.582984 -0.810652 0.054518
vn 0.582984 -0.810652 0.054518
vn 0.582984 -0.810652 0.054518
vn 0.582984 -0.810652 0.054518
vn 0.999387 0.027127 0.022144
vn 0.999387 0.027127 0.022144
vn 0.999387 0.027127 0.022144
vn 0.999387 0.027127 0.022144
vn 0.597012 0.801801 -0.026309
vn 0.597012 0.801801 -0.026309
vn 0.597012 0.801801 -0.026309
vn 0.597012 0.801801 -0.026309
vn -0.593361 0.803098 -0.054370
vn -0.593361 0.803098 -0.054370
vn -0.593361 0.803098 -0.054370
vn -0.593361 0.803098 -0.054370
vn 0.023487 -0.050259 -0.998460
vn 0.023488 -0.050258 -0.998460
vn 0.023488 -0.050258 -0.998460
vn 0.023489 -0.050259 -0.998460
vn 0.023489 -0.050259 -0.998460
vn 0.023488 -0.050258 -0.998460
vn 0.023489 -0.050257 -0.998460
vn -0.023488 0.050258 0.998460
vn -0.023489 0.050258 0.998460
vn -0.023488 0.050258 0.998460
vn -0.023488 0.050259 0.998460
vn -0.023487 0.050259 0.998460
vn -0.023488 0.050258 0.998460
vn -0.023488 0.050258 0.998460
s off
g pCube35 polySurface165
usemtl initialShadingGroup
f 4725/8713/7585 4726/8714/7586 4732/8715/7587 4731/8716/7588
f 4726/8714/7589 4727/8717/7590 4733/8718/7591 4732/8715/7592
f 4727/8719/7593 4728/8720/7594 4734/8721/7595 4733/8722/7596
f 4728/8720/7597 4729/8723/7598 4735/8724/7599 4734/8721/7600
f 4729/8723/7601 4730/8725/7602 4736/8726/7603 4735/8724/7604
f 4730/8727/7605 4725/8713/7606 4731/8716/7607 4736/8728/7608
s 1
f 4726/8729/7609 4725/8730/7610 4737/8731/7611
f 4727/8732/7612 4726/8729/7609 4737/8731/7611
f 4728/8733/7613 4727/8732/7612 4737/8731/7611
f 4729/8734/7614 4728/8733/7613 4737/8731/7611
f 4730/8735/7615 4729/8734/7614 4737/8731/7611
f 4725/8730/7610 4730/8735/7615 4737/8731/7611
s 2
f 4731/8736/7616 4732/8737/7617 4738/8738/7618
f 4732/8737/7617 4733/8739/7619 4738/8738/7618
f 4733/8739/7619 4734/8740/7620 4738/8738/7618
f 4734/8740/7620 4735/8741/7621 4738/8738/7618
f 4735/8741/7621 4736/8742/7622 4738/8738/7618
f 4736/8742/7622 4731/8736/7616 4738/8738/7618
g default
v -24.247429 -64.645470 -21.945820
v -25.764402 -64.645470 20.626360
v -24.201767 -63.555164 -21.686527
v -25.699999 -63.555164 20.359671
v -23.112152 -63.610031 -21.647701
v -24.610384 -63.610031 20.398497
v -23.157814 -64.700340 -21.906994
v -24.674788 -64.700340 20.665186
vt 0.943158 0.637195
vt 0.943158 0.565372
vt 0.944998 0.565821
vt 0.944998 0.636758
vt 0.979559 0.711302
vt 0.977031 0.640366
vt 0.978869 0.640301
vt 0.981397 0.711237
vt 0.954580 0.565809
vt 0.954580 0.636745
vt 0.952741 0.637195
vt 0.952741 0.565372
vt 0.868979 0.565438
vt 0.866420 0.637261
vt 0.864581 0.637196
vt 0.867141 0.565372
vt 0.376767 0.988106
vt 0.376675 0.986268
vt 0.378514 0.986159
vt 0.378607 0.987998
vt 0.163499 0.986782
vt 0.161661 0.986689
vt 0.161738 0.984850
vt 0.163576 0.984942
vn -0.998103 0.050259 -0.035565
vn -0.998103 0.050259 -0.035565
vn -0.998103 0.050259 -0.035565
vn -0.998103 0.050259 -0.035565
vn 0.050227 0.998736 0.001790
vn 0.050227 0.998736 0.001790
vn 0.050227 0.998736 0.001790
vn 0.050227 0.998736 0.001790
vn 0.998103 -0.050262 0.035565
vn 0.998103 -0.050262 0.035565
vn 0.998103 -0.050262 0.035565
vn 0.998103 -0.050262 0.035566
vn -0.050230 -0.998736 -0.001790
vn -0.050230 -0.998736 -0.001790
vn -0.050230 -0.998736 -0.001790
vn -0.050230 -0.998736 -0.001790
vn -0.022569 0.238792 0.970808
vn -0.022569 0.238792 0.970808
vn -0.022569 0.238792 0.970809
vn -0.022569 0.238792 0.970808
vn 0.046191 0.229284 -0.972263
vn 0.046191 0.229284 -0.972263
vn 0.046191 0.229284 -0.972263
vn 0.046191 0.229284 -0.972263
s off
g pCube35 polySurface166
usemtl initialShadingGroup
f 4739/8743/7623 4740/8744/7624 4742/8745/7625 4741/8746/7626
f 4741/8747/7627 4742/8748/7628 4744/8749/7629 4743/8750/7630
f 4743/8751/7631 4744/8752/7632 4746/8753/7633 4745/8754/7634
f 4745/8755/7635 4746/8756/7636 4740/8757/7637 4739/8758/7638
f 4740/8759/7639 4746/8760/7640 4744/8761/7641 4742/8762/7642
f 4745/8763/7643 4739/8764/7644 4741/8765/7645 4743/8766/7646
g default
v -24.199877 -64.417603 -20.917404
v -27.334291 -96.467484 21.756094
v -24.223108 -63.909534 -19.547441
v -27.362007 -95.959412 23.251814
v -23.278395 -63.957104 -19.513779
v -26.417290 -96.006981 23.285477
v -23.255163 -64.465172 -20.883741
v -26.389576 -96.515053 21.789757
vt 0.205710 0.725710
vt 0.151639 0.653716
vt 0.152496 0.651192
vt 0.206567 0.723399
vt 0.130103 0.723456
vt 0.124807 0.651249
vt 0.126401 0.651192
vt 0.131697 0.723399
vt 0.267896 0.651945
vt 0.213824 0.724152
vt 0.212967 0.721628
vt 0.267038 0.649634
vt 0.145152 0.651249
vt 0.139864 0.723244
vt 0.138270 0.723187
vt 0.143558 0.651192
vt 0.139817 0.725767
vt 0.138223 0.725710
vt 0.131736 0.725710
vt 0.130142 0.725767
vn -0.998103 0.050259 -0.035566
vn -0.998103 0.050259 -0.035566
vn -0.998103 0.050259 -0.035566
vn -0.998103 0.050259 -0.035566
vn 0.018878 0.799636 0.600188
vn 0.018878 0.799636 0.600188
vn 0.018878 0.799636 0.600188
vn 0.018878 0.799636 0.600188
vn 0.998103 -0.050257 0.035565
vn 0.998103 -0.050257 0.035565
vn 0.998103 -0.050257 0.035565
vn 0.998103 -0.050257 0.035565
vn -0.018795 -0.798793 -0.601312
vn -0.018795 -0.798793 -0.601312
vn -0.018795 -0.798793 -0.601312
vn -0.018795 -0.798793 -0.601312
vn -0.059017 -0.945546 0.320092
vn -0.059017 -0.945546 0.320092
vn -0.059017 -0.945546 0.320092
vn -0.059017 -0.945546 0.320092
vn 0.059479 0.936266 -0.346221
vn 0.059479 0.936266 -0.346221
vn 0.059479 0.936266 -0.346221
vn 0.059479 0.936266 -0.346221
s off
g pCube35 polySurface167
usemtl initialShadingGroup
f 4747/8767/7647 4748/8768/7648 4750/8769/7649 4749/8770/7650
f 4749/8771/7651 4750/8772/7652 4752/8773/7653 4751/8774/7654
f 4751/8775/7655 4752/8776/7656 4754/8777/7657 4753/8778/7658
f 4753/8779/7659 4754/8780/7660 4748/8781/7661 4747/8782/7662
f 4748/8781/7663 4754/8780/7664 4752/8783/7665 4750/8784/7666
f 4753/8785/7667 4747/8786/7668 4749/8771/7669 4751/8774/7670
g default
v 24.769724 -97.086967 -26.069389
v -25.322985 -97.086967 -26.554256
v 24.763754 -95.996658 -26.014578
v -25.317839 -95.996658 -26.499336
v 24.753201 -96.051521 -24.924324
v -25.328392 -96.051521 -25.409082
v 24.759171 -97.141830 -24.979136
v -25.333538 -97.141830 -25.464003
vt 0.186059 0.310263
vt 0.186059 0.394774
vt 0.184219 0.394766
vt 0.184219 0.310273
vt 0.205224 0.310263
vt 0.206042 0.394756
vt 0.204202 0.394774
vt 0.203384 0.310281
vt 0.195641 0.310273
vt 0.195641 0.394766
vt 0.193802 0.394774
vt 0.193802 0.310263
vt 0.100634 0.297682
vt 0.099816 0.382193
vt 0.097976 0.382175
vt 0.098794 0.297664
vt 0.153696 0.984942
vt 0.155535 0.984850
vt 0.155628 0.986689
vt 0.153788 0.986782
vt 0.145823 0.984911
vt 0.147662 0.985003
vt 0.147570 0.986843
vt 0.145731 0.986750
vn 0.009667 0.050259 -0.998689
vn 0.009667 0.050259 -0.998689
vn 0.009667 0.050259 -0.998690
vn 0.009667 0.050259 -0.998690
vn -0.000486 0.998736 0.050255
vn -0.000486 0.998736 0.050255
vn -0.000486 0.998736 0.050255
vn -0.000486 0.998736 0.050255
vn -0.009667 -0.050259 0.998689
vn -0.009667 -0.050259 0.998689
vn -0.009667 -0.050259 0.998689
vn -0.009667 -0.050259 0.998689
vn 0.000486 -0.998737 -0.050249
vn 0.000486 -0.998737 -0.050249
vn 0.000486 -0.998737 -0.050249
vn 0.000486 -0.998737 -0.050249
vn -0.999942 0.005193 -0.009418
vn -0.999942 0.005193 -0.009418
vn -0.999942 0.005193 -0.009418
vn -0.999942 0.005193 -0.009418
vn 0.999938 0.004976 0.009929
vn 0.999938 0.004976 0.009929
vn 0.999938 0.004976 0.009929
vn 0.999938 0.004976 0.009929
s off
g pCube35 polySurface168
usemtl initialShadingGroup
f 4755/8787/7671 4756/8788/7672 4758/8789/7673 4757/8790/7674
f 4757/8791/7675 4758/8792/7676 4760/8793/7677 4759/8794/7678
f 4759/8795/7679 4760/8796/7680 4762/8797/7681 4761/8798/7682
f 4761/8799/7683 4762/8800/7684 4756/8801/7685 4755/8802/7686
f 4756/8803/7687 4762/8804/7688 4760/8805/7689 4758/8806/7690
f 4761/8807/7691 4755/8808/7692 4757/8809/7693 4759/8810/7694
g default
v 22.859089 -145.033691 -27.490534
v 23.076172 -145.054672 -27.071211
v 23.417355 -145.071335 -26.736797
v 23.849255 -145.082031 -26.520027
v 24.329594 -145.085724 -26.442129
v 24.811344 -145.082031 -26.510715
v 25.247355 -145.071335 -26.719084
v 25.594952 -145.054672 -27.046831
v 25.820108 -145.033691 -27.461874
v 25.900768 -145.010406 -27.923588
v 25.829060 -144.987137 -28.386780
v 25.611979 -144.966141 -28.806107
v 25.270794 -144.949478 -29.140518
v 24.838896 -144.938782 -29.357285
v 24.358564 -144.935104 -29.435188
v 23.876806 -144.938782 -29.366596
v 23.440794 -144.949478 -29.158232
v 23.093199 -144.966141 -28.830486
v 22.868040 -144.987137 -28.415440
v 22.787380 -145.010406 -27.953724
v 14.753584 -28.411274 -21.700071
v 14.891874 -28.432268 -21.281507
v 15.110353 -28.448931 -20.948280
v 15.387632 -28.459627 -20.733011
v 15.696577 -28.463312 -20.656769
v 16.006943 -28.459627 -20.727016
v 16.288338 -28.448931 -20.936878
v 16.513226 -28.432268 -21.265814
v 16.659592 -28.411274 -21.681622
v 16.713116 -28.388002 -22.143599
v 16.668545 -28.364729 -22.606527
v 16.530254 -28.343735 -23.025089
v 16.311775 -28.327074 -23.358316
v 16.034496 -28.316376 -23.573587
v 15.725548 -28.312691 -23.649828
v 15.415186 -28.316376 -23.579582
v 15.133791 -28.327074 -23.369719
v 14.908901 -28.343735 -23.040783
v 14.762537 -28.364729 -22.624977
v 14.709005 -28.388002 -22.162998
v 24.344078 -145.010406 -27.938656
v 15.711063 -28.388002 -22.153299
vt 0.055145 0.002074
vt 0.055852 0.002038
vt 0.065620 0.198792
vt 0.064914 0.198827
vt 0.056417 0.002010
vt 0.066182 0.198764
vt 0.056782 0.001992
vt 0.066546 0.198746
vt 0.687206 0.001998
vt 0.688016 0.001992
vt 0.673451 0.198746
vt 0.672930 0.198752
vt 0.688829 0.001998
vt 0.673975 0.198752
vt 0.082819 0.001992
vt 0.083171 0.002010
vt 0.073416 0.198764
vt 0.073062 0.198746
vt 0.083724 0.002038
vt 0.073971 0.198792
vt 0.084424 0.002074
vt 0.074672 0.198827
vt 0.085203 0.002113
vt 0.075451 0.198867
vt 0.085984 0.002152
vt 0.076232 0.198906
vt 0.086692 0.002188
vt 0.076939 0.198941
vt 0.087256 0.002216
vt 0.077501 0.198969
vt 0.087622 0.002234
vt 0.077864 0.198987
vt 0.711827 0.198752
vt 0.711017 0.198746
vt 0.696452 0.001992
vt 0.696973 0.001998
vt 0.710204 0.198752
vt 0.695928 0.001998
vt 0.051980 0.002234
vt 0.052331 0.002216
vt 0.062097 0.198969
vt 0.061743 0.198987
vt 0.052884 0.002188
vt 0.062652 0.198941
vt 0.053585 0.002152
vt 0.063354 0.198906
vt 0.054364 0.002113
vt 0.064133 0.198867
vt 0.933731 0.879137
vt 0.933024 0.879503
vt 0.932268 0.876998
vt 0.934295 0.878561
vt 0.934661 0.877833
vt 0.934793 0.877022
vt 0.934677 0.876209
vt 0.934325 0.875474
vt 0.933772 0.874888
vt 0.933072 0.874508
vt 0.932293 0.874372
vt 0.931512 0.874492
vt 0.930804 0.874859
vt 0.930240 0.875434
vt 0.929874 0.876163
vt 0.929743 0.876973
vt 0.929859 0.877786
vt 0.930210 0.878522
vt 0.930763 0.879108
vt 0.931463 0.879488
vt 0.932242 0.879624
vt 0.922579 0.885309
vt 0.922812 0.884603
vt 0.924194 0.886074
vt 0.923181 0.884041
vt 0.923649 0.883678
vt 0.924170 0.883549
vt 0.924693 0.883668
vt 0.925168 0.884022
vt 0.925548 0.884577
vt 0.925794 0.885278
vt 0.925885 0.886058
vt 0.925810 0.886839
vt 0.925576 0.887545
vt 0.925208 0.888107
vt 0.924740 0.888470
vt 0.924219 0.888599
vt 0.923695 0.888480
vt 0.923220 0.888126
vt 0.922841 0.887571
vt 0.922594 0.886870
vt 0.922504 0.886090
vn -0.963492 -0.079753 0.255584
vn -0.851290 -0.085489 0.517684
vn -0.854809 -0.085431 0.511863
vn -0.964315 -0.079652 0.252491
vn -0.650199 -0.083768 0.755132
vn -0.658456 -0.083973 0.747920
vn -0.357363 -0.072038 0.931183
vn -0.371307 -0.072755 0.925655
vn -0.001109 -0.049493 0.998774
vn -0.018090 -0.050738 0.998548
vn 0.354011 -0.019526 0.935037
vn 0.339427 -0.020914 0.940400
vn 0.644799 0.011696 0.764263
vn 0.635766 0.010601 0.771809
vn 0.845114 0.039357 0.533136
vn 0.841089 0.038709 0.539509
vn 0.958842 0.061485 0.277202
vn 0.957844 0.061228 0.280687
vn 0.996881 0.077747 0.013563
vn 0.996881 0.077747 0.013562
vn 0.963956 0.088069 -0.251063
vn 0.963026 0.088164 -0.254575
vn 0.855210 0.091855 -0.510077
vn 0.851310 0.091855 -0.516559
vn 0.659420 0.087731 -0.746638
vn 0.650536 0.087407 -0.754429
vn 0.372021 0.074092 -0.925263
vn 0.357545 0.073263 -0.931018
vn 0.018227 0.051020 -0.998531
vn 0.001245 0.049774 -0.998760
vn -0.339246 0.022150 -0.940437
vn -0.353293 0.020895 -0.935279
vn -0.635413 -0.006909 -0.772142
vn -0.643807 -0.007829 -0.765148
vn -0.841053 -0.032262 -0.539991
vn -0.844684 -0.032785 -0.534261
vn -0.958300 -0.052757 -0.280852
vn -0.959183 -0.052966 -0.277781
vn -0.997561 -0.068566 -0.013104
vn -0.997561 -0.068566 -0.013105
vn 0.000494 -0.998737 -0.050249
vn 0.000494 -0.998737 -0.050251
vn 0.000486 -0.998736 -0.050256
vn 0.000486 -0.998735 -0.050282
vn 0.000481 -0.998736 -0.050269
vn 0.000487 -0.998736 -0.050259
vn 0.000492 -0.998735 -0.050272
vn 0.000487 -0.998735 -0.050271
vn 0.000479 -0.998738 -0.050229
vn 0.000479 -0.998737 -0.050251
vn 0.000487 -0.998737 -0.050250
vn 0.000485 -0.998737 -0.050249
vn 0.000484 -0.998737 -0.050251
vn 0.000486 -0.998736 -0.050260
vn 0.000495 -0.998735 -0.050273
vn 0.000486 -0.998738 -0.050230
vn 0.000477 -0.998736 -0.050261
vn 0.000487 -0.998736 -0.050271
vn 0.000489 -0.998735 -0.050272
vn 0.000488 -0.998738 -0.050228
vn 0.000487 -0.998738 -0.050229
vn -0.000486 0.998737 0.050249
vn -0.000485 0.998736 0.050256
vn -0.000486 0.998736 0.050256
vn -0.000486 0.998736 0.050257
vn -0.000489 0.998736 0.050256
vn -0.000486 0.998736 0.050258
vn -0.000483 0.998736 0.050256
vn -0.000487 0.998736 0.050254
vn -0.000489 0.998736 0.050254
vn -0.000487 0.998736 0.050257
vn -0.000486 0.998736 0.050258
vn -0.000487 0.998736 0.050258
vn -0.000488 0.998736 0.050257
vn -0.000486 0.998736 0.050259
vn -0.000487 0.998736 0.050257
vn -0.000487 0.998736 0.050253
vn -0.000486 0.998736 0.050256
vn -0.000488 0.998736 0.050256
vn -0.000485 0.998736 0.050254
vn -0.000486 0.998736 0.050257
vn -0.000486 0.998736 0.050257
s 1
g pCube35 polySurface169
usemtl initialShadingGroup
f 4763/8811/7695 4764/8812/7696 4784/8813/7697 4783/8814/7698
f 4764/8812/7696 4765/8815/7699 4785/8816/7700 4784/8813/7697
f 4765/8815/7699 4766/8817/7701 4786/8818/7702 4785/8816/7700
f 4766/8819/7701 4767/8820/7703 4787/8821/7704 4786/8822/7702
f 4767/8820/7703 4768/8823/7705 4788/8824/7706 4787/8821/7704
f 4768/8825/7705 4769/8826/7707 4789/8827/7708 4788/8828/7706
f 4769/8826/7707 4770/8829/7709 4790/8830/7710 4789/8827/7708
f 4770/8829/7709 4771/8831/7711 4791/8832/7712 4790/8830/7710
f 4771/8831/7711 4772/8833/7713 4792/8834/7714 4791/8832/7712
f 4772/8833/7713 4773/8835/7715 4793/8836/7716 4792/8834/7714
f 4773/8835/7715 4774/8837/7717 4794/8838/7718 4793/8836/7716
f 4774/8837/7717 4775/8839/7719 4795/8840/7720 4794/8838/7718
f 4775/8839/7719 4776/8841/7721 4796/8842/7722 4795/8840/7720
f 4776/8843/7721 4777/8844/7723 4797/8845/7724 4796/8846/7722
f 4777/8844/7723 4778/8847/7725 4798/8848/7726 4797/8845/7724
f 4778/8849/7725 4779/8850/7727 4799/8851/7728 4798/8852/7726
f 4779/8850/7727 4780/8853/7729 4800/8854/7730 4799/8851/7728
f 4780/8853/7729 4781/8855/7731 4801/8856/7732 4800/8854/7730
f 4781/8855/7731 4782/8857/7733 4802/8858/7734 4801/8856/7732
f 4782/8857/7733 4763/8811/7695 4783/8814/7698 4802/8858/7734
s 2
f 4764/8859/7735 4763/8860/7736 4803/8861/7737
f 4765/8862/7738 4764/8859/7735 4803/8861/7737
f 4766/8863/7739 4765/8862/7738 4803/8861/7737
f 4767/8864/7740 4766/8863/7739 4803/8861/7737
f 4768/8865/7741 4767/8864/7740 4803/8861/7737
f 4769/8866/7742 4768/8865/7741 4803/8861/7737
f 4770/8867/7743 4769/8866/7742 4803/8861/7737
f 4771/8868/7744 4770/8867/7743 4803/8861/7737
f 4772/8869/7745 4771/8868/7744 4803/8861/7737
f 4773/8870/7746 4772/8869/7745 4803/8861/7737
f 4774/8871/7747 4773/8870/7746 4803/8861/7737
f 4775/8872/7748 4774/8871/7747 4803/8861/7737
f 4776/8873/7749 4775/8872/7748 4803/8861/7737
f 4777/8874/7750 4776/8873/7749 4803/8861/7737
f 4778/8875/7751 4777/8874/7750 4803/8861/7737
f 4779/8876/7752 4778/8875/7751 4803/8861/7737
f 4780/8877/7753 4779/8876/7752 4803/8861/7737
f 4781/8878/7754 4780/8877/7753 4803/8861/7737
f 4782/8879/7755 4781/8878/7754 4803/8861/7737
f 4763/8860/7736 4782/8879/7755 4803/8861/7737
s 3
f 4783/8880/7756 4784/8881/7757 4804/8882/7758
f 4784/8881/7757 4785/8883/7759 4804/8882/7758
f 4785/8883/7759 4786/8884/7760 4804/8882/7758
f 4786/8884/7760 4787/8885/7761 4804/8882/7758
f 4787/8885/7761 4788/8886/7762 4804/8882/7758
f 4788/8886/7762 4789/8887/7763 4804/8882/7758
f 4789/8887/7763 4790/8888/7764 4804/8882/7758
f 4790/8888/7764 4791/8889/7765 4804/8882/7758
f 4791/8889/7765 4792/8890/7766 4804/8882/7758
f 4792/8890/7766 4793/8891/7767 4804/8882/7758
f 4793/8891/7767 4794/8892/7768 4804/8882/7758
f 4794/8892/7768 4795/8893/7769 4804/8882/7758
f 4795/8893/7769 4796/8894/7770 4804/8882/7758
f 4796/8894/7770 4797/8895/7771 4804/8882/7758
f 4797/8895/7771 4798/8896/7772 4804/8882/7758
f 4798/8896/7772 4799/8897/7773 4804/8882/7758
f 4799/8897/7773 4800/8898/7774 4804/8882/7758
f 4800/8898/7774 4801/8899/7775 4804/8882/7758
f 4801/8899/7775 4802/8900/7776 4804/8882/7758
f 4802/8900/7776 4783/8880/7756 4804/8882/7758
g default
v -22.740471 -32.017361 -16.088596
v -25.578306 -64.067245 18.261736
v -22.749247 -31.509291 -15.124324
v -25.593180 -63.559181 19.397181
v -21.804531 -31.556862 -15.090661
v -24.648466 -63.606750 19.430843
v -21.795753 -32.064934 -16.054934
v -24.633591 -64.114815 18.295399
vt 0.070124 0.789563
vt 0.016053 0.731610
vt 0.016910 0.729694
vt 0.070982 0.787936
vt 0.216176 0.786375
vt 0.211378 0.728134
vt 0.212972 0.728077
vt 0.217770 0.786318
vt 0.056887 0.795114
vt 0.002816 0.853356
vt 0.001959 0.851440
vt 0.056030 0.793487
vt 0.205345 0.729692
vt 0.200557 0.787645
vt 0.198963 0.787588
vt 0.203751 0.729635
vt 0.200532 0.789560
vt 0.198938 0.789503
vt 0.217785 0.787945
vt 0.216191 0.788002
vn -0.998103 0.050262 -0.035564
vn -0.998103 0.050262 -0.035564
vn -0.998103 0.050262 -0.035564
vn -0.998103 0.050262 -0.035564
vn 0.012611 0.732279 0.680888
vn 0.012611 0.732279 0.680888
vn 0.012611 0.732279 0.680888
vn 0.012611 0.732279 0.680888
vn 0.998103 -0.050261 0.035565
vn 0.998103 -0.050261 0.035565
vn 0.998103 -0.050261 0.035565
vn 0.998103 -0.050261 0.035565
vn -0.012463 -0.730596 -0.682696
vn -0.012463 -0.730596 -0.682696
vn -0.012463 -0.730596 -0.682696
vn -0.012463 -0.730596 -0.682696
vn -0.060396 -0.911414 0.407034
vn -0.060396 -0.911414 0.407034
vn -0.060396 -0.911414 0.407034
vn -0.060396 -0.911414 0.407034
vn 0.061043 0.883287 -0.464841
vn 0.061043 0.883287 -0.464841
vn 0.061043 0.883287 -0.464841
vn 0.061043 0.883287 -0.464841
s off
g pCube35 polySurface170
usemtl initialShadingGroup
f 4805/8901/7777 4806/8902/7778 4808/8903/7779 4807/8904/7780
f 4807/8905/7781 4808/8906/7782 4810/8907/7783 4809/8908/7784
f 4809/8909/7785 4810/8910/7786 4812/8911/7787 4811/8912/7788
f 4811/8913/7789 4812/8914/7790 4806/8915/7791 4805/8916/7792
f 4806/8915/7793 4812/8914/7794 4810/8917/7795 4808/8918/7796
f 4811/8919/7797 4805/8920/7798 4807/8905/7799 4809/8908/7800
g default
v 25.480194 -96.593681 24.251968
v 28.198933 -130.746780 -22.053612
v 25.484373 -96.049889 22.749897
v 28.203003 -130.202972 -23.550810
v 24.539295 -96.097961 22.729866
v 27.257929 -130.251038 -23.570839
v 24.535120 -96.641754 24.231937
v 27.253855 -130.794846 -22.073643
vt 0.915748 0.561447
vt 0.858128 0.483325
vt 0.859045 0.480799
vt 0.916665 0.558913
vt 0.831686 0.398758
vt 0.836272 0.476871
vt 0.834678 0.476905
vt 0.830091 0.398791
vt 0.852095 0.571116
vt 0.794475 0.649230
vt 0.793558 0.646704
vt 0.851177 0.568582
vt 0.843500 0.476871
vt 0.848087 0.398749
vt 0.849681 0.398783
vt 0.845094 0.476905
vt 0.848093 0.396223
vt 0.849688 0.396257
vt 0.830084 0.396257
vt 0.831679 0.396223
vn 0.998485 0.050789 0.021164
vn 0.998485 0.050789 0.021164
vn 0.998485 0.050789 0.021164
vn 0.998485 0.050789 0.021164
vn -0.028276 0.803635 -0.594451
vn -0.028276 0.803635 -0.594451
vn -0.028276 0.803635 -0.594451
vn -0.028276 0.803635 -0.594451
vn -0.998485 -0.050788 -0.021164
vn -0.998485 -0.050788 -0.021164
vn -0.998485 -0.050788 -0.021164
vn -0.998485 -0.050788 -0.021164
vn 0.028278 -0.803665 0.594409
vn 0.028278 -0.803665 0.594409
vn 0.028278 -0.803665 0.594409
vn 0.028278 -0.803665 0.594409
vn 0.054955 -0.938546 -0.340751
vn 0.054955 -0.938546 -0.340751
vn 0.054955 -0.938546 -0.340751
vn 0.054955 -0.938546 -0.340751
vn -0.054960 0.938906 0.339757
vn -0.054960 0.938906 0.339757
vn -0.054960 0.938906 0.339757
vn -0.054960 0.938906 0.339757
s off
g pCube35 polySurface171
usemtl initialShadingGroup
f 4813/8921/7801 4814/8922/7802 4816/8923/7803 4815/8924/7804
f 4815/8925/7805 4816/8926/7806 4818/8927/7807 4817/8928/7808
f 4817/8929/7809 4818/8930/7810 4820/8931/7811 4819/8932/7812
f 4819/8933/7813 4820/8934/7814 4814/8935/7815 4813/8936/7816
f 4814/8935/7817 4820/8934/7818 4818/8937/7819 4816/8938/7820
f 4819/8939/7821 4813/8940/7822 4815/8925/7823 4817/8928/7824
g default
v 25.554413 -97.099380 25.393902
v 26.613245 -97.045937 -24.689932
v 25.499067 -96.009094 25.388454
v 26.557665 -95.955666 -24.684267
v 24.409037 -96.064537 25.365351
v 25.467634 -96.011108 -24.707371
v 24.464380 -97.154823 25.370798
v 25.523212 -97.101379 -24.713036
vt 0.224466 0.394741
vt 0.224556 0.310245
vt 0.226396 0.310255
vt 0.226305 0.394732
vt 0.155394 0.310263
vt 0.157180 0.394741
vt 0.155341 0.394780
vt 0.153555 0.310302
vt 0.235888 0.310254
vt 0.235978 0.394732
vt 0.234139 0.394741
vt 0.234049 0.310245
vt 0.044314 0.389028
vt 0.046100 0.304532
vt 0.047939 0.304571
vt 0.046153 0.389067
vt 0.322858 0.987188
vt 0.321019 0.987281
vt 0.320925 0.985442
vt 0.322764 0.985348
vt 0.313053 0.985348
vt 0.314892 0.985442
vt 0.314798 0.987281
vt 0.312959 0.987188
vn 0.998485 0.050788 0.021164
vn 0.998485 0.050788 0.021164
vn 0.998485 0.050788 0.021164
vn 0.998485 0.050788 0.021164
vn -0.050798 0.998709 -0.000008
vn -0.050798 0.998709 -0.000008
vn -0.050798 0.998709 -0.000008
vn -0.050798 0.998709 -0.000008
vn -0.998485 -0.050790 -0.021163
vn -0.998485 -0.050790 -0.021163
vn -0.998485 -0.050790 -0.021163
vn -0.998485 -0.050790 -0.021163
vn 0.050798 -0.998709 0.000008
vn 0.050798 -0.998709 0.000008
vn 0.050798 -0.998709 0.000008
vn 0.050798 -0.998709 0.000008
vn 0.020871 0.006259 -0.999763
vn 0.020871 0.006259 -0.999763
vn 0.020871 0.006259 -0.999763
vn 0.020871 0.006259 -0.999763
vn -0.021389 0.003909 0.999764
vn -0.021389 0.003909 0.999764
vn -0.021389 0.003909 0.999764
vn -0.021389 0.003909 0.999764
s off
g pCube35 polySurface172
usemtl initialShadingGroup
f 4821/8941/7825 4822/8942/7826 4824/8943/7827 4823/8944/7828
f 4823/8945/7829 4824/8946/7830 4826/8947/7831 4825/8948/7832
f 4825/8949/7833 4826/8950/7834 4828/8951/7835 4827/8952/7836
f 4827/8953/7837 4828/8954/7838 4822/8955/7839 4821/8956/7840
f 4822/8957/7841 4828/8958/7842 4826/8959/7843 4824/8960/7844
f 4827/8961/7845 4821/8962/7846 4823/8963/7847 4825/8964/7848
g default
v 3.571792 -77.367043 -23.963789
v 3.623008 -81.725510 -24.182631
v -0.250444 -83.904747 -24.329788
v -4.120312 -81.725510 -24.257580
v -4.059167 -77.367058 -24.037651
v -0.243605 -75.187828 -23.891050
v 3.578759 -77.330826 -24.683531
v 3.629974 -81.689293 -24.902372
v -0.243477 -83.868530 -25.049534
v -4.113346 -81.689293 -24.977322
v -4.052201 -77.330841 -24.757393
v -0.236638 -75.151611 -24.610796
v -0.248791 -79.546280 -24.110435
v -0.241824 -79.510063 -24.830183
vt 0.899079 0.971214
vt 0.899448 0.963860
vt 0.900662 0.963921
vt 0.900293 0.971275
vt 0.706973 0.971975
vt 0.706725 0.978510
vt 0.705511 0.978498
vt 0.705759 0.971964
vt 0.706847 0.985039
vt 0.705633 0.985027
vt 0.907959 0.871397
vt 0.908330 0.878750
vt 0.907116 0.878811
vt 0.906745 0.871458
vt 0.738339 0.984385
vt 0.738092 0.977948
vt 0.739306 0.977936
vt 0.739553 0.984374
vt 0.738214 0.971511
vt 0.739429 0.971499
vt 0.436847 0.971204
vt 0.436761 0.978557
vt 0.430315 0.974881
vt 0.430312 0.967528
vt 0.423783 0.971204
vt 0.423887 0.978557
vt 0.430324 0.982234
vt 0.455926 0.974836
vt 0.456012 0.982189
vt 0.449480 0.978513
vt 0.449477 0.985866
vt 0.442949 0.982189
vt 0.443052 0.974836
vt 0.449489 0.971160
vn 0.999884 0.011235 0.010244
vn 0.999884 0.011235 0.010244
vn 0.999884 0.011235 0.010244
vn 0.999884 0.011235 0.010244
vn 0.491085 -0.870237 -0.039026
vn 0.491085 -0.870237 -0.039026
vn 0.491085 -0.870237 -0.039026
vn 0.491085 -0.870237 -0.039026
vn -0.490788 -0.869928 -0.048515
vn -0.490788 -0.869927 -0.048515
vn -0.490788 -0.869928 -0.048515
vn -0.490788 -0.869927 -0.048515
vn -0.999855 0.014479 -0.008950
vn -0.999855 0.014479 -0.008950
vn -0.999855 0.014479 -0.008950
vn -0.999855 0.014479 -0.008950
vn -0.496701 0.867053 0.038831
vn -0.496701 0.867053 0.038831
vn -0.496701 0.867053 0.038831
vn -0.496701 0.867053 0.038831
vn 0.496080 0.866926 0.048419
vn 0.496080 0.866926 0.048419
vn 0.496080 0.866926 0.048419
vn 0.496080 0.866926 0.048419
vn -0.009666 -0.050258 0.998690
vn -0.009666 -0.050258 0.998690
vn -0.009667 -0.050258 0.998689
vn -0.009666 -0.050259 0.998690
vn -0.009667 -0.050258 0.998690
vn -0.009667 -0.050258 0.998689
vn -0.009667 -0.050258 0.998689
vn 0.009668 0.050259 -0.998689
vn 0.009667 0.050258 -0.998690
vn 0.009666 0.050258 -0.998689
vn 0.009666 0.050258 -0.998690
vn 0.009666 0.050258 -0.998690
vn 0.009665 0.050258 -0.998690
vn 0.009667 0.050258 -0.998689
s off
g pCube35 polySurface173
usemtl initialShadingGroup
f 4829/8965/7849 4830/8966/7850 4836/8967/7851 4835/8968/7852
f 4830/8969/7853 4831/8970/7854 4837/8971/7855 4836/8972/7856
f 4831/8970/7857 4832/8973/7858 4838/8974/7859 4837/8971/7860
f 4832/8975/7861 4833/8976/7862 4839/8977/7863 4838/8978/7864
f 4833/8979/7865 4834/8980/7866 4840/8981/7867 4839/8982/7868
f 4834/8980/7869 4829/8983/7870 4835/8984/7871 4840/8981/7872
s 1
f 4830/8985/7873 4829/8986/7874 4841/8987/7875
f 4831/8988/7876 4830/8985/7873 4841/8987/7875
f 4832/8989/7877 4831/8988/7876 4841/8987/7875
f 4833/8990/7878 4832/8989/7877 4841/8987/7875
f 4834/8991/7879 4833/8990/7878 4841/8987/7875
f 4829/8986/7874 4834/8991/7879 4841/8987/7875
s 2
f 4835/8992/7880 4836/8993/7881 4842/8994/7882
f 4836/8993/7881 4837/8995/7883 4842/8994/7882
f 4837/8995/7883 4838/8996/7884 4842/8994/7882
f 4838/8996/7884 4839/8997/7885 4842/8994/7882
f 4839/8997/7885 4840/8998/7886 4842/8994/7882
f 4840/8998/7886 4835/8992/7880 4842/8994/7882
g default
v 27.023964 -145.043259 23.449078
v 26.602192 -145.064713 23.661318
v 26.263901 -145.081909 23.998631
v 26.042204 -145.093185 24.428005
v 25.958807 -145.097427 24.907415
v 26.021868 -145.094208 25.389925
v 26.225218 -145.083862 25.828306
v 26.548952 -145.067398 26.179651
v 26.961374 -145.046417 26.409573
v 27.422123 -145.022980 26.495541
v 27.886093 -144.999374 26.429171
v 28.307867 -144.977921 26.216932
v 28.646156 -144.960724 25.879620
v 28.867853 -144.949432 25.450247
v 28.951252 -144.945221 24.970840
v 28.888189 -144.948410 24.488325
v 28.684837 -144.958771 24.049944
v 28.361109 -144.975235 23.698599
v 27.948681 -144.996216 23.468676
v 27.487932 -145.019653 23.382706
v 21.262039 -28.415474 15.400831
v 20.841930 -28.436840 15.534292
v 20.506231 -28.453917 15.748921
v 20.287807 -28.465023 16.023706
v 20.208029 -28.469078 16.331753
v 20.274717 -28.465685 16.642906
v 20.481333 -28.455173 16.926699
v 20.807659 -28.438570 17.155359
v 21.221752 -28.417507 17.306501
v 21.683073 -28.394039 17.365341
v 22.146469 -28.370468 17.326101
v 22.566574 -28.349100 17.192640
v 22.902273 -28.332026 16.978010
v 23.120703 -28.320917 16.703228
v 23.200474 -28.316864 16.395178
v 23.133793 -28.320255 16.084028
v 22.927174 -28.330769 15.800235
v 22.600845 -28.347370 15.571573
v 22.186758 -28.368435 15.420431
v 21.725435 -28.391901 15.361585
v 27.455029 -145.021317 24.939127
v 21.704254 -28.392971 16.363466
vt 0.250228 0.198870
vt 0.249516 0.198906
vt 0.239798 0.002143
vt 0.240507 0.002107
vt 0.420246 0.002047
vt 0.420815 0.002018
vt 0.406897 0.198781
vt 0.406535 0.198810
vt 0.421539 0.001999
vt 0.407361 0.198763
vt 0.422348 0.001992
vt 0.407880 0.198756
vt 0.423162 0.001997
vt 0.408405 0.198762
vt 0.423902 0.002015
vt 0.408884 0.198779
vt 0.424495 0.002043
vt 0.409270 0.198807
vt 0.230319 0.001992
vt 0.231015 0.002027
vt 0.221332 0.198792
vt 0.220633 0.198757
vt 0.231792 0.002067
vt 0.222110 0.198832
vt 0.232575 0.002107
vt 0.222892 0.198872
vt 0.233287 0.002143
vt 0.223600 0.198908
vt 0.381620 0.001992
vt 0.382189 0.002021
vt 0.397207 0.198785
vt 0.396845 0.198757
vt 0.382914 0.002040
vt 0.397671 0.198804
vt 0.383722 0.002047
vt 0.398190 0.198811
vt 0.384537 0.002042
vt 0.398715 0.198805
vt 0.385276 0.002024
vt 0.399194 0.198788
vt 0.385869 0.001997
vt 0.399580 0.198760
vt 0.252484 0.198755
vt 0.251788 0.198790
vt 0.242067 0.002028
vt 0.242766 0.001992
vt 0.251011 0.198830
vt 0.241289 0.002067
vt 0.966352 0.884018
vt 0.967064 0.883660
vt 0.967791 0.886174
vt 0.965781 0.884587
vt 0.965407 0.885312
vt 0.965267 0.886120
vt 0.965373 0.886935
vt 0.965716 0.887674
vt 0.966262 0.888267
vt 0.966958 0.888655
vt 0.967735 0.888800
vt 0.968518 0.888688
vt 0.969230 0.888330
vt 0.969800 0.887761
vt 0.970174 0.887036
vt 0.970315 0.886228
vt 0.970209 0.885413
vt 0.969866 0.884674
vt 0.969319 0.884081
vt 0.968624 0.883693
vt 0.967846 0.883548
vt 0.878749 0.978470
vt 0.878524 0.979179
vt 0.877125 0.977724
vt 0.878162 0.979745
vt 0.877698 0.980114
vt 0.877178 0.980248
vt 0.876653 0.980136
vt 0.876175 0.979787
vt 0.875789 0.979236
vt 0.875534 0.978538
vt 0.875435 0.977760
vt 0.875501 0.976978
vt 0.875726 0.976269
vt 0.876088 0.975703
vt 0.876552 0.975334
vt 0.877071 0.975200
vt 0.877596 0.975312
vt 0.878075 0.975661
vt 0.878461 0.976211
vt 0.878716 0.976910
vt 0.878815 0.977688
vn -0.244480 -0.078869 -0.966442
vn -0.507849 -0.084866 -0.857256
vn -0.501987 -0.084801 -0.860708
vn -0.241377 -0.078765 -0.967230
vn -0.747590 -0.083488 -0.658892
vn -0.740284 -0.083680 -0.667066
vn -0.926987 -0.072164 -0.368087
vn -0.921300 -0.072864 -0.381966
vn -0.998668 -0.050034 -0.012605
vn -0.998247 -0.051261 -0.029585
vn -0.939021 -0.020410 0.343254
vn -0.944215 -0.021785 0.328609
vn -0.771609 0.010596 0.636009
vn -0.779051 0.009507 0.626889
vn -0.542804 0.038170 0.838991
vn -0.549131 0.037524 0.834894
vn -0.288202 0.060316 0.955668
vn -0.291675 0.060059 0.954630
vn -0.025028 0.076682 0.996741
vn -0.025028 0.076682 0.996742
vn 0.239952 0.087182 0.966862
vn 0.243474 0.087280 0.965972
vn 0.500195 0.091224 0.861094
vn 0.506720 0.091231 0.857270
vn 0.738981 0.087435 0.668029
vn 0.746874 0.087126 0.659233
vn 0.920897 0.074199 0.382678
vn 0.926818 0.073389 0.368268
vn 0.998229 0.051543 0.029718
vn 0.998652 0.050315 0.012739
vn 0.944250 0.023020 -0.328425
vn 0.939254 0.021778 -0.342532
vn 0.779374 -0.005816 -0.626531
vn 0.772478 -0.006731 -0.635006
vn 0.549614 -0.031076 -0.834841
vn 0.543926 -0.031598 -0.838538
vn 0.291847 -0.051587 -0.955073
vn 0.288786 -0.051797 -0.955992
vn 0.024576 -0.067500 -0.997417
vn 0.024577 -0.067500 -0.997417
vn 0.050797 -0.998709 0.000031
vn 0.050809 -0.998708 0.000021
vn 0.050801 -0.998709 0.000003
vn 0.050795 -0.998709 0.000001
vn 0.050803 -0.998709 -0.000021
vn 0.050803 -0.998709 -0.000021
vn 0.050800 -0.998709 0.000022
vn 0.050794 -0.998709 0.000020
vn 0.050797 -0.998709 -0.000021
vn 0.050802 -0.998709 0.000005
vn 0.050807 -0.998709 0.000010
vn 0.050809 -0.998708 0.000016
vn 0.050797 -0.998709 0.000011
vn 0.050805 -0.998709 -0.000021
vn 0.050807 -0.998708 0.000020
vn 0.050793 -0.998709 -0.000000
vn 0.050805 -0.998709 -0.000020
vn 0.050804 -0.998709 -0.000001
vn 0.050798 -0.998709 -0.000010
vn 0.050802 -0.998709 0.000011
vn 0.050807 -0.998708 0.000011
vn -0.050800 0.998709 -0.000011
vn -0.050802 0.998709 -0.000010
vn -0.050801 0.998709 -0.000008
vn -0.050801 0.998709 -0.000003
vn -0.050800 0.998709 -0.000010
vn -0.050800 0.998709 0.000000
vn -0.050800 0.998709 0.000003
vn -0.050803 0.998709 -0.000016
vn -0.050802 0.998709 -0.000013
vn -0.050800 0.998709 -0.000008
vn -0.050803 0.998709 -0.000010
vn -0.050801 0.998709 -0.000012
vn -0.050801 0.998709 -0.000010
vn -0.050801 0.998709 -0.000013
vn -0.050801 0.998709 -0.000016
vn -0.050801 0.998709 -0.000000
vn -0.050802 0.998709 0.000003
vn -0.050803 0.998709 -0.000010
vn -0.050802 0.998709 -0.000003
vn -0.050801 0.998709 -0.000008
vn -0.050803 0.998709 -0.000008
s 1
g pCube35 polySurface174
usemtl initialShadingGroup
f 4843/8999/7887 4844/9000/7888 4864/9001/7889 4863/9002/7890
f 4844/9003/7888 4845/9004/7891 4865/9005/7892 4864/9006/7889
f 4845/9004/7891 4846/9007/7893 4866/9008/7894 4865/9005/7892
f 4846/9007/7893 4847/9009/7895 4867/9010/7896 4866/9008/7894
f 4847/9009/7895 4848/9011/7897 4868/9012/7898 4867/9010/7896
f 4848/9011/7897 4849/9013/7899 4869/9014/7900 4868/9012/7898
f 4849/9013/7899 4850/9015/7901 4870/9016/7902 4869/9014/7900
f 4850/9017/7901 4851/9018/7903 4871/9019/7904 4870/9020/7902
f 4851/9018/7903 4852/9021/7905 4872/9022/7906 4871/9019/7904
f 4852/9021/7905 4853/9023/7907 4873/9024/7908 4872/9022/7906
f 4853/9023/7907 4854/9025/7909 4874/9026/7910 4873/9024/7908
f 4854/9027/7909 4855/9028/7911 4875/9029/7912 4874/9030/7910
f 4855/9028/7911 4856/9031/7913 4876/9032/7914 4875/9029/7912
f 4856/9031/7913 4857/9033/7915 4877/9034/7916 4876/9032/7914
f 4857/9033/7915 4858/9035/7917 4878/9036/7918 4877/9034/7916
f 4858/9035/7917 4859/9037/7919 4879/9038/7920 4878/9036/7918
f 4859/9037/7919 4860/9039/7921 4880/9040/7922 4879/9038/7920
f 4860/9041/7921 4861/9042/7923 4881/9043/7924 4880/9044/7922
f 4861/9042/7923 4862/9045/7925 4882/9046/7926 4881/9043/7924
f 4862/9045/7925 4843/8999/7887 4863/9002/7890 4882/9046/7926
s 2
f 4844/9047/7927 4843/9048/7928 4883/9049/7929
f 4845/9050/7930 4844/9047/7927 4883/9049/7929
f 4846/9051/7931 4845/9050/7930 4883/9049/7929
f 4847/9052/7932 4846/9051/7931 4883/9049/7929
f 4848/9053/7933 4847/9052/7932 4883/9049/7929
f 4849/9054/7934 4848/9053/7933 4883/9049/7929
f 4850/9055/7935 4849/9054/7934 4883/9049/7929
f 4851/9056/7936 4850/9055/7935 4883/9049/7929
f 4852/9057/7937 4851/9056/7936 4883/9049/7929
f 4853/9058/7938 4852/9057/7937 4883/9049/7929
f 4854/9059/7939 4853/9058/7938 4883/9049/7929
f 4855/9060/7940 4854/9059/7939 4883/9049/7929
f 4856/9061/7941 4855/9060/7940 4883/9049/7929
f 4857/9062/7942 4856/9061/7941 4883/9049/7929
f 4858/9063/7943 4857/9062/7942 4883/9049/7929
f 4859/9064/7944 4858/9063/7943 4883/9049/7929
f 4860/9065/7945 4859/9064/7944 4883/9049/7929
f 4861/9066/7946 4860/9065/7945 4883/9049/7929
f 4862/9067/7947 4861/9066/7946 4883/9049/7929
f 4843/9048/7928 4862/9067/7947 4883/9049/7929
s 3
f 4863/9068/7948 4864/9069/7949 4884/9070/7950
f 4864/9069/7949 4865/9071/7951 4884/9070/7950
f 4865/9071/7951 4866/9072/7952 4884/9070/7950
f 4866/9072/7952 4867/9073/7953 4884/9070/7950
f 4867/9073/7953 4868/9074/7954 4884/9070/7950
f 4868/9074/7954 4869/9075/7955 4884/9070/7950
f 4869/9075/7955 4870/9076/7956 4884/9070/7950
f 4870/9076/7956 4871/9077/7957 4884/9070/7950
f 4871/9077/7957 4872/9078/7958 4884/9070/7950
f 4872/9078/7958 4873/9079/7959 4884/9070/7950
f 4873/9079/7959 4874/9080/7960 4884/9070/7950
f 4874/9080/7960 4875/9081/7961 4884/9070/7950
f 4875/9081/7961 4876/9082/7962 4884/9070/7950
f 4876/9082/7962 4877/9083/7963 4884/9070/7950
f 4877/9083/7963 4878/9084/7964 4884/9070/7950
f 4878/9084/7964 4879/9085/7965 4884/9070/7950
f 4879/9085/7965 4880/9086/7966 4884/9070/7950
f 4880/9086/7966 4881/9087/7967 4884/9070/7950
f 4881/9087/7967 4882/9088/7968 4884/9070/7950
f 4882/9088/7968 4863/9068/7948 4884/9070/7950
g default
v -24.229843 -64.067245 -19.581381
v -23.836483 -32.017361 14.669767
v -24.163698 -63.559181 -20.719631
v -23.776606 -31.509291 13.707346
v -23.218985 -63.606750 -20.685968
v -22.831890 -31.556862 13.741009
v -23.285128 -64.114815 -19.547718
v -22.891766 -32.064934 14.703430
vt 0.101809 0.851326
vt 0.155881 0.793541
vt 0.156738 0.795165
vt 0.102666 0.853247
vt 0.063479 0.853250
vt 0.064132 0.795168
vt 0.065726 0.795111
vt 0.065073 0.853193
vt 0.163995 0.793539
vt 0.218066 0.851621
vt 0.217209 0.853244
vt 0.163138 0.795459
vt 0.074655 0.795518
vt 0.075319 0.853303
vt 0.073725 0.853247
vt 0.073062 0.795462
vt 0.064031 0.793544
vt 0.065625 0.793487
vt 0.073173 0.793541
vt 0.074767 0.793598
vn -0.998103 0.050259 -0.035566
vn -0.998103 0.050259 -0.035566
vn -0.998103 0.050259 -0.035566
vn -0.998103 0.050259 -0.035566
vn 0.061017 0.730218 -0.680484
vn 0.061017 0.730218 -0.680484
vn 0.061017 0.730218 -0.680484
vn 0.061017 0.730218 -0.680484
vn 0.998103 -0.050259 0.035565
vn 0.998103 -0.050259 0.035565
vn 0.998103 -0.050259 0.035565
vn 0.998103 -0.050259 0.035565
vn -0.060996 -0.728472 0.682355
vn -0.060996 -0.728472 0.682355
vn -0.060996 -0.728472 0.682355
vn -0.060996 -0.728472 0.682355
vn 0.027802 0.883282 0.468017
vn 0.027802 0.883282 0.468017
vn 0.027802 0.883282 0.468017
vn 0.027802 0.883282 0.468017
vn -0.031354 -0.912032 -0.408918
vn -0.031354 -0.912032 -0.408918
vn -0.031354 -0.912032 -0.408918
vn -0.031354 -0.912032 -0.408918
s off
g pCube35 polySurface175
usemtl initialShadingGroup
f 4885/9089/7969 4886/9090/7970 4888/9091/7971 4887/9092/7972
f 4887/9093/7973 4888/9094/7974 4890/9095/7975 4889/9096/7976
f 4889/9097/7977 4890/9098/7978 4892/9099/7979 4891/9100/7980
f 4891/9101/7981 4892/9102/7982 4886/9103/7983 4885/9104/7984
f 4886/9105/7985 4892/9106/7986 4890/9095/7987 4888/9094/7988
f 4891/9101/7989 4885/9104/7990 4887/9107/7991 4889/9108/7992
g default
v -25.281790 -145.033691 -27.956509
v -25.064724 -145.054672 -27.537186
v -24.723539 -145.071335 -27.202770
v -24.291626 -145.082031 -26.986002
v -23.811295 -145.085724 -26.908104
v -23.329559 -145.082031 -26.976690
v -22.893532 -145.071335 -27.185057
v -22.545937 -145.054672 -27.512806
v -22.320778 -145.033691 -27.927847
v -22.240135 -145.010406 -28.389563
v -22.311827 -144.987137 -28.852753
v -22.528910 -144.966141 -29.272081
v -22.870092 -144.949478 -29.606491
v -23.302008 -144.938782 -29.823259
v -23.782324 -144.935104 -29.901163
v -24.264074 -144.938782 -29.832571
v -24.700100 -144.949478 -29.624205
v -25.047697 -144.966141 -29.296461
v -25.272839 -144.987137 -28.881414
v -25.353500 -145.010406 -28.419699
v -16.234894 -28.411274 -22.000021
v -16.096588 -28.432268 -21.581455
v -15.878124 -28.448931 -21.248228
v -15.600838 -28.459627 -21.032961
v -15.291899 -28.463312 -20.956717
v -14.981527 -28.459627 -21.026966
v -14.700140 -28.448931 -21.236826
v -14.475250 -28.432268 -21.565762
v -14.328871 -28.411274 -21.981571
v -14.275354 -28.388002 -22.443548
v -14.319918 -28.364729 -22.906477
v -14.458223 -28.343735 -23.325037
v -14.676702 -28.327074 -23.658264
v -14.953974 -28.316376 -23.873537
v -15.262928 -28.312691 -23.949776
v -15.573284 -28.316376 -23.879532
v -15.854687 -28.327074 -23.669666
v -16.079561 -28.343735 -23.340731
v -16.225941 -28.364729 -22.924927
v -16.279457 -28.388002 -22.462948
v -23.796810 -145.010406 -28.404631
v -15.277412 -28.388002 -22.453247
vt 0.097308 0.002074
vt 0.098016 0.002038
vt 0.108064 0.198792
vt 0.107357 0.198827
vt 0.098580 0.002010
vt 0.108626 0.198764
vt 0.098946 0.001992
vt 0.108989 0.198746
vt 0.718926 0.001998
vt 0.719737 0.001992
vt 0.734110 0.198746
vt 0.733589 0.198752
vt 0.720550 0.001998
vt 0.734634 0.198752
vt 0.125263 0.001992
vt 0.125614 0.002010
vt 0.115579 0.198764
vt 0.115225 0.198746
vt 0.126167 0.002038
vt 0.116134 0.198792
vt 0.126867 0.002074
vt 0.116835 0.198827
vt 0.127646 0.002113
vt 0.117615 0.198867
vt 0.128428 0.002152
vt 0.118396 0.198906
vt 0.129135 0.002188
vt 0.119102 0.198941
vt 0.129699 0.002216
vt 0.119664 0.198969
vt 0.130065 0.002234
vt 0.120027 0.198987
vt 0.743548 0.198752
vt 0.742737 0.198746
vt 0.757110 0.001992
vt 0.757632 0.001998
vt 0.741925 0.198752
vt 0.756587 0.001998
vt 0.094143 0.002234
vt 0.094495 0.002216
vt 0.104541 0.198969
vt 0.104187 0.198987
vt 0.095048 0.002188
vt 0.105096 0.198941
vt 0.095748 0.002152
vt 0.105797 0.198906
vt 0.096527 0.002113
vt 0.106576 0.198867
vt 0.945230 0.879137
vt 0.944523 0.879503
vt 0.943767 0.876998
vt 0.945794 0.878561
vt 0.946160 0.877833
vt 0.946292 0.877022
vt 0.946176 0.876209
vt 0.945824 0.875474
vt 0.945271 0.874888
vt 0.944571 0.874508
vt 0.943792 0.874372
vt 0.943011 0.874493
vt 0.942303 0.874859
vt 0.941739 0.875434
vt 0.941373 0.876163
vt 0.941242 0.876973
vt 0.941358 0.877786
vt 0.941709 0.878522
vt 0.942262 0.879108
vt 0.942962 0.879488
vt 0.943741 0.879624
vt 0.913164 0.884496
vt 0.913398 0.883790
vt 0.914780 0.885261
vt 0.913766 0.883228
vt 0.914234 0.882864
vt 0.914755 0.882736
vt 0.915279 0.882854
vt 0.915754 0.883208
vt 0.916133 0.883763
vt 0.916380 0.884465
vt 0.916470 0.885244
vt 0.916395 0.886025
vt 0.916162 0.886731
vt 0.915793 0.887294
vt 0.915326 0.887657
vt 0.914804 0.887785
vt 0.914281 0.887667
vt 0.913806 0.887313
vt 0.913427 0.886758
vt 0.913180 0.886056
vt 0.913089 0.885277
vn -0.964030 0.061485 0.258586
vn -0.855279 0.039357 0.516670
vn -0.851380 0.038710 0.523120
vn -0.963099 0.061228 0.262090
vn -0.659469 0.011696 0.751640
vn -0.650583 0.010600 0.759361
vn -0.372041 -0.019526 0.928011
vn -0.357564 -0.020914 0.933655
vn -0.018225 -0.049492 0.998608
vn -0.001242 -0.050738 0.998711
vn 0.339270 -0.072038 0.937927
vn 0.353317 -0.072755 0.932670
vn 0.635455 -0.083768 0.767581
vn 0.643850 -0.083973 0.760530
vn 0.841106 -0.085489 0.534072
vn 0.844737 -0.085431 0.528320
vn 0.958367 -0.079753 0.274176
vn 0.959250 -0.079651 0.271099
vn 0.997627 -0.068566 0.006206
vn 0.997627 -0.068566 0.006205
vn 0.963558 -0.052758 -0.262244
vn 0.964382 -0.052967 -0.259156
vn 0.851343 -0.032262 -0.523617
vn 0.854862 -0.032785 -0.517819
vn 0.650240 -0.006909 -0.759698
vn 0.658497 -0.007829 -0.752543
vn 0.357390 0.022150 -0.933693
vn 0.371335 0.020895 -0.928264
vn 0.001108 0.051020 -0.998697
vn 0.018091 0.049774 -0.998597
vn -0.354036 0.074092 -0.932292
vn -0.339452 0.073263 -0.937766
vn -0.644844 0.087730 -0.759262
vn -0.635810 0.087407 -0.766880
vn -0.845181 0.091855 -0.526528
vn -0.841157 0.091854 -0.532934
vn -0.958917 0.088069 -0.269671
vn -0.957919 0.088164 -0.273164
vn -0.996957 0.077747 -0.005736
vn -0.996957 0.077747 -0.005736
vn 0.000494 -0.998737 -0.050250
vn 0.000494 -0.998738 -0.050230
vn 0.000486 -0.998736 -0.050257
vn 0.000486 -0.998734 -0.050292
vn 0.000481 -0.998735 -0.050279
vn 0.000486 -0.998736 -0.050260
vn 0.000492 -0.998735 -0.050272
vn 0.000487 -0.998736 -0.050270
vn 0.000479 -0.998738 -0.050229
vn 0.000479 -0.998737 -0.050251
vn 0.000487 -0.998737 -0.050251
vn 0.000485 -0.998737 -0.050250
vn 0.000484 -0.998737 -0.050252
vn 0.000486 -0.998736 -0.050259
vn 0.000495 -0.998735 -0.050273
vn 0.000487 -0.998738 -0.050231
vn 0.000477 -0.998736 -0.050261
vn 0.000487 -0.998736 -0.050270
vn 0.000489 -0.998735 -0.050272
vn 0.000488 -0.998737 -0.050250
vn 0.000487 -0.998738 -0.050229
vn -0.000486 0.998736 0.050253
vn -0.000484 0.998736 0.050255
vn -0.000486 0.998736 0.050257
vn -0.000487 0.998736 0.050259
vn -0.000489 0.998736 0.050257
vn -0.000486 0.998736 0.050253
vn -0.000484 0.998736 0.050254
vn -0.000487 0.998736 0.050257
vn -0.000489 0.998736 0.050258
vn -0.000487 0.998736 0.050253
vn -0.000486 0.998736 0.050257
vn -0.000487 0.998736 0.050261
vn -0.000488 0.998736 0.050257
vn -0.000485 0.998736 0.050254
vn -0.000487 0.998736 0.050255
vn -0.000487 0.998736 0.050255
vn -0.000486 0.998736 0.050257
vn -0.000487 0.998736 0.050256
vn -0.000485 0.998736 0.050253
vn -0.000486 0.998736 0.050262
vn -0.000486 0.998736 0.050258
s 1
g pCube35 polySurface176
usemtl initialShadingGroup
f 4893/9109/7993 4894/9110/7994 4914/9111/7995 4913/9112/7996
f 4894/9110/7994 4895/9113/7997 4915/9114/7998 4914/9111/7995
f 4895/9113/7997 4896/9115/7999 4916/9116/8000 4915/9114/7998
f 4896/9117/7999 4897/9118/8001 4917/9119/8002 4916/9120/8000
f 4897/9118/8001 4898/9121/8003 4918/9122/8004 4917/9119/8002
f 4898/9123/8003 4899/9124/8005 4919/9125/8006 4918/9126/8004
f 4899/9124/8005 4900/9127/8007 4920/9128/8008 4919/9125/8006
f 4900/9127/8007 4901/9129/8009 4921/9130/8010 4920/9128/8008
f 4901/9129/8009 4902/9131/8011 4922/9132/8012 4921/9130/8010
f 4902/9131/8011 4903/9133/8013 4923/9134/8014 4922/9132/8012
f 4903/9133/8013 4904/9135/8015 4924/9136/8016 4923/9134/8014
f 4904/9135/8015 4905/9137/8017 4925/9138/8018 4924/9136/8016
f 4905/9137/8017 4906/9139/8019 4926/9140/8020 4925/9138/8018
f 4906/9141/8019 4907/9142/8021 4927/9143/8022 4926/9144/8020
f 4907/9142/8021 4908/9145/8023 4928/9146/8024 4927/9143/8022
f 4908/9147/8023 4909/9148/8025 4929/9149/8026 4928/9150/8024
f 4909/9148/8025 4910/9151/8027 4930/9152/8028 4929/9149/8026
f 4910/9151/8027 4911/9153/8029 4931/9154/8030 4930/9152/8028
f 4911/9153/8029 4912/9155/8031 4932/9156/8032 4931/9154/8030
f 4912/9155/8031 4893/9109/7993 4913/9112/7996 4932/9156/8032
s 2
f 4894/9157/8033 4893/9158/8034 4933/9159/8035
f 4895/9160/8036 4894/9157/8033 4933/9159/8035
f 4896/9161/8037 4895/9160/8036 4933/9159/8035
f 4897/9162/8038 4896/9161/8037 4933/9159/8035
f 4898/9163/8039 4897/9162/8038 4933/9159/8035
f 4899/9164/8040 4898/9163/8039 4933/9159/8035
f 4900/9165/8041 4899/9164/8040 4933/9159/8035
f 4901/9166/8042 4900/9165/8041 4933/9159/8035
f 4902/9167/8043 4901/9166/8042 4933/9159/8035
f 4903/9168/8044 4902/9167/8043 4933/9159/8035
f 4904/9169/8045 4903/9168/8044 4933/9159/8035
f 4905/9170/8046 4904/9169/8045 4933/9159/8035
f 4906/9171/8047 4905/9170/8046 4933/9159/8035
f 4907/9172/8048 4906/9171/8047 4933/9159/8035
f 4908/9173/8049 4907/9172/8048 4933/9159/8035
f 4909/9174/8050 4908/9173/8049 4933/9159/8035
f 4910/9175/8051 4909/9174/8050 4933/9159/8035
f 4911/9176/8052 4910/9175/8051 4933/9159/8035
f 4912/9177/8053 4911/9176/8052 4933/9159/8035
f 4893/9158/8034 4912/9177/8053 4933/9159/8035
s 3
f 4913/9178/8054 4914/9179/8055 4934/9180/8056
f 4914/9179/8055 4915/9181/8057 4934/9180/8056
f 4915/9181/8057 4916/9182/8058 4934/9180/8056
f 4916/9182/8058 4917/9183/8059 4934/9180/8056
f 4917/9183/8059 4918/9184/8060 4934/9180/8056
f 4918/9184/8060 4919/9185/8061 4934/9180/8056
f 4919/9185/8061 4920/9186/8062 4934/9180/8056
f 4920/9186/8062 4921/9187/8063 4934/9180/8056
f 4921/9187/8063 4922/9188/8064 4934/9180/8056
f 4922/9188/8064 4923/9189/8065 4934/9180/8056
f 4923/9189/8065 4924/9190/8066 4934/9180/8056
f 4924/9190/8066 4925/9191/8067 4934/9180/8056
f 4925/9191/8067 4926/9192/8068 4934/9180/8056
f 4926/9192/8068 4927/9193/8069 4934/9180/8056
f 4927/9193/8069 4928/9194/8070 4934/9180/8056
f 4928/9194/8070 4929/9195/8071 4934/9180/8056
f 4929/9195/8071 4930/9196/8072 4934/9180/8056
f 4930/9196/8072 4931/9197/8073 4934/9180/8056
f 4931/9197/8073 4932/9198/8074 4934/9180/8056
f 4932/9198/8074 4913/9178/8054 4934/9180/8056
g default
v -28.932865 -145.033691 24.315004
v -28.508053 -145.054672 24.108885
v -28.164902 -145.071335 23.776487
v -27.937006 -145.082031 23.350342
v -27.846674 -145.085724 22.872192
v -27.902744 -145.082031 22.388840
v -28.099731 -145.071335 21.947554
v -28.418354 -145.054672 21.591578
v -28.827417 -145.033691 21.355730
v -29.286888 -145.010406 21.263138
v -29.751781 -144.987137 21.322792
v -30.176596 -144.966141 21.528925
v -30.519743 -144.949478 21.861322
v -30.747641 -144.938782 22.287468
v -30.837975 -144.935104 22.765602
v -30.781902 -144.938782 23.248970
v -30.584913 -144.949478 23.690256
v -30.266294 -144.966141 24.046232
v -29.857229 -144.987137 24.282066
v -29.397760 -145.010406 24.374672
v -22.743742 -28.411274 15.425636
v -22.321732 -28.432268 15.298234
v -21.982950 -28.448931 15.088485
v -21.760563 -28.459627 14.816875
v -21.676332 -28.463312 14.510017
v -21.738506 -28.459627 14.197928
v -21.941000 -28.448931 13.911193
v -22.263992 -28.432268 13.677848
v -22.675863 -28.411274 13.520733
v -23.136299 -28.388002 13.455253
v -23.600225 -28.364729 13.487795
v -24.022234 -28.343735 13.615196
v -24.361013 -28.327074 13.824961
v -24.583405 -28.316376 14.096556
v -24.667631 -28.312691 14.403428
v -24.605461 -28.316376 14.715502
v -24.402964 -28.327074 15.002253
v -24.079973 -28.343735 15.235582
v -23.668104 -28.364729 15.392698
v -23.207668 -28.388002 15.458178
v -29.342323 -145.010406 22.818897
v -23.171984 -28.388002 14.456723
vt 0.299543 0.002027
vt 0.300260 0.001992
vt 0.310697 0.198746
vt 0.309985 0.198781
vt 0.481279 0.002044
vt 0.481840 0.002016
vt 0.496497 0.198770
vt 0.496143 0.198798
vt 0.482559 0.001998
vt 0.496955 0.198752
vt 0.483365 0.001992
vt 0.497473 0.198746
vt 0.484181 0.001998
vt 0.498000 0.198752
vt 0.484925 0.002016
vt 0.498483 0.198770
vt 0.485526 0.002044
vt 0.498877 0.198798
vt 0.321342 0.198895
vt 0.320651 0.198860
vt 0.331030 0.002106
vt 0.331725 0.002141
vt 0.319876 0.198820
vt 0.330253 0.002067
vt 0.319092 0.198781
vt 0.329470 0.002027
vt 0.318375 0.198746
vt 0.328758 0.001992
vt 0.519545 0.001992
vt 0.520106 0.002020
vt 0.506547 0.198774
vt 0.506194 0.198746
vt 0.520825 0.002038
vt 0.507006 0.198792
vt 0.521631 0.002044
vt 0.507523 0.198798
vt 0.522447 0.002038
vt 0.508050 0.198792
vt 0.523191 0.002020
vt 0.508534 0.198774
vt 0.523792 0.001992
vt 0.508927 0.198746
vt 0.297294 0.002141
vt 0.297984 0.002106
vt 0.308425 0.198860
vt 0.307731 0.198895
vt 0.298759 0.002067
vt 0.309202 0.198820
vt 0.947038 0.888350
vt 0.946321 0.888698
vt 0.945630 0.886174
vt 0.947617 0.887789
vt 0.948001 0.887070
vt 0.948154 0.886264
vt 0.948059 0.885448
vt 0.947727 0.884704
vt 0.947189 0.884103
vt 0.946499 0.883705
vt 0.945724 0.883549
vt 0.944939 0.883650
vt 0.944223 0.883997
vt 0.943644 0.884558
vt 0.943259 0.885277
vt 0.943107 0.886084
vt 0.943202 0.886899
vt 0.943534 0.887644
vt 0.944071 0.888244
vt 0.944762 0.888642
vt 0.945537 0.888799
vt 0.856665 0.982803
vt 0.856880 0.982091
vt 0.858300 0.983525
vt 0.857234 0.981519
vt 0.857692 0.981144
vt 0.858210 0.981002
vt 0.858736 0.981107
vt 0.859220 0.981448
vt 0.859614 0.981993
vt 0.859879 0.982688
vt 0.859989 0.983465
vt 0.859934 0.984248
vt 0.859719 0.984960
vt 0.859365 0.985531
vt 0.858907 0.985906
vt 0.858389 0.986048
vt 0.857863 0.985944
vt 0.857379 0.985602
vt 0.856986 0.985057
vt 0.856720 0.984362
vt 0.856610 0.983585
vn 0.233493 0.061485 0.970413
vn 0.494315 0.039357 0.868391
vn 0.500864 0.038710 0.864660
vn 0.237019 0.061229 0.969574
vn 0.734283 0.011695 0.678742
vn 0.742231 0.010600 0.670060
vn 0.918048 -0.019527 0.395987
vn 0.924066 -0.020914 0.381662
vn 0.997800 -0.049492 0.044120
vn 0.998343 -0.050738 0.027145
vn 0.946410 -0.072037 -0.314831
vn 0.941520 -0.072755 -0.329010
vn 0.783803 -0.083768 -0.615334
vn 0.776972 -0.083973 -0.623910
vn 0.555703 -0.085489 -0.826974
vn 0.550048 -0.085431 -0.830752
vn 0.298939 -0.079753 -0.950934
vn 0.295886 -0.079651 -0.951897
vn 0.032081 -0.068566 -0.997131
vn 0.032080 -0.068566 -0.997131
vn -0.237163 -0.052758 -0.970036
vn -0.234055 -0.052967 -0.970780
vn -0.501365 -0.032262 -0.864634
vn -0.495477 -0.032784 -0.868002
vn -0.742580 -0.006909 -0.669722
vn -0.735213 -0.007829 -0.677791
vn -0.924109 0.022150 -0.381487
vn -0.918320 0.020895 -0.395287
vn -0.998332 0.051020 -0.027010
vn -0.997791 0.049775 -0.043985
vn -0.941160 0.074092 0.329739
vn -0.946254 0.073263 0.315017
vn -0.775732 0.087730 0.624935
vn -0.783113 0.087407 0.615706
vn -0.548274 0.091855 0.831239
vn -0.554572 0.091854 0.827050
vn -0.294449 0.088069 0.951601
vn -0.297915 0.088164 0.950512
vn -0.031588 0.077747 0.996473
vn -0.031589 0.077747 0.996473
vn -0.050215 -0.998737 -0.001811
vn -0.050228 -0.998736 -0.001809
vn -0.050226 -0.998736 -0.001789
vn -0.050226 -0.998736 -0.001778
vn -0.050228 -0.998736 -0.001799
vn -0.050230 -0.998736 -0.001799
vn -0.050228 -0.998736 -0.001800
vn -0.050227 -0.998736 -0.001799
vn -0.050215 -0.998737 -0.001756
vn -0.050228 -0.998736 -0.001761
vn -0.050237 -0.998736 -0.001787
vn -0.050224 -0.998736 -0.001783
vn -0.050229 -0.998736 -0.001778
vn -0.050227 -0.998736 -0.001778
vn -0.050222 -0.998737 -0.001778
vn -0.050220 -0.998737 -0.001778
vn -0.050223 -0.998736 -0.001821
vn -0.050227 -0.998736 -0.001819
vn -0.050228 -0.998736 -0.001767
vn -0.050224 -0.998736 -0.001777
vn -0.050236 -0.998736 -0.001787
vn 0.050225 0.998736 0.001790
vn 0.050227 0.998736 0.001792
vn 0.050226 0.998736 0.001789
vn 0.050226 0.998736 0.001782
vn 0.050225 0.998736 0.001795
vn 0.050225 0.998736 0.001800
vn 0.050225 0.998736 0.001792
vn 0.050226 0.998736 0.001792
vn 0.050227 0.998736 0.001789
vn 0.050225 0.998736 0.001786
vn 0.050226 0.998736 0.001789
vn 0.050227 0.998736 0.001786
vn 0.050226 0.998736 0.001794
vn 0.050227 0.998736 0.001785
vn 0.050227 0.998736 0.001785
vn 0.050226 0.998736 0.001784
vn 0.050227 0.998736 0.001783
vn 0.050227 0.998736 0.001792
vn 0.050226 0.998736 0.001792
vn 0.050227 0.998736 0.001790
vn 0.050226 0.998736 0.001788
s 1
g pCube35 polySurface177
usemtl initialShadingGroup
f 4935/9199/8075 4936/9200/8076 4956/9201/8077 4955/9202/8078
f 4936/9203/8076 4937/9204/8079 4957/9205/8080 4956/9206/8077
f 4937/9204/8079 4938/9207/8081 4958/9208/8082 4957/9205/8080
f 4938/9207/8081 4939/9209/8083 4959/9210/8084 4958/9208/8082
f 4939/9209/8083 4940/9211/8085 4960/9212/8086 4959/9210/8084
f 4940/9211/8085 4941/9213/8087 4961/9214/8088 4960/9212/8086
f 4941/9213/8087 4942/9215/8089 4962/9216/8090 4961/9214/8088
f 4942/9217/8089 4943/9218/8091 4963/9219/8092 4962/9220/8090
f 4943/9218/8091 4944/9221/8093 4964/9222/8094 4963/9219/8092
f 4944/9221/8093 4945/9223/8095 4965/9224/8096 4964/9222/8094
f 4945/9223/8095 4946/9225/8097 4966/9226/8098 4965/9224/8096
f 4946/9227/8097 4947/9228/8099 4967/9229/8100 4966/9230/8098
f 4947/9228/8099 4948/9231/8101 4968/9232/8102 4967/9229/8100
f 4948/9231/8101 4949/9233/8103 4969/9234/8104 4968/9232/8102
f 4949/9233/8103 4950/9235/8105 4970/9236/8106 4969/9234/8104
f 4950/9235/8105 4951/9237/8107 4971/9238/8108 4970/9236/8106
f 4951/9237/8107 4952/9239/8109 4972/9240/8110 4971/9238/8108
f 4952/9241/8109 4953/9242/8111 4973/9243/8112 4972/9244/8110
f 4953/9242/8111 4954/9245/8113 4974/9246/8114 4973/9243/8112
f 4954/9245/8113 4935/9199/8075 4955/9202/8078 4974/9246/8114
s 2
f 4936/9247/8115 4935/9248/8116 4975/9249/8117
f 4937/9250/8118 4936/9247/8115 4975/9249/8117
f 4938/9251/8119 4937/9250/8118 4975/9249/8117
f 4939/9252/8120 4938/9251/8119 4975/9249/8117
f 4940/9253/8121 4939/9252/8120 4975/9249/8117
f 4941/9254/8122 4940/9253/8121 4975/9249/8117
f 4942/9255/8123 4941/9254/8122 4975/9249/8117
f 4943/9256/8124 4942/9255/8123 4975/9249/8117
f 4944/9257/8125 4943/9256/8124 4975/9249/8117
f 4945/9258/8126 4944/9257/8125 4975/9249/8117
f 4946/9259/8127 4945/9258/8126 4975/9249/8117
f 4947/9260/8128 4946/9259/8127 4975/9249/8117
f 4948/9261/8129 4947/9260/8128 4975/9249/8117
f 4949/9262/8130 4948/9261/8129 4975/9249/8117
f 4950/9263/8131 4949/9262/8130 4975/9249/8117
f 4951/9264/8132 4950/9263/8131 4975/9249/8117
f 4952/9265/8133 4951/9264/8132 4975/9249/8117
f 4953/9266/8134 4952/9265/8133 4975/9249/8117
f 4954/9267/8135 4953/9266/8134 4975/9249/8117
f 4935/9248/8116 4954/9267/8135 4975/9249/8117
s 3
f 4955/9268/8136 4956/9269/8137 4976/9270/8138
f 4956/9269/8137 4957/9271/8139 4976/9270/8138
f 4957/9271/8139 4958/9272/8140 4976/9270/8138
f 4958/9272/8140 4959/9273/8141 4976/9270/8138
f 4959/9273/8141 4960/9274/8142 4976/9270/8138
f 4960/9274/8142 4961/9275/8143 4976/9270/8138
f 4961/9275/8143 4962/9276/8144 4976/9270/8138
f 4962/9276/8144 4963/9277/8145 4976/9270/8138
f 4963/9277/8145 4964/9278/8146 4976/9270/8138
f 4964/9278/8146 4965/9279/8147 4976/9270/8138
f 4965/9279/8147 4966/9280/8148 4976/9270/8138
f 4966/9280/8148 4967/9281/8149 4976/9270/8138
f 4967/9281/8149 4968/9282/8150 4976/9270/8138
f 4968/9282/8150 4969/9283/8151 4976/9270/8138
f 4969/9283/8151 4970/9284/8152 4976/9270/8138
f 4970/9284/8152 4971/9285/8153 4976/9270/8138
f 4971/9285/8153 4972/9286/8154 4976/9270/8138
f 4972/9286/8154 4973/9287/8155 4976/9270/8138
f 4973/9287/8155 4974/9288/8156 4976/9270/8138
f 4974/9288/8156 4955/9268/8136 4976/9270/8138
g default
v 27.251623 -130.794586 22.755045
v 26.490808 -96.542671 -23.551088
v 27.192389 -130.253983 24.252247
v 26.431471 -96.002083 -22.048803
v 26.247314 -130.302048 24.232218
v 25.486393 -96.050156 -22.068834
v 26.306545 -130.842651 22.735014
v 25.545734 -96.590744 -23.571119
vt 0.879914 0.474346
vt 0.937700 0.396223
vt 0.938612 0.398758
vt 0.880826 0.476872
vt 0.813797 0.396223
vt 0.812513 0.474338
vt 0.810919 0.474372
vt 0.812203 0.396257
vt 0.923610 0.480797
vt 0.981397 0.558912
vt 0.980485 0.561446
vt 0.922698 0.483323
vt 0.821785 0.474347
vt 0.820502 0.396223
vt 0.822096 0.396257
vt 0.823380 0.474380
vt 0.812614 0.476872
vt 0.811019 0.476906
vt 0.823280 0.476906
vt 0.821685 0.476872
vn 0.998485 0.050791 0.021163
vn 0.998485 0.050791 0.021163
vn 0.998485 0.050791 0.021163
vn 0.998485 0.050791 0.021163
vn -0.053409 0.802364 0.594440
vn -0.053409 0.802364 0.594440
vn -0.053409 0.802364 0.594440
vn -0.053409 0.802364 0.594440
vn -0.998485 -0.050789 -0.021163
vn -0.998485 -0.050789 -0.021163
vn -0.998485 -0.050789 -0.021163
vn -0.998485 -0.050789 -0.021163
vn 0.053410 -0.802396 -0.594398
vn 0.053410 -0.802396 -0.594398
vn 0.053410 -0.802396 -0.594398
vn 0.053410 -0.802396 -0.594398
vn -0.040596 0.939648 -0.339727
vn -0.040596 0.939648 -0.339727
vn -0.040596 0.939648 -0.339727
vn -0.040596 0.939648 -0.339727
vn 0.040548 -0.939279 0.340751
vn 0.040548 -0.939279 0.340751
vn 0.040548 -0.939279 0.340751
vn 0.040548 -0.939279 0.340751
s off
g pCube35 polySurface178
usemtl initialShadingGroup
f 4977/9289/8157 4978/9290/8158 4980/9291/8159 4979/9292/8160
f 4979/9293/8161 4980/9294/8162 4982/9295/8163 4981/9296/8164
f 4981/9297/8165 4982/9298/8166 4984/9299/8167 4983/9300/8168
f 4983/9301/8169 4984/9302/8170 4978/9303/8171 4977/9304/8172
f 4978/9305/8173 4984/9306/8174 4982/9295/8175 4980/9294/8176
f 4983/9301/8177 4977/9304/8178 4979/9307/8179 4981/9308/8180
g default
v -16.889275 -32.285709 22.771055
v 15.348184 -32.285709 23.529423
v -16.887985 -31.195404 22.716204
v 15.349474 -31.195404 23.474571
v -16.862343 -31.250269 21.626202
v 15.375115 -31.250269 22.384569
v -16.863634 -32.340572 21.681053
v 15.373825 -32.340572 22.439421
vt 0.830084 0.856944
vt 0.830084 0.802556
vt 0.831924 0.802554
vt 0.831924 0.856942
vt 0.735538 0.855727
vt 0.734258 0.801339
vt 0.736098 0.801296
vt 0.737377 0.855684
vt 0.839667 0.856942
vt 0.839667 0.802554
vt 0.841506 0.802556
vt 0.841506 0.856944
vt 0.743841 0.855684
vt 0.745121 0.801296
vt 0.746960 0.801339
vt 0.745680 0.855727
vt 0.137766 0.985030
vt 0.139605 0.984937
vt 0.139697 0.986777
vt 0.137858 0.986869
vt 0.129894 0.984937
vt 0.131733 0.985030
vt 0.131640 0.986869
vt 0.129801 0.986777
vn -0.023488 0.050259 0.998460
vn -0.023488 0.050259 0.998460
vn -0.023488 0.050259 0.998460
vn -0.023488 0.050259 0.998460
vn 0.001182 0.998736 -0.050243
vn 0.001182 0.998736 -0.050243
vn 0.001182 0.998736 -0.050243
vn 0.001182 0.998736 -0.050243
vn 0.023488 -0.050259 -0.998460
vn 0.023488 -0.050259 -0.998460
vn 0.023488 -0.050259 -0.998460
vn 0.023488 -0.050259 -0.998460
vn -0.001182 -0.998737 0.050237
vn -0.001182 -0.998737 0.050237
vn -0.001182 -0.998737 0.050237
vn -0.001182 -0.998737 0.050237
vn 0.999723 -0.000001 0.023518
vn 0.999723 -0.000001 0.023518
vn 0.999723 -0.000001 0.023518
vn 0.999723 -0.000001 0.023518
vn -0.999723 -0.000000 -0.023518
vn -0.999723 -0.000000 -0.023518
vn -0.999723 -0.000000 -0.023518
vn -0.999723 -0.000000 -0.023518
s off
g pCube35 polySurface179
usemtl initialShadingGroup
f 4985/9309/8181 4986/9310/8182 4988/9311/8183 4987/9312/8184
f 4987/9313/8185 4988/9314/8186 4990/9315/8187 4989/9316/8188
f 4989/9317/8189 4990/9318/8190 4992/9319/8191 4991/9320/8192
f 4991/9321/8193 4992/9322/8194 4986/9323/8195 4985/9324/8196
f 4986/9325/8197 4992/9326/8198 4990/9327/8199 4988/9328/8200
f 4991/9329/8201 4985/9330/8202 4987/9331/8203 4989/9332/8204
g default
v 22.147367 -130.785889 -27.717960
v -24.183346 -96.582436 -26.445154
v 23.644575 -130.243668 -27.676182
v -22.681057 -96.040230 -26.403328
v 23.635426 -130.291229 -26.730913
v -22.690207 -96.087799 -25.458055
v 22.138218 -130.833450 -26.772690
v -24.192497 -96.630005 -25.499886
vt 0.739216 0.486503
vt 0.681511 0.564667
vt 0.680596 0.562133
vt 0.738301 0.483977
vt 0.661340 0.483977
vt 0.659193 0.562133
vt 0.657598 0.562148
vt 0.659745 0.483992
vt 0.746672 0.483966
vt 0.804377 0.562122
vt 0.803462 0.564657
vt 0.745758 0.486492
vt 0.670692 0.486518
vt 0.672839 0.564683
vt 0.671244 0.564667
vt 0.669097 0.486503
vt 0.659263 0.564667
vt 0.657669 0.564683
vt 0.669168 0.483977
vt 0.670762 0.483992
vn 0.009666 0.050258 -0.998689
vn 0.009666 0.050258 -0.998690
vn 0.009666 0.050258 -0.998690
vn 0.009666 0.050258 -0.998689
vn 0.594160 0.803021 0.046161
vn 0.594160 0.803021 0.046161
vn 0.594160 0.803021 0.046161
vn 0.594160 0.803021 0.046161
vn -0.009667 -0.050258 0.998689
vn -0.009667 -0.050258 0.998690
vn -0.009667 -0.050258 0.998689
vn -0.009667 -0.050258 0.998689
vn -0.594118 -0.803052 -0.046168
vn -0.594118 -0.803052 -0.046168
vn -0.594118 -0.803052 -0.046168
vn -0.594118 -0.803052 -0.046168
vn -0.340239 0.939311 0.043963
vn -0.340239 0.939311 0.043963
vn -0.340239 0.939311 0.043963
vn -0.340239 0.939311 0.043963
vn 0.341268 -0.938938 -0.043953
vn 0.341268 -0.938938 -0.043953
vn 0.341268 -0.938938 -0.043953
vn 0.341268 -0.938938 -0.043953
s off
g pCube35 polySurface180
usemtl initialShadingGroup
f 4993/9333/8205 4994/9334/8206 4996/9335/8207 4995/9336/8208
f 4995/9337/8209 4996/9338/8210 4998/9339/8211 4997/9340/8212
f 4997/9341/8213 4998/9342/8214 5000/9343/8215 4999/9344/8216
f 4999/9345/8217 5000/9346/8218 4994/9347/8219 4993/9348/8220
f 4994/9349/8221 5000/9350/8222 4998/9339/8223 4996/9338/8224
f 4999/9345/8225 4993/9348/8226 4995/9351/8227 4997/9352/8228
g default
v 17.339783 -145.084274 33.075882
v 30.548639 -145.084274 33.386612
v 17.339783 -138.623825 33.075882
v 30.548639 -138.623825 33.386612
v 17.638882 -138.623825 20.361462
v 30.847738 -138.623825 20.672192
v 17.638882 -145.084274 20.361462
v 30.847738 -145.084274 20.672192
vt 0.499054 0.967235
vt 0.499054 0.944950
vt 0.509953 0.944950
vt 0.509953 0.967235
vt 0.847914 0.965737
vt 0.847390 0.943453
vt 0.868841 0.942948
vt 0.869365 0.965233
vt 0.482121 0.967235
vt 0.482121 0.944950
vt 0.493021 0.944950
vt 0.493021 0.967235
vt 0.819382 0.965243
vt 0.819907 0.942959
vt 0.841357 0.943463
vt 0.840833 0.965748
vt 0.228086 0.966496
vt 0.228086 0.945045
vt 0.238986 0.945045
vt 0.238986 0.966496
vt 0.211153 0.962299
vt 0.211153 0.940848
vt 0.222053 0.940848
vt 0.222053 0.962299
vn -0.023518 0.000000 0.999723
vn -0.023518 0.000000 0.999723
vn -0.023518 0.000000 0.999723
vn -0.023518 0.000000 0.999723
vn 0.000000 1.000000 0.000000
vn 0.000000 1.000000 0.000000
vn 0.000000 1.000000 0.000000
vn 0.000000 1.000000 0.000000
vn 0.023518 0.000000 -0.999723
vn 0.023518 0.000000 -0.999723
vn 0.023518 0.000000 -0.999723
vn 0.023518 0.000000 -0.999723
vn 0.000000 -1.000000 0.000000
vn 0.000000 -1.000000 0.000000
vn 0.000000 -1.000000 0.000000
vn 0.000000 -1.000000 0.000000
vn 0.999723 0.000000 0.023518
vn 0.999723 0.000000 0.023518
vn 0.999723 0.000000 0.023518
vn 0.999723 0.000000 0.023518
vn -0.999723 0.000000 -0.023518
vn -0.999723 0.000000 -0.023518
vn -0.999723 0.000000 -0.023518
vn -0.999723 0.000000 -0.023518
s off
g pCube35 polySurface181
usemtl initialShadingGroup
f 5001/9353/8229 5002/9354/8230 5004/9355/8231 5003/9356/8232
f 5003/9357/8233 5004/9358/8234 5006/9359/8235 5005/9360/8236
f 5005/9361/8237 5006/9362/8238 5008/9363/8239 5007/9364/8240
f 5007/9365/8241 5008/9366/8242 5002/9367/8243 5001/9368/8244
f 5002/9369/8245 5008/9370/8246 5006/9371/8247 5004/9372/8248
f 5007/9373/8249 5001/9374/8250 5003/9375/8251 5005/9376/8252
g default
v 33.182602 -145.047501 -18.138741
v 33.461868 -145.033401 -31.348291
v 33.179016 -138.587067 -18.131924
v 33.458282 -138.572968 -31.341475
v 20.463928 -138.593842 -18.400743
v 20.743195 -138.579742 -31.610294
v 20.467514 -145.054276 -18.407560
v 20.746780 -145.040176 -31.617111
vt 0.600673 0.969681
vt 0.600697 0.947395
vt 0.611596 0.947407
vt 0.611573 0.969692
vt 0.700950 0.945299
vt 0.701421 0.967585
vt 0.679969 0.968039
vt 0.679498 0.945753
vt 0.594616 0.947395
vt 0.594640 0.969681
vt 0.583741 0.969692
vt 0.583717 0.947407
vt 0.651542 0.969048
vt 0.652014 0.946762
vt 0.673465 0.947215
vt 0.672994 0.969501
vt 0.340593 0.941334
vt 0.340604 0.962786
vt 0.329705 0.962792
vt 0.329693 0.941340
vt 0.312749 0.962786
vt 0.312761 0.941334
vt 0.323660 0.941340
vt 0.323649 0.962792
vn 0.999776 0.000533 0.021137
vn 0.999776 0.000533 0.021137
vn 0.999776 0.000533 0.021137
vn 0.999776 0.000533 0.021137
vn -0.000555 0.999999 0.001056
vn -0.000555 0.999999 0.001056
vn -0.000555 0.999999 0.001056
vn -0.000555 0.999999 0.001056
vn -0.999776 -0.000533 -0.021137
vn -0.999776 -0.000533 -0.021137
vn -0.999776 -0.000533 -0.021137
vn -0.999776 -0.000533 -0.021137
vn 0.000555 -0.999999 -0.001056
vn 0.000555 -0.999999 -0.001056
vn 0.000555 -0.999999 -0.001056
vn 0.000555 -0.999999 -0.001056
vn 0.021137 0.001067 -0.999776
vn 0.021137 0.001067 -0.999776
vn 0.021137 0.001067 -0.999776
vn 0.021137 0.001067 -0.999776
vn -0.021137 -0.001067 0.999776
vn -0.021137 -0.001067 0.999776
vn -0.021137 -0.001067 0.999776
vn -0.021137 -0.001067 0.999776
s off
g pCube35 polySurface184
usemtl initialShadingGroup
f 5009/9377/8253 5010/9378/8254 5012/9379/8255 5011/9380/8256
f 5011/9381/8257 5012/9382/8258 5014/9383/8259 5013/9384/8260
f 5013/9385/8261 5014/9386/8262 5016/9387/8263 5015/9388/8264
f 5015/9389/8265 5016/9390/8266 5010/9391/8267 5009/9392/8268
f 5010/9393/8269 5016/9394/8270 5014/9395/8271 5012/9396/8272
f 5015/9397/8273 5009/9398/8274 5011/9399/8275 5013/9400/8276
g default
v -16.153214 -32.017361 22.702166
v 18.228937 -64.067245 25.124241
v -15.188905 -31.509291 22.699278
v 19.364479 -63.559181 25.125378
v -15.166673 -31.556862 21.754223
v 19.386709 -63.606750 24.180326
v -16.130981 -32.064934 21.757111
v 18.251169 -64.114815 24.179186
vt 0.192048 0.789614
vt 0.137976 0.731608
vt 0.138834 0.729692
vt 0.192905 0.787987
vt 0.239627 0.786409
vt 0.235534 0.728114
vt 0.237128 0.728077
vt 0.241221 0.786372
vt 0.077015 0.787989
vt 0.131086 0.729694
vt 0.131943 0.731610
vt 0.077872 0.789616
vt 0.223818 0.787999
vt 0.227904 0.729993
vt 0.229498 0.730030
vt 0.225412 0.788036
vt 0.227906 0.728077
vt 0.229500 0.728114
vt 0.241216 0.787999
vt 0.239622 0.788036
vn -0.023485 0.050258 0.998460
vn -0.023485 0.050258 0.998460
vn -0.023485 0.050258 0.998460
vn -0.023485 0.050258 0.998460
vn 0.680686 0.732279 -0.020852
vn 0.680686 0.732279 -0.020852
vn 0.680686 0.732279 -0.020852
vn 0.680686 0.732279 -0.020852
vn 0.023489 -0.050257 -0.998460
vn 0.023489 -0.050257 -0.998460
vn 0.023489 -0.050257 -0.998460
vn 0.023489 -0.050257 -0.998460
vn -0.682497 -0.730595 0.020717
vn -0.682497 -0.730595 0.020717
vn -0.682497 -0.730595 0.020717
vn -0.682497 -0.730595 0.020717
vn 0.407731 -0.911416 0.055464
vn 0.407731 -0.911416 0.055464
vn 0.407731 -0.911416 0.055464
vn 0.407731 -0.911416 0.055464
vn -0.465548 0.883286 -0.055416
vn -0.465548 0.883286 -0.055416
vn -0.465548 0.883286 -0.055416
vn -0.465548 0.883286 -0.055416
s off
g pCube35 polySurface185
usemtl initialShadingGroup
f 5017/9401/8277 5018/9402/8278 5020/9403/8279 5019/9404/8280
f 5019/9405/8281 5020/9406/8282 5022/9407/8283 5021/9408/8284
f 5021/9409/8285 5022/9410/8286 5024/9411/8287 5023/9412/8288
f 5023/9413/8289 5024/9414/8290 5018/9415/8291 5017/9416/8292
f 5018/9415/8293 5024/9414/8294 5022/9417/8295 5020/9418/8296
f 5023/9419/8297 5017/9420/8298 5019/9405/8299 5021/9408/8300
g default
v -24.193144 -77.367043 -4.425320
v -24.410582 -81.725510 -4.482194
v -24.658154 -83.904747 -0.613862
v -24.686338 -81.725510 3.256577
v -24.464899 -77.367058 3.201157
v -24.219385 -75.187828 -0.609320
v -24.912464 -77.330826 -4.450951
v -25.129902 -81.689293 -4.507825
v -25.377476 -83.868530 -0.639493
v -25.405659 -81.689293 3.230946
v -25.184219 -77.330841 3.175526
v -24.938707 -75.151611 -0.634951
v -24.438833 -79.546280 -0.609826
v -25.158155 -79.510063 -0.635457
vt 0.915991 0.871458
vt 0.915624 0.878811
vt 0.914411 0.878750
vt 0.914778 0.871396
vt 0.682275 0.972007
vt 0.681857 0.978533
vt 0.680644 0.978490
vt 0.681061 0.971964
vt 0.681810 0.985063
vt 0.680596 0.985020
vt 0.923290 0.871397
vt 0.923664 0.878750
vt 0.922450 0.878811
vt 0.922077 0.871458
vt 0.714390 0.971499
vt 0.714805 0.977928
vt 0.713591 0.977971
vt 0.713177 0.971543
vt 0.714849 0.984366
vt 0.713635 0.984409
vt 0.475170 0.974836
vt 0.475074 0.982190
vt 0.468637 0.978513
vt 0.468644 0.971160
vt 0.462114 0.974836
vt 0.462207 0.982190
vt 0.468636 0.985866
vt 0.481375 0.982190
vt 0.481279 0.974836
vt 0.487812 0.978513
vt 0.487805 0.971160
vt 0.494335 0.974836
vt 0.494241 0.982190
vt 0.487813 0.985866
vn 0.036173 0.011235 -0.999282
vn 0.036173 0.011235 -0.999282
vn 0.036173 0.011235 -0.999282
vn 0.036173 0.011235 -0.999282
vn -0.026286 -0.870237 -0.491932
vn -0.026286 -0.870237 -0.491932
vn -0.026286 -0.870237 -0.491932
vn -0.026286 -0.870237 -0.491932
vn -0.061237 -0.869926 0.489366
vn -0.061237 -0.869926 0.489366
vn -0.061237 -0.869926 0.489366
vn -0.061237 -0.869926 0.489366
vn -0.034879 0.014479 0.999287
vn -0.034879 0.014479 0.999287
vn -0.034879 0.014479 0.999287
vn -0.034879 0.014479 0.999287
vn 0.025926 0.867052 0.497543
vn 0.025926 0.867052 0.497543
vn 0.025926 0.867052 0.497543
vn 0.025926 0.867052 0.497543
vn 0.061274 0.866927 -0.494655
vn 0.061274 0.866927 -0.494655
vn 0.061274 0.866927 -0.494655
vn 0.061274 0.866927 -0.494655
vn 0.998103 -0.050258 0.035565
vn 0.998103 -0.050259 0.035565
vn 0.998103 -0.050258 0.035566
vn 0.998103 -0.050257 0.035565
vn 0.998103 -0.050258 0.035566
vn 0.998103 -0.050258 0.035566
vn 0.998103 -0.050259 0.035566
vn -0.998103 0.050258 -0.035565
vn -0.998103 0.050258 -0.035566
vn -0.998103 0.050258 -0.035565
vn -0.998103 0.050258 -0.035566
vn -0.998103 0.050258 -0.035565
vn -0.998103 0.050259 -0.035565
vn -0.998103 0.050259 -0.035565
s off
g pCube35 polySurface186
usemtl initialShadingGroup
f 5025/9421/8301 5026/9422/8302 5032/9423/8303 5031/9424/8304
f 5026/9425/8305 5027/9426/8306 5033/9427/8307 5032/9428/8308
f 5027/9426/8309 5028/9429/8310 5034/9430/8311 5033/9427/8312
f 5028/9431/8313 5029/9432/8314 5035/9433/8315 5034/9434/8316
f 5029/9435/8317 5030/9436/8318 5036/9437/8319 5035/9438/8320
f 5030/9436/8321 5025/9439/8322 5031/9440/8323 5036/9437/8324
s 1
f 5026/9441/8325 5025/9442/8326 5037/9443/8327
f 5027/9444/8328 5026/9441/8325 5037/9443/8327
f 5028/9445/8329 5027/9444/8328 5037/9443/8327
f 5029/9446/8330 5028/9445/8329 5037/9443/8327
f 5030/9447/8331 5029/9446/8330 5037/9443/8327
f 5025/9442/8326 5030/9447/8331 5037/9443/8327
s 2
f 5031/9448/8332 5032/9449/8333 5038/9450/8334
f 5032/9449/8333 5033/9451/8335 5038/9450/8334
f 5033/9451/8335 5034/9452/8336 5038/9450/8334
f 5034/9452/8336 5035/9453/8337 5038/9450/8334
f 5035/9453/8337 5036/9454/8338 5038/9450/8334
f 5036/9454/8338 5031/9448/8332 5038/9450/8334
g default
v 27.293140 -131.281281 25.394184
v 28.351973 -131.227829 -24.689650
v 27.237680 -130.191010 25.394176
v 28.296513 -130.137558 -24.689657
v 26.147650 -130.246460 25.371071
v 27.206482 -130.193008 -24.712763
v 26.203110 -131.336731 25.371080
v 27.261942 -131.283279 -24.712753
vt 0.243631 0.394741
vt 0.243721 0.310245
vt 0.245561 0.310245
vt 0.245471 0.394741
vt 0.057652 0.293506
vt 0.059438 0.378002
vt 0.057599 0.378041
vt 0.055813 0.293545
vt 0.255053 0.310245
vt 0.255143 0.394741
vt 0.253304 0.394741
vt 0.253214 0.310245
vt 0.067312 0.378002
vt 0.069098 0.293506
vt 0.070937 0.293545
vt 0.069151 0.378041
vt 0.306926 0.987180
vt 0.305087 0.987274
vt 0.304993 0.985435
vt 0.306832 0.985341
vt 0.297121 0.985341
vt 0.298960 0.985435
vt 0.298867 0.987274
vt 0.297028 0.987180
vn 0.998485 0.050791 0.021163
vn 0.998485 0.050791 0.021163
vn 0.998485 0.050791 0.021163
vn 0.998485 0.050791 0.021163
vn -0.050805 0.998709 -0.000008
vn -0.050805 0.998709 -0.000008
vn -0.050805 0.998709 -0.000008
vn -0.050805 0.998709 -0.000008
vn -0.998485 -0.050790 -0.021164
vn -0.998485 -0.050790 -0.021164
vn -0.998485 -0.050790 -0.021164
vn -0.998485 -0.050790 -0.021164
vn 0.050805 -0.998709 0.000009
vn 0.050805 -0.998709 0.000009
vn 0.050805 -0.998709 0.000009
vn 0.050805 -0.998709 0.000009
vn 0.021137 0.001067 -0.999776
vn 0.021137 0.001067 -0.999776
vn 0.021137 0.001067 -0.999776
vn 0.021137 0.001067 -0.999776
vn -0.021139 -0.001067 0.999776
vn -0.021139 -0.001067 0.999776
vn -0.021139 -0.001067 0.999776
vn -0.021139 -0.001067 0.999776
s off
g pCube35 polySurface187
usemtl initialShadingGroup
f 5039/9455/8339 5040/9456/8340 5042/9457/8341 5041/9458/8342
f 5041/9459/8343 5042/9460/8344 5044/9461/8345 5043/9462/8346
f 5043/9463/8347 5044/9464/8348 5046/9465/8349 5045/9466/8350
f 5045/9467/8351 5046/9468/8352 5040/9469/8353 5039/9470/8354
f 5040/9471/8355 5046/9472/8356 5044/9473/8357 5042/9474/8358
f 5045/9475/8359 5039/9476/8360 5041/9477/8361 5043/9478/8362
